"","time.min","run.1_66","run.1_37","run.1_3","run.1_25","run.1_15","run.1_5","run.1_36","run.1_49","run.1_55","run.1_HT.control.1","run.10_60","run.10_67.r2","run.10_31","run.10_16.r2","run.10_33","run.10_22","run.10_18","run.10_29","run.10_53.r2","run.10_AT.control.10","run.11_8","run.11_22.r2","run.11_AT.control.3.b","run.11_AT.control.4.b","run.11_AT.control.5.b","run.11_AT.control.6.b","run.11_AT.control.7.b","run.11_AT.control.8.b","run.11_AT.control.9.b","run.11_AT.control.10.b","run.12_AT.control.1.c","run.12_AT.control.2.c","run.12_AT.control.3.c","run.12_AT.control.4.c","run.12_AT.control.5.c","run.12_AT.control.6.c","run.12_AT.control.7.c","run.12_AT.control.8.c","run.12_AT.control.9.c","run.12_AT.control.10.c","run.13_HT.control.1.b","run.13_HT.control.2.b","run.13_HT.control.3.b","run.13_HT.control.4.b","run.13_HT.control.5.b","run.13_HT.control.6.b","run.13_HT.control.7.b","run.13_HT.control.8.b","run.13_HT.control.9.b","run.13_HT.control.10.b","run.2_11","run.2_64","run.2_57","run.2_71","run.2_62","run.2_59","run.2_48","run.2_42","run.2_63","run.2_HT.control.2","run.3_61","run.3_46","run.3_69","run.3_45","run.3_10","run.3_J4-2","run.3_34","run.3_72","run.3_21","run.3_HT.control.3","run.4_4","run.4_30","run.4_40","run.4_17","run.4_2","run.4_51","run.4_20","run.4_44","run.4_28","run.4_23","run.5_HT.control.1.a","run.5_HT.control.2.a","run.5_HT.control.3.a","run.5_HT.control.4.a","run.5_HT.control.5.a","run.5_HT.control.6.a","run.5_HT.control.7.a","run.5_HT.control.8.a","run.5_HT.control.9.a","run.5_HT.control.10.a","run.6_54","run.6_32","run.6_65","run.6_41","run.6_9","run.6_902","run.6_6","run.6_13","run.6_35","run.6_12","run.7_43","run.7_47","run.7_26","run.7_70","run.7_68","run.7_27","run.7_14","run.7_58","run.7_38","run.7_50","run.8_AT.control.1.a","run.8_AT.control.2.a","run.8_AT.control.3.a","run.8_AT.control.4.a","run.8_AT.control.5.a","run.8_AT.control.6.a","run.8_AT.control.7.a","run.8_AT.control.8.a","run.8_AT.control.9.a","run.8_AT.control.10.a","run.9_56","run.9_67","run.9_39","run.9_50.r2","run.9_53","run.9_52","run.9_1","run.9_16","run.9_19","run.9_24"
"1",0,76.451,149.833,94.654,75.532,76.278,159.628,86.499,88.61,93.504,78.887,199.99,203.04,204.638,201.323,190.257,208.261,197.701,228.336,189.281,203.824,203.188,202.873,215.119,192.725,191.018,208.259,206.613,225.675,204.086,196.632,164.565,163.129,163.445,165.046,154.939,172.918,170.535,184.459,175.09,165.754,162.613,163.166,163.197,164.344,155.725,177.037,177.415,194.476,181.983,181.742,187.304,162.224,175.013,165.653,169.542,171.722,164.077,203.645,166.519,176.828,154.1125,173.333,168.111,190.786,169.047,187.584,180.322,198.486,184.922,174.601,188.592,183.414,175.17,191.512,175.217,188.715,179.796,198.467,180.347,184.853,163.649,161.413,165.648,161.549,159.88,178.876,164.538,177.062,165.96,167.708,189.076,191.061,188.273,192.302,183.714,194.517,185.974,201.208,186.266,190.328,174.484,183.219,185.518,175.96,182.898,185.957,178.202,194.027,180.767,179.354,207.412,207.931,201.231,203.462,196.631,193.807,205.699,225.451,201.505,201.379,202.334,201.854,198.41,199.727,189.621,190.739,202.696,217.096,196.534,200.307
"2",0.05,76.389,76.819,93.619,74.73,76.646,82.053,84.255,88.226,93.564,78.859,199.5,203.122,202.642,200.695,192.55,208.321,197.847,227.191,190.818,203.25,202.833,202.003,215.352,192.058,191.361,207.993,206.794,225.453,204.546,196.741,164.619,162.381,163.251,165.71,154.683,173.096,170.76,186.317,175.149,165.812,162.51,164.718,163.279,164.827,156.211,176.863,176.801,193.193,179.839,180.44,95.551,161.124,176.305,165.003,170.772,171.342,164.001,203.561,166.276,176.737,163.09375,172.341,167.752,190.276,168.362,187.213,180.236,198.628,184.237,174.442,188.404,183.517,176.839,191.744,175.685,188.405,179.813,199.723,180.13,182.613,163.563,161.043,165.177,161.197,159.497,178.455,164.186,177.149,166.112,167.176,188.896,190.186,189.422,193.132,184.401,194.295,185.787,202.545,185.825,190.093,174.45,183.14,184.385,176.968,182.888,185.894,178.152,194.537,180.029,179.266,207.464,207.283,199.589,204.288,197.838,193.398,205.704,226.807,202.76,201.407,202.245,200.998,197.602,199.907,187.751,190.421,202.781,217.024,196.994,200.061
"3",0.1,76.356,76.979,94.059,74.477,76.276,82.046,84.172,88.387,93.73,78.759,199.543,202.723,203.781,201.016,190.054,208.143,197.662,227.86,190.061,203.062,202.9,202.449,214.76,192.624,189.518,207.917,206.792,224.895,204.437,196.592,164.497,161.209,162.977,165.59,156.001,173.014,170.575,185.34,175.316,165.886,162.642,163.86,163.603,164.793,154.775,176.653,176.426,192.782,179.181,179.418,95.496,161.337,175.712,165.335,170,170.938,164,202.99,166.235,176.761,171.997,173.026,168.923,189.662,168.182,186.96,180.222,198.627,185.333,174.295,188.579,182.202,175.589,191.977,175.512,188.125,179.834,198.618,179.83,182.278,163.572,162.507,166.415,161.655,160.499,177.903,163.814,176.299,164.979,166.697,188.819,191.04,188.722,192.76,183.811,194.019,185.709,201.635,186.087,189.942,174.304,182.42,184.532,175.73,183.495,185.555,178.068,193.543,179.91,179.113,207.383,207.532,199.752,203.228,195.418,193.13,205.842,226.915,202.102,201.179,201.96,200.623,197.852,199.136,187.839,190.354,202.831,217.231,196.857,199.82
"4",0.15,76.318,77.347,92.745,74.766,75.655,81.925,84.091,88.507,93.244,78.804,199.236,201.667,201.362,200.584,190.562,207.899,197.759,226.735,190.12,203.164,202.693,204.325,214.411,191.684,192.455,207.955,206.911,224.149,203.708,196.522,164.544,162.376,162.946,165.904,155.76,173.01,170.683,184.964,175.117,165.639,162.527,163.465,163.38,164.194,154.677,176.106,175.712,192.389,177.439,178.526,95.408,161.255,174.316,163.205,170.402,170.721,163.807,201.372,166.041,176.651,172.075,171.123,168.239,190.862,165.979,186.625,180.038,197.006,184.346,174.523,188.216,183.031,175.168,190.462,174.138,187.802,179.752,197.614,180.1,182.099,163.499,162.14,166.89,161.21,160.442,177.374,163.594,176.118,164.768,165.885,188.83,189.935,189.22,193.194,182.443,193.832,185.729,202.681,185.651,189.574,174.177,183.341,184.901,174.836,182.675,185.306,177.86,192.792,180.116,178.725,207.172,208.557,198.416,202.921,194.941,192.82,205.901,227.046,201.531,201.003,202.029,200.95,197.503,199.134,186.643,190.141,202.799,216.632,195.978,199.735
"5",0.2,76.293,77.077,93.382,74.847,76.007,81.849,84.056,88.414,93.696,78.807,199.211,203.187,201.432,200.984,191.392,207.903,197.415,228.345,190.222,203.097,202.921,201.255,215.215,192.574,190.503,207.892,206.768,226.01,203.062,196.509,164.591,163.076,163.11,165.886,154.358,173.085,170.564,185.915,175.732,165.72,162.551,163.268,162.775,164.917,154.437,176.055,175.14,191.642,176.897,177.533,95.383,161.461,176.242,164.602,169.4,170.335,163.774,201.375,166.825,176.734,171.799,172.373,167.502,189.447,167.312,186.557,179.777,198.039,184.103,174.491,188.246,180.632,174.526,191.449,177.061,187.621,179.631,198.282,179.545,181.702,163.472,162.062,165.61,162.054,161.533,176.931,163.52,176.112,164.757,165.507,188.784,191.449,189.024,192.475,183.921,193.861,185.829,202.404,185.682,189.261,174.209,181.569,185.85,175.756,183.308,185.054,177.939,194.447,179.603,178.649,207.275,207.821,201.141,203.74,195.852,192.712,205.971,227.047,201.2,201.104,201.952,199.482,198.024,198.986,190.545,190.015,202.552,217.031,196.147,98.212
"6",0.25,76.168,76.709,93.124,74.456,76.212,81.737,83.943,88.653,93.607,78.81,199.284,202.118,201.038,200.678,190.467,208.013,197.451,227.698,190.713,203.131,202.861,202.858,213.757,192.151,190.83,207.849,207.04,225.189,203.611,196.552,164.485,162.476,164.682,165.347,155.901,173.053,170.683,184.243,175.211,165.848,162.434,164.244,162.786,163.869,154.843,175.933,174.846,191.479,176.143,176.651,95.279,161.115,175.085,164.453,169.938,169.751,163.923,203.163,166.194,176.541,171.801,172.628,167.144,190.026,169.028,186.109,179.682,199.028,184.258,174.196,188.222,183.504,175.037,191.465,174.205,187.262,179.541,197.294,180.375,181.731,163.422,162.645,166.444,160.633,159.342,176.592,163.484,175.235,164.172,165.223,188.455,190.984,188.315,191.556,183.227,193.724,185.786,202.567,185.594,189.129,174.083,182.14,184.989,175.182,182.9,184.913,177.854,194.307,180.014,178.602,207.27,206.539,199.733,203.593,197.064,192.512,205.654,226.136,202.389,201.193,201.898,202.042,197.722,200.306,190.112,189.657,202.595,218.986,196.017,199.571
"7",0.3,76.157,76.516,92.882,74.587,76.052,81.656,83.888,88.397,93.089,78.77,199.228,201.109,202.177,201.386,190.011,207.84,197.457,226.115,190.16,203.106,202.772,202.296,214.899,192.053,189.665,207.972,206.615,224.785,203.633,196.468,164.538,161.532,163.495,165.054,154.326,172.896,170.797,185.673,174.965,165.863,162.38,163.141,164.147,164.832,154.032,175.726,174.48,190.386,174.922,175.752,95.249,161.212,173.968,164.432,167.324,169.416,163.899,201.787,165.614,176.684,171.919,172.577,167.292,190.279,168.08,185.879,179.878,198.682,184.14,174.178,188.126,182.79,174.802,190.321,175.585,187.196,179.653,198.24,179.963,181.519,163.396,161.562,166.59,160.34,159.498,175.908,163.166,176.181,163.31,164.772,188.554,191.852,188.118,192.141,184.231,193.549,185.587,201.367,185.369,189.107,174.014,182.498,184.641,175.177,184.023,184.747,177.893,194.05,179.157,178.452,207.234,206.628,201.013,204.156,196.945,192.23,205.803,227.177,201.576,201.172,201.82,200.518,196.767,199.399,188.261,189.671,202.326,216.894,196.443,199.393
"8",0.35,76.155,76.323,92.497,74.498,75.505,81.592,83.822,88.083,93.535,78.809,199.094,203.687,201.845,201.207,189.409,207.895,197.261,228.451,190.062,203.117,202.781,202.676,214.808,191.548,189.494,207.865,206.968,225.341,203.111,196.328,164.548,163.068,164.674,165.638,154.725,173.051,170.597,184.824,175.496,165.699,162.467,163.683,161.792,163.934,154.58,175.459,173.83,189.412,173.208,174.926,95.184,161.202,173.158,164.032,168.489,169.05,163.721,199.86,166.407,176.567,171.771,169.876,168.057,190.115,167.256,185.691,179.426,197.329,182.951,174.198,188.111,181.845,175.643,190.183,172.742,186.791,179.582,197.157,179.647,181.238,163.319,162.8,165.318,159.97,159.695,175.619,163.035,176.7,163.365,164.195,188.466,190.211,187.619,191.611,184.55,193.316,185.432,202.402,185.321,188.801,173.989,182.364,184.477,175.289,184.122,184.551,177.891,194.245,179.174,178.17,207.211,207.594,199.67,203.548,196.539,192.012,205.73,226.093,202.389,201.133,201.934,200.249,197.134,199.127,188.156,189.46,202.325,217.681,196.147,199.429
"9",0.4,76.054,76.881,92.965,74.613,76.728,81.552,83.758,88.652,93.264,78.739,199.052,202.902,202.862,200.194,190.26,207.637,197.241,227.965,190.381,202.95,202.584,202.171,215.397,192.253,190.387,207.75,206.843,224.732,203.018,196.502,164.612,162.467,163.129,165.002,155.559,172.955,170.581,185.463,174.578,165.767,162.424,163.322,162.547,164.723,153.691,175.154,173.597,188.528,173.747,174.261,95.064,161.351,173.243,163.729,168.495,86.97,163.739,202.06,166.143,176.691,171.71,171.923,168.299,189.256,167.729,185.47,179.524,198.087,184.019,174.15,187.947,182.356,175.321,191.056,174.689,186.598,179.662,198.331,179.412,181.122,163.278,162.137,166.487,161.534,160.252,175.153,163.019,177.516,162.808,163.916,188.601,191.549,187.585,191.865,182.133,193.411,185.412,202.018,184.388,188.552,173.917,181.266,184.348,175.376,182.485,184.403,177.933,194.397,178.821,178.059,207.114,207.509,201.104,204.015,197.045,191.757,205.782,226.174,201.481,201.214,201.874,200.609,196.155,199.177,190.993,189.225,202.336,217.224,195.79,199.219
"10",0.45,76.06,76.38,92.425,74.424,75.321,81.472,83.68,87.812,93.459,78.75,198.962,202.278,202.718,199.924,189.993,207.742,197.186,229.087,190.022,202.921,202.606,202.213,216.831,191.329,189.689,207.773,206.93,226.296,202.798,196.337,164.629,162.06,162.512,164.579,154.469,172.995,170.728,186.021,175.051,165.762,162.431,162.538,163.309,164.038,154.334,174.95,173.15,188.652,173.394,173.742,95.033,160.3,173.608,164.428,168.792,168.543,163.76,199.992,165.871,176.544,171.666,173.035,167.361,190.076,167.04,185.421,179.292,197.743,183.888,174.103,187.914,183.721,175.985,191.924,174.746,186.471,179.451,197.101,179.876,180.962,163.33,161.416,165.751,160.46,160.523,174.942,162.783,177.39,161.842,163.566,188.253,188.559,189.217,192.728,184.552,193.099,185.51,201.132,185.422,188.569,173.974,180.694,184.812,176.175,182.685,184.293,177.737,193.812,178.59,177.943,207.113,205.723,200.499,202.632,198.29,191.928,205.777,226.38,202.277,201.184,201.78,199.953,196.767,200.52,187.999,189.097,202.332,216.706,196.106,198.967
"11",0.5,76.039,76.686,92.747,74.298,75.777,81.432,83.69,88.21,93.144,78.764,198.832,202.663,202.814,200.451,190.298,207.715,197.316,226.411,189.348,203.012,202.624,202.638,214.976,191.667,190.086,207.72,206.891,224.875,204.041,196.442,164.542,162.27,163.973,165.114,155.763,172.995,170.602,185.654,175.27,165.8,162.301,162.507,162.981,163.675,153.849,174.895,172.824,187.567,172.673,173.189,94.938,161.62,173.918,164.629,166.683,168.297,163.731,199.966,165.872,176.539,171.582,171.592,168.468,190.887,168.092,185.361,179.324,199.101,183.415,174.085,187.798,182.859,174.291,189.849,174.773,186.011,179.469,197.414,179.644,180.777,163.319,162.504,165.811,160.019,159.827,174.391,162.651,176.593,161.367,163.254,188.176,190.237,187,191.381,183.92,192.957,185.29,201.604,184.672,188.298,173.928,181.466,184.648,175.454,181.085,184.205,177.765,193.471,178.491,177.821,207.096,208.178,202.472,205.055,199.33,191.403,205.641,227.15,202.035,201.179,201.829,198.793,196.405,198.397,188.014,188.71,202.261,217.359,196.176,198.989
"12",0.55,76.164,76.598,92.031,74.444,75.26,81.414,83.655,87.983,93.164,78.752,198.864,202.783,202.211,200.817,189.967,207.677,197.258,227.675,189.802,202.907,202.627,202.376,214.233,192.087,190.092,207.767,206.849,225.042,204.007,196.346,164.488,162.517,162.642,165.523,155.721,172.969,170.761,184.363,175.205,165.796,162.377,163.928,162.258,163.732,154.678,174.759,172.709,188.411,172.053,172.47,94.905,161.323,173.871,163.832,167.402,167.944,163.577,199.432,165.258,176.657,171.648,173.035,169.547,189.597,165.184,185.018,179.33,197.818,183.806,174.017,187.813,180.281,175.84,191.205,174.775,185.858,179.565,198.239,180.115,180.739,163.29,162.365,165.545,160.735,158.192,174.071,162.58,175.554,161.196,162.871,188.133,190.122,188.005,192.056,184.13,192.98,185.436,201.583,184.517,188.208,173.782,182.206,185.39,174.591,182.283,183.883,177.574,193.413,178.415,177.756,207.231,206.97,203.108,202.844,197.906,191.334,205.654,227.323,201.702,201.165,201.709,200.146,196.937,198.737,187.308,188.399,202.008,216.603,195.605,198.894
"13",0.6,76.02,76.401,92.808,74.342,76.28,81.332,83.576,88.109,93.286,78.763,198.832,202.708,203.486,200.806,191.568,207.748,197.063,227.499,189.029,203.033,202.516,202.128,215.115,192.322,190.153,207.701,206.929,225.787,203.729,196.258,164.486,161.838,163.759,165.056,156.619,172.986,170.693,184.98,174.377,165.729,162.285,163.285,162.799,164.553,154.928,174.631,172.451,187.454,171.533,171.867,94.847,160.978,173.775,163.79,168.412,167.579,163.906,201.608,166.008,176.41,171.602,171.907,166.8,189.596,166.286,184.685,179.25,198.206,183.159,174.139,187.702,184.004,174.758,190.561,175.902,185.726,179.472,196.715,178.834,180.45,163.217,163.374,166.209,159.407,160.381,173.64,162.523,175.9,160.851,162.618,188.036,191.728,189.096,191.41,183.317,192.681,185.097,200.158,185.47,188.035,173.852,181.833,185.923,175.286,182.173,183.744,177.67,193.909,178.415,177.496,207.11,207.179,200.097,204.035,195.955,191.102,205.677,227.809,201.282,201.081,201.577,201.84,198.003,198.355,189.348,188.371,202.241,216.507,195.686,198.961
"14",0.65,75.943,76.767,92.615,74.277,76.097,81.263,83.458,87.877,93.249,78.728,198.734,201.622,202.035,201.425,191.196,207.741,197.172,228.355,189,203.004,202.513,202.574,214.453,193.208,191.464,207.719,206.91,224.372,203.724,196.243,164.515,162.384,163.071,165.704,155.224,173.027,170.727,184.756,175.271,165.668,162.206,163.285,162.841,163.524,154.934,174.337,172.159,187.215,171.93,171.304,94.843,161.608,174.503,163.936,166.057,167.294,163.627,200.281,166.121,176.621,171.615,171.754,167.189,189.315,166.749,184.712,179.063,198.204,182.781,174.153,187.87,181.192,174.582,190,176.842,185.478,179.462,197.955,180.033,180.496,163.178,162.625,166.5,159.497,158.896,173.325,162.576,176.361,161.884,162.485,187.973,191.018,187.916,192.47,181.686,192.711,185.26,201.958,184.115,187.963,173.662,181.672,183.835,174.468,181.084,183.666,177.714,193.573,178.588,177.394,207.14,206.879,201.046,203.36,196.591,190.988,205.805,227.009,202.195,201.075,201.743,200.261,197.009,198.393,187.195,188.251,202.02,216.392,196.308,198.806
"15",0.7,75.951,76.422,92.295,73.926,75.735,81.131,83.412,88.185,93.045,78.725,198.66,203.372,201.785,200.093,189.675,207.474,196.943,226.079,189.97,202.944,202.494,203.41,218.049,191.656,189.761,207.574,206.875,226.007,203.037,196.339,164.434,163.643,162.787,165.262,155.511,173.001,170.823,186.293,174.688,165.736,162.301,164.105,163.869,165.001,154.074,174.312,171.947,188.446,171.094,170.926,94.774,161.04,89.02,163.405,168.603,167.003,163.734,197.644,165.588,176.507,171.547,172.312,167.275,189.701,165.976,184.454,179.108,197.867,182.608,174.165,187.655,181.471,176.394,190.666,174.733,185.395,179.368,197.623,178.662,180.144,163.167,162.206,165.248,160.438,160.992,172.968,162.307,176.134,161.476,162.219,187.893,191.486,186.826,191.32,183.359,192.594,185.175,201.371,183.814,187.877,173.734,180.922,184.122,174.664,180.864,183.498,177.553,193.661,178.088,177.499,207.043,206.942,200.766,203.078,196.068,191.011,205.803,226.1,201.23,201.108,201.622,199.755,198.34,198.347,188.276,188.147,202.048,217.252,195.368,198.635
"16",0.75,75.889,76.139,92.46,74.174,75.039,81.079,83.476,88.276,92.824,78.682,198.651,202.232,202.815,199.469,188.96,207.644,196.918,226.456,189.099,202.886,202.508,202.773,216.154,192.063,190.457,207.576,206.63,225.713,203.348,196.318,164.462,162.371,162.52,165.709,154.885,173.03,170.673,186.193,174.521,165.663,162.258,162.52,163.649,165.046,154.352,174.109,171.881,186.13,170.846,170.487,94.69,162,88.995,164.543,167.314,166.722,163.743,198.759,165.109,176.505,171.542,172.015,166.337,190.115,166.834,184.163,179.149,197.826,182.184,174.081,187.623,182.308,173.847,189.442,173.602,185.173,179.515,197.31,179.451,180.075,163.181,162.592,165.93,160.152,160.657,172.756,162.113,176.296,161.266,162.019,187.771,189.205,187.868,192.308,182.903,192.491,185.084,202.305,184.929,187.524,173.666,180.879,185.555,174.603,182.762,183.453,177.623,192.742,177.886,177.345,207.244,206.604,201.077,203.395,195.818,190.78,205.731,226.579,201.153,201.231,201.587,200.845,196.913,198.779,187.311,187.909,201.771,217.921,195.632,198.584
"17",0.8,75.837,76.527,91.687,73.734,76.031,81.047,83.419,88.313,92.792,78.756,198.641,203.344,203.626,200.263,190.079,207.645,196.934,225.871,188.995,202.772,202.485,201.896,214.678,191.66,192.057,207.54,206.971,224.619,203.78,196.234,164.431,162.766,163.422,165.783,155.029,173.117,170.638,185.019,174.694,165.746,162.229,163.217,163.149,163.514,154.136,173.939,171.623,187.339,170.962,170.09,94.624,160.66,88.552,163.397,166.396,166.35,163.609,198.957,164.775,176.382,171.578,171.037,166.62,190.142,167.108,184.097,178.984,196.865,182.887,174.013,187.533,181.574,174.767,191.255,176.252,184.995,179.291,196.708,178.821,179.879,163.156,162.201,166.219,158.92,160.138,172.187,162.391,176.047,161.222,161.768,187.755,189.981,186.809,192.353,180.789,192.428,185.066,201.188,184.305,187.432,173.563,181.143,184.933,173.784,181.772,183.314,177.619,191.646,177.644,177.348,207.058,207.127,199.302,203.961,197.798,190.611,205.724,227.819,201.378,201.154,201.64,200.698,197.285,198.64,189.501,187.858,202.049,216.383,195.777,198.51
"18",0.85,75.821,76.459,92.664,73.918,75.535,81.037,83.31,88.228,92.724,78.692,198.615,204.224,202.153,200.619,191.264,207.631,196.787,228.25,189.472,202.892,202.417,203.679,215.375,191.507,191.179,207.553,206.922,224.985,202.792,196.361,164.521,162.494,162.51,165.944,155.404,173.087,170.695,184.331,174.059,165.685,162.2,162.888,164.291,164.227,154.978,173.856,171.54,187.008,170.228,169.696,94.565,161,172.603,164.12,166.375,166.034,163.601,197.889,165.218,176.557,171.345,171.393,167.038,188.996,167.14,183.834,178.898,195.899,183.678,173.959,187.56,181.862,173.141,191.363,174.615,184.81,179.188,199.256,179.31,179.85,163.03,162.215,165.665,160.3,160.242,171.962,162.207,175.818,160.933,161.489,187.663,190.245,186.841,192.891,181.604,192.338,185.13,200.118,183.873,187.238,173.508,181.345,183.456,174.553,181.157,183.089,177.457,192.379,177.865,177.131,207.016,207.519,199.705,203.435,195.162,190.459,205.755,226.834,200.499,201.049,201.562,201.227,198.015,197.737,187.263,187.647,201.984,216.805,196.183,198.529
"19",0.9,75.797,75.926,92.581,73.922,75.216,80.994,83.38,87.63,92.406,78.75,198.504,202.39,201.125,201.158,187.482,207.692,196.75,227.861,189.218,203.014,202.381,201.7,216.78,191.587,188.776,207.446,206.815,224.317,203.268,196.333,164.423,163.428,162.372,164.829,154.929,173.079,170.767,185.084,175.384,165.743,162.101,163.655,162.307,163.895,153.881,173.783,171.465,186.556,170.651,169.459,94.495,161.116,173.2,164.16,167.88,165.852,163.669,197.824,164.836,176.491,171.366,172.103,166.755,188.271,165.95,183.88,179.036,196.28,182.582,173.958,187.329,182.282,175.018,190.561,174.989,184.549,179.191,196.334,179.305,179.598,163.009,161.311,166.428,159.701,159.106,171.814,162.149,175.279,160.873,161.41,187.505,190.25,187.455,191.04,182.34,192.291,185.105,201.242,184.509,187.136,173.465,181.146,184.149,174.733,182.332,182.906,177.682,192.862,177.464,176.969,207.15,207.925,200.869,202.225,196.448,190.263,206.124,226.938,201.629,201.034,201.601,200.711,195.753,198.543,187.295,187.493,201.561,215.653,196.019,198.389
"20",0.95,75.739,76.445,92.685,73.551,75.212,80.898,83.268,87.762,92.607,78.761,198.43,201.928,202.93,201.195,189.944,207.45,196.564,226.808,189.362,203.001,202.186,200.973,215.101,191.782,191.03,207.458,206.911,226.437,203.84,196.084,164.367,162.072,162.559,165.506,154.672,173.049,170.527,184.483,173.878,165.583,162.12,162.623,162.487,164.498,154.192,173.773,171.419,185.768,169.904,168.943,94.491,161.696,172.621,163.712,166.047,165.435,163.605,198.135,164.815,176.538,171.289,172.033,165.653,189.491,165.734,183.533,178.705,196.936,182.73,173.936,187.299,181.707,174.619,189.738,173.046,184.431,179.117,196.963,178.83,179.566,163.038,162.316,166.593,159.824,158.752,171.375,161.967,175.59,160.864,161.267,187.579,190.325,187.142,191.911,180.8,192.07,185.101,201.846,183.821,187.006,173.412,180.826,183.541,173.894,180.649,182.958,177.63,193.271,177.753,176.946,207.051,205.717,199.201,203.759,197.144,190.027,205.687,225.325,201.894,201.233,201.534,200.214,194.548,198.767,188.537,187.246,201.664,215.947,196.387,198.291
"21",1,75.722,76.443,92.271,73.701,75.72,80.812,83.162,87.718,93.281,78.739,198.371,201.321,202.651,199.224,187.735,207.492,196.751,227.365,188.945,202.865,202.102,202.588,216.796,191.89,190.861,207.458,207.042,225.387,204.444,196.156,164.514,162.218,163.507,165.732,155.41,172.937,170.852,185.532,175.067,165.765,162.236,163.117,162.465,164.003,154.985,173.423,171.264,186.269,169.793,168.73,94.452,82.879,172.281,163.336,167.642,165.408,163.529,197.68,165.577,176.581,171.33,171.496,167.081,189.406,167.14,183.355,178.792,196.625,181.894,173.896,187.285,182.051,173.476,189.872,174.2,184.167,179.285,196.944,178.513,179.471,163.113,162.222,166.352,159.382,159.57,171.252,161.983,174.747,161.129,161.077,187.386,190.522,186.678,191.641,181.585,192.226,185.143,201.386,184.584,186.945,173.352,182.184,185.624,173.874,182.767,182.742,177.752,192.535,177.605,176.761,207.178,206.761,200.833,203.967,195.614,189.935,205.549,225.46,201.226,200.876,201.464,199.855,195.836,197.347,187.217,187.298,201.453,217.377,194.34,198.392
"22",1.05,75.663,76.774,92.566,73.472,75.744,80.804,83.167,88.171,92.521,78.746,198.469,203.065,201.21,199.474,191.489,207.446,196.83,226.42,188.952,202.953,202.185,203.849,216.118,191.043,188.667,207.51,206.839,226.408,203.086,196.281,164.575,162.267,164.138,165.891,155.247,173.005,170.725,186.022,175.206,165.65,162.121,162.272,162.006,163.706,152.789,173.35,171.263,185.993,170.638,168.392,94.333,161.657,172.859,162.804,167.16,165.244,163.502,198.223,165.417,176.428,171.28,172.461,166.813,190.141,167.117,183.35,178.69,197.042,182.536,173.935,187.228,181.524,174.512,190.001,173.28,184.146,179.187,196.859,178.933,179.333,163.128,162.339,165.756,159.03,159.746,170.871,162.056,175.086,160.537,160.897,187.519,189.913,187.362,191.848,182.152,192.029,185.011,201.318,183.814,186.906,173.271,181.999,185.083,174.479,182.07,182.823,177.578,192.827,176.896,176.776,206.987,205.549,198.391,203.705,196.677,189.667,205.886,225.195,201.423,201.12,201.399,199.586,195.437,198.155,186.749,187.008,201.655,216.123,195.324,198.268
"23",1.1,75.644,76.459,92.156,73.669,75.706,80.728,83.121,87.633,93.041,78.754,198.271,200.541,203.794,199.12,191.619,207.428,196.59,225.624,188.474,203.021,202.29,201.734,216.64,192.314,189.266,207.449,206.826,225.883,202.953,196.218,164.574,162.798,162.796,165.162,155.922,173.055,170.634,185.133,174.315,165.755,162.18,162.696,162.782,163.161,154.943,173.324,171.108,186.365,169.39,168.017,94.345,161.496,172.878,163.656,165.997,164.86,163.516,196.95,165.748,176.474,171.269,172.145,166.799,189.629,167.031,183.013,178.872,195.706,182.883,174.047,187.166,180.954,175.232,190.684,174.989,184.045,179.211,197.926,179.006,179.289,163.104,161.599,165.136,159.844,158.644,170.814,162.08,176.729,161.056,160.647,187.231,189.999,187.745,191.419,182.345,191.846,184.894,201.845,183.431,186.915,173.19,182.172,184.834,174.391,181.812,182.617,177.629,192.585,177.441,176.656,207.005,207.033,200.736,204.287,195.204,189.572,205.827,227.071,201.238,200.918,201.451,198.244,197.077,198.296,185.595,186.881,201.631,215.072,196.359,198.14
"24",1.15,75.597,76.483,92.049,73.566,74.953,80.681,83.131,87.635,92.796,78.771,198.283,201.167,203.479,199.344,189.779,207.479,196.667,226.696,189.26,202.842,202.33,202.881,215.938,191.257,190.628,207.311,206.949,225.523,203.317,196.158,164.548,161.964,163.198,165.185,155.516,173.048,170.654,184.713,175.367,165.715,162.09,162.379,162.878,164.464,154.035,173.166,170.891,185.423,169.484,167.805,94.293,160.674,171.432,163.198,166.726,164.793,163.377,197.163,165.002,176.469,171.061,170.282,167.221,189.882,167.264,183.002,178.754,195.388,182.47,173.917,187.072,180.592,174.06,190.097,174.796,183.882,179.142,196.615,178.649,179.194,162.971,161.625,165.666,159.498,159.952,170.434,161.905,175.362,160.723,160.652,187.175,190.96,187.659,191.021,181.454,191.759,184.979,201.111,184.116,186.485,173.252,182.007,184.928,174.071,182.341,182.449,177.455,192.955,177.328,176.573,207.111,207.773,200.655,203.325,196.542,189.428,205.801,227.287,201.966,201.204,201.414,200.327,197.055,199.768,187.986,186.78,201.497,215.398,195.286,198.2
"25",1.2,75.582,75.997,92.265,73.52,74.962,80.625,83.055,87.709,92.392,78.734,198.253,201.565,201.878,199.769,189.082,207.493,196.474,228.11,188.227,202.641,202.33,202.637,215.615,191.155,189.704,207.371,207.118,225.036,204.404,196.213,164.401,162.173,163.805,165.499,155.033,173.034,170.883,184.869,174.642,165.764,162.09,162.969,161.874,163.912,153.833,173.088,170.774,183.851,169.993,167.684,182.476,160.65,171.129,163.693,166.449,164.546,163.549,197.205,165.033,176.45,171.11,171.399,166.001,188.783,167.169,182.76,178.608,196.769,182.051,173.881,186.952,180.344,173.633,190.339,173.888,183.758,178.874,196.608,178.086,179.18,163.071,162.058,165.224,159.934,161.783,170.357,161.956,175.562,160.623,160.531,187.094,189.519,186.3,192.847,180.613,191.638,185.046,201.017,183.685,186.613,173.149,180.846,183.874,174.052,180.783,182.267,177.427,192.487,176.673,176.681,206.974,206.199,199.934,202.481,196.873,189.308,205.747,227.288,200.871,201.043,201.387,199.565,195.455,199.072,186.513,186.566,201.47,215.939,195.874,197.997
"26",1.25,75.568,76.395,92.213,73.45,75.774,80.579,83.059,87.729,92.719,78.761,198.118,201.58,201.389,199.999,190.504,207.142,196.538,225.902,188.954,202.82,202.185,202.768,216.591,190.276,190.154,207.24,206.79,224.381,203.294,196.154,164.431,162.95,163.342,164.559,154.489,172.894,170.776,185.185,174.687,165.592,162.087,161.9,163.475,163.883,153.569,173.063,170.579,186.296,168.824,167.349,182.077,160.826,172.133,164.039,165.913,164.384,163.37,196.31,164.442,176.527,171.092,170.816,166.53,189.398,166.299,182.659,178.593,196.266,182.867,173.849,186.976,181.297,174.527,189.119,173.735,183.481,179.051,196.742,178.96,179.113,162.898,162.694,166.347,159.858,159.885,170.069,161.666,175.535,161.071,160.404,187.128,190.527,186.135,191.525,180.96,191.435,184.856,199.862,184.269,186.568,173.163,181.039,185.701,173.863,181.164,182.078,177.524,192.819,177.11,176.494,207.114,206.484,200.081,202.524,195.861,189.212,205.758,228.595,201.576,201.15,201.355,198.277,196.078,199.233,185.663,186.487,201.398,217.597,195.691,197.989
"27",1.3,75.524,76.18,91.5,73.668,74.937,80.54,83.064,87.686,91.999,78.775,198.107,202.261,203.364,200.389,188.973,207.29,196.461,226.7,188.25,202.847,202.183,202.692,216.228,191.274,191.157,207.308,206.772,225.209,202.314,196.197,164.358,162.494,162.984,165.665,154.177,172.946,170.584,185.215,173.502,165.63,162.019,162.991,162.422,164.319,154.124,172.851,170.849,185.316,169.352,167.182,182.004,161.281,171.848,164.201,166.167,164.277,163.5,197.047,164.835,176.413,171.028,171.617,167.27,189.045,166.664,182.469,178.483,197.456,181.66,173.87,186.971,180.265,174.114,189.911,174.25,183.193,178.927,197.295,177.778,178.889,162.947,163.119,164.93,159.536,158.713,169.825,161.768,174.607,159.659,160.283,187.009,190.785,188.084,192.082,181.285,191.368,184.864,202.634,183.482,186.277,173.149,182.094,185.384,173.131,183.435,182.061,177.466,192.952,176.274,176.337,207.091,208.26,199.035,202.931,196.389,188.994,206.024,227.004,201.51,201.091,201.264,199.262,197.353,199.331,186.68,186.271,201.21,216.569,196.674,197.937
"28",1.35,75.482,76.402,91.423,73.229,75.039,80.547,82.975,87.881,92.463,78.729,198.091,201.565,202.346,200.163,189.318,207.332,196.532,226.691,188.774,202.817,202.245,200.644,216.307,192.372,190.736,207.489,206.876,225.058,203.211,196.171,164.402,161.966,163.136,166.028,153.953,172.927,170.645,185.272,174.26,165.59,162.021,162.585,163.058,164.377,153.745,172.865,170.595,186.072,169.269,167.013,181.959,161.289,171.018,162.885,165.44,164.272,163.362,197.742,164.896,176.507,171.097,169.873,166.741,188.789,165.2,182.337,178.433,196.471,181.413,173.778,187.035,181.58,174.28,189.317,172.71,182.961,179.028,196.372,178.172,179.165,162.91,161.888,165.463,159.84,159.637,169.703,161.782,175.48,159.057,160.242,187.104,191.118,187.28,191.777,181.8,191.492,184.996,200.287,183.679,186.102,173.001,181.831,182.728,173.922,181.487,182.01,177.424,194.641,176.225,176.348,206.923,205.848,200.1,204.201,197.579,188.871,205.751,225.867,201.629,201.13,201.251,201.8,197.872,199.928,186.135,186.231,201.28,216.272,195.416,197.839
"29",1.4,75.483,76.451,92.158,73.499,75.345,80.45,82.934,88.201,92.247,78.746,198.096,202.394,200.886,201.333,189.383,207.168,196.246,227.517,189.123,202.893,202.19,201.783,214.461,192.807,189.982,207.272,206.882,224.062,203.385,196.165,164.481,161.927,163.473,165.319,155.37,172.963,170.649,185.35,174.344,165.59,162.183,163.246,163.556,163.768,155.424,172.724,170.582,185.47,169.71,166.697,181.83,161.055,170.398,162.732,166.093,164.182,163.39,196.245,164.098,176.375,171.081,171.464,166.535,188.502,166.724,182.247,178.504,196.703,181.68,173.872,186.896,181.491,174.138,188.407,174.19,182.873,178.799,195.996,178.64,178.768,162.811,162.095,164.973,159.096,160.297,169.438,161.661,175.113,159.408,160.048,186.983,189.287,185.246,191.279,180.814,191.293,184.618,200.351,183.477,186.105,173.031,181.245,184.261,173.071,181.378,181.935,177.431,192.232,175.807,176.171,207.106,207.312,201.693,202.844,196.279,188.876,205.844,226.898,201.824,201.073,201.117,199.813,195.41,198.348,186.054,186.154,201.205,215.699,195.521,197.802
"30",1.45,75.429,75.932,91.771,73.316,75.418,80.436,82.881,87.84,92.06,78.769,197.964,200.88,202.632,199.805,187.625,207.267,196.401,228.114,188.849,202.749,202.164,202.155,216.697,191.924,189.578,207.198,206.994,224.852,203.958,196.155,164.56,162.055,163.493,164.799,156.703,172.947,170.916,185.638,174.339,165.6,161.933,163.244,162.646,163.989,153.914,172.764,170.42,184.863,169.392,166.683,181.615,160.384,170.639,162.906,166.862,163.795,163.426,196.385,163.81,176.412,170.962,170.559,166.295,189.411,166.603,182.136,178.279,196.727,181.716,173.864,186.79,182.135,172.347,191.486,175.156,182.574,178.577,196.056,178.641,178.763,163.025,162.048,165.268,159.452,159.43,169.263,161.731,176.366,159.459,160.071,186.88,190.387,186.687,191.239,182.999,191.388,184.86,199.69,183.296,185.884,172.913,180.955,184.834,173.423,181.577,181.544,177.325,193.681,176.238,176.203,207.04,206.77,200.196,203.048,196.429,188.784,205.833,226.954,202.635,201.033,201.149,200.74,195.178,198.86,187.582,185.945,201.056,216.232,194.906,197.725
"31",1.5,75.39,75.989,91.176,73.487,75.859,80.416,82.819,87.456,92.241,78.763,197.897,201.776,201.559,200.154,187.771,100.483,196.215,227.728,188.881,202.725,202.065,200.849,217.085,191.792,189.287,207.22,207.104,225.274,203.126,196.109,164.36,162.902,163.134,165.233,154.624,173.116,170.771,184.344,174.866,165.632,161.984,161.643,162.103,163.522,154.028,172.719,170.36,184.075,169.079,166.429,181.72,161.186,170.823,163.308,166.796,163.667,163.247,196.734,164.269,176.504,171.12,171.219,165.811,189.536,165.841,181.83,178.329,197.052,181.235,173.856,186.743,181.793,171.56,190.183,172.033,182.459,178.893,197.538,178.98,178.883,162.946,162.344,165.131,159.643,158.715,169.056,161.75,174.938,159.347,159.93,186.736,189.661,187.267,191.202,180.88,191.204,184.826,201.081,183.208,185.968,172.839,180.942,183.119,172.789,182.127,181.536,177.232,192.769,176.14,176.117,206.931,207.38,199.375,203.308,197.073,188.54,206.107,225.599,201.445,200.917,201.287,198.844,196.678,197.431,188.349,186.012,201.074,215.545,195.182,197.593
"32",1.55,75.377,76.177,90.948,73.309,75.732,80.346,82.844,87.346,92.08,78.735,197.972,202.083,201.748,199.725,188.68,100.409,196.293,227.374,188.015,202.964,201.981,201.778,215.643,191.947,189.391,207.222,206.864,225.939,203.319,196.122,164.234,162.365,163.688,165.117,154.864,173.009,170.665,185.208,173.916,165.628,161.973,162.307,162.653,164.526,153.264,172.693,170.433,185.288,169.099,166.378,181.395,159.818,170.403,162.864,166.039,163.608,163.318,196.27,164.626,176.291,171.014,170.496,166.417,189.108,164.66,181.772,178.33,196.989,182.03,173.891,186.766,181.015,173.425,189.648,173.637,182.257,178.708,196.167,178.384,178.61,162.755,161.909,164.815,159.974,160.054,168.786,161.801,175.515,158.637,159.84,186.526,189.485,188.468,190.752,180.908,191.056,184.836,200.736,183.395,185.74,172.855,180.211,184.215,173.475,181.36,181.578,177.355,193.159,175.478,176.071,207.051,207.765,199.5,202.103,195.119,188.518,205.991,226.603,201.068,201.026,201.142,198.799,196.56,197.727,185.573,185.846,201.034,215.063,195.399,197.726
"33",1.6,75.329,76.476,90.896,73.12,75.567,80.248,82.731,87.454,91.907,78.747,197.981,200.956,201.263,199.583,188.827,206.98,196.102,226.405,189.028,202.947,202.098,201.486,216.559,191.865,188.977,207.24,206.966,226.19,203.671,196.129,164.282,162.42,162.052,165.765,154.011,172.974,170.623,185.939,173.9,165.489,161.902,162.943,162.195,163.962,155.061,172.578,170.368,183.682,169.355,166.169,181.393,161.308,171.155,163.56,166.797,163.486,163.316,196.818,164.5,176.492,170.98,170.603,166.142,189.735,166.453,181.646,177.962,194.993,181.538,173.918,186.761,181.537,172.241,188.888,173.56,182.168,178.743,196.7,178.383,178.553,162.837,161.203,165.886,159.441,159.816,168.586,161.643,176.51,158.796,159.791,186.569,191.024,185.942,191.345,178.126,190.9,184.624,200.687,184.267,185.728,172.823,181.046,184.612,172.935,183.649,181.417,177.361,193.223,175.84,175.835,207.099,208.722,200.58,203.305,197.482,188.397,205.881,226.136,201.475,200.995,201.218,198.516,196.686,198.395,187.343,185.71,200.982,216.795,195.833,197.743
"34",1.65,75.328,75.908,91.325,73.15,74.632,80.247,82.694,87.785,91.54,78.734,197.701,202.228,203.047,200.229,191.103,207.002,196.17,228.403,188.456,202.824,201.83,200.737,216.534,190.568,187.917,207.244,206.976,224.933,203.605,196.028,164.432,162.899,163.614,166.084,155.762,173.077,170.708,184.146,174.46,165.581,161.979,163.315,162.088,163.1,154.269,172.518,170.247,183.114,170.22,165.996,181.272,159.398,169.72,162.582,167.107,163.307,163.306,194.653,164.456,176.512,171.039,172.334,165.732,188.299,165.87,181.447,178.326,196.718,181.847,173.835,186.522,181.788,172.615,189.345,175.218,181.993,178.864,197.127,178.281,178.62,162.82,163.357,164.744,159.699,159.955,168.435,161.692,176.339,158.688,159.644,186.544,191.005,186.258,191.17,181.173,190.891,184.64,200.926,183.43,185.535,172.768,180.404,183.928,173.057,182.168,181.373,177.38,192.994,175.128,175.945,206.95,206.678,199.443,204.14,196.993,188.254,205.686,226.382,201.411,201.254,201.168,199.72,196.832,197.748,185.391,185.528,201.015,215.413,195.681,197.619
"35",1.7,75.301,76.037,91.567,73.11,75.251,80.228,82.638,87.821,91.846,78.715,197.815,201.118,201.016,199.276,188.589,206.993,196.067,226.719,187.8,202.628,202.011,201.428,216.482,192.499,188.573,207.11,206.868,225.227,203.619,196.272,164.371,160.832,163.9,166.251,155.439,173.063,170.676,186.107,173.757,165.516,161.978,163.155,163.464,164.574,154.629,172.288,170.379,184.153,168.761,165.972,181.206,160.449,171.144,162.208,165.648,163.08,163.209,196.19,164.317,176.274,170.766,172.23,166.309,188.151,164.1,181.301,178.027,196.203,182.22,173.972,186.687,182.147,173.715,190.285,173.988,181.989,178.68,196.973,177.941,178.414,162.935,162.491,166.246,158.432,160.666,168.374,161.726,174.693,157.683,159.673,186.486,189.914,186.487,191.122,180.621,190.828,184.616,200.104,183.574,185.53,172.684,182.283,182.816,173.176,182.458,181.295,177.638,192.862,175.379,175.766,207.027,208.173,201.002,203.719,195.971,188.206,205.869,226.405,201.216,201.137,201.069,199.133,195.435,198.876,184.254,185.444,201.153,215.534,196.25,197.306
"36",1.75,75.247,76.465,91.461,72.983,75.832,80.184,82.54,87.599,91.893,78.745,197.714,201.395,200.832,198.997,189.383,207.012,196.071,224.865,188.366,202.84,201.782,202.197,216.509,191.428,189.53,207.108,206.969,223.781,203.454,196.229,164.402,162.114,164.179,165.474,155.035,173.027,170.69,184.733,174.202,165.593,161.934,164.373,163.248,163.79,154.849,172.419,170.272,185.968,168.353,165.88,181.163,160.131,169.75,162.686,166.878,162.84,163.215,195.717,164.727,176.407,170.924,170.789,166.406,188.052,164.909,181.101,177.966,195.099,181.341,173.898,186.478,182.635,172.814,189.146,175.801,181.941,178.518,195.913,177.708,178.439,162.922,162.706,165.186,159.084,160.401,168.281,161.71,175.553,157.531,159.467,186.309,190.13,187.421,190.421,180.371,190.826,184.649,200.034,183.585,185.392,172.623,180.28,183.735,173.47,180.784,181.19,177.457,191.682,175.439,175.836,207.046,207.937,199.497,205.028,196.53,188.061,205.847,227.802,202.055,200.904,201.037,198.948,194.044,199.594,184.947,185.248,200.959,216.003,195.589,197.417
"37",1.8,75.204,76.312,91.4,73.066,75.773,80.05,82.555,87.624,91.953,78.749,197.604,200.658,201.342,199.778,190.313,207.004,195.918,226.983,188.659,202.622,201.793,203.114,216.978,191.686,191.24,207.204,206.915,224.846,203.134,196.221,164.248,161.414,163.384,164.986,154.298,173.034,170.704,183.561,174.515,165.668,161.953,163.117,162.394,164.648,154.187,172.274,170.041,184.59,169.309,165.73,181.165,160.238,170.529,163.876,166.2,162.848,163.107,194.818,164.829,176.43,170.809,171.119,166.173,189.19,165.844,180.97,178.043,195.171,181.539,173.884,186.535,181.549,173.36,188.321,173.455,181.618,178.677,196.154,178.178,178.335,162.719,161.786,165.119,159.407,159.272,168.167,161.669,175.671,158.009,159.426,186.36,190.486,186.962,191.458,180.314,190.73,184.416,199.947,184.052,185.344,172.66,180.089,183.394,172.926,179.593,181.045,177.581,193.012,175.209,175.819,206.864,206.906,199.552,204.196,198.273,187.953,205.777,225.575,201.633,201.069,200.983,200.908,194.874,197.555,186.722,185.057,200.867,216.085,194.913,197.45
"38",1.85,75.189,75.875,91.275,72.972,75.476,80.078,82.531,87.898,91.79,78.779,197.614,201.363,202.413,199.676,187.947,207.103,195.954,227.031,187.483,202.713,201.784,201.337,217.161,191.53,191.456,207.043,207.125,226.498,202.966,196.298,164.291,162.468,163.136,164.808,154.858,173.11,170.704,184.484,174.872,165.554,161.916,162.17,162.042,164.088,154.151,172.239,170.13,184.844,168.526,165.749,180.872,161.327,170.635,163.235,163.193,162.589,163.142,194.708,163.886,176.376,170.842,171.558,165.006,188.481,164.979,180.809,177.86,195.349,181.331,173.807,186.43,181.432,173.276,188.644,173.51,181.447,178.527,197.581,177.892,178.335,162.757,162.579,167.138,158.827,162.089,167.882,161.697,175.001,158.472,159.543,186.188,190.813,185.681,191.69,180.473,190.521,184.45,200.435,183.494,185.214,172.539,180.834,183.244,173.231,181.128,180.936,177.501,193.44,175.469,175.692,206.967,207.062,202.388,203.163,195.03,187.963,205.816,227.037,202.284,201.043,201.017,198.717,196.067,198.427,185.142,184.933,201.054,215.076,195.993,197.338
"39",1.9,75.181,76.157,91.315,73.237,75.344,80.009,82.498,87.44,92.313,78.725,197.726,202.035,201.876,199.103,192.238,207.106,195.973,226.724,187.485,202.749,201.916,201.097,217.437,191.463,190.413,207.264,207.071,225.244,203.373,196.057,164.328,162.158,162.616,164.726,155.205,172.98,170.712,184.946,174.616,165.469,161.906,161.823,161.787,163.714,154.208,172.298,170.186,185.666,168.756,165.619,180.693,160.481,170.392,163.098,165.209,162.549,163.118,195.623,163.996,176.395,170.817,170.445,164.621,189.116,166.529,180.787,177.898,195.718,181.25,173.87,186.371,181.719,171.998,188.926,171.952,181.471,178.685,196.953,177.424,178.278,162.743,162.493,165.226,159.061,160.708,167.759,161.567,175.738,158.447,159.305,186.232,188.974,186.711,191.118,181.004,190.56,184.321,200.801,182.393,185.151,172.557,181.83,184.429,173.081,181.548,180.979,177.547,193.036,174.662,175.517,206.991,206.527,200.109,202.59,195.542,187.93,205.665,225.913,202.459,201.061,201.081,199.847,196.593,197.917,185.859,184.873,200.959,215.837,195.396,197.204
"40",1.95,75.208,76.11,90.917,72.916,74.893,79.946,82.467,87.927,91.523,78.73,197.553,201.97,199.777,199.562,189.69,207.12,195.906,227.245,187.694,202.926,201.814,201.55,218.193,192.144,188.987,206.908,206.941,224.845,203.91,196.137,164.243,161.792,163.432,165.108,155.025,172.966,170.494,184.831,173.56,165.455,161.931,163.148,162.427,163.863,152.518,171.994,170.242,184.446,169.097,165.354,180.691,159.822,170.616,162.858,165.093,162.334,163.053,195.254,164.278,176.342,170.864,171.41,165.993,189.569,166.917,180.507,177.947,196.861,181.71,173.921,186.206,181.884,173.891,189.577,173.819,181.156,178.479,195.975,178.897,178.339,162.778,161.726,164.62,158.717,160.885,167.674,161.662,175.685,158.393,159.311,186.186,190.02,185.539,191.472,181.082,190.492,184.583,201.01,183.243,185.299,172.541,181.385,183.784,172.837,181.922,180.93,177.411,192.495,175.445,175.55,207.03,207.133,200.248,203.803,194.947,187.803,205.856,225.703,202.005,201.031,200.959,198.407,195.694,198.377,185.333,184.71,200.688,216.605,195.809,197.15
"41",2,75.135,75.888,90.909,72.998,75.229,79.883,82.464,87.989,91.387,78.745,197.457,199.917,202.365,198.094,188.484,207.091,195.795,225.997,187.843,202.747,201.713,200.802,217.617,190.695,189.769,207.073,206.886,225.143,202.488,196.244,164.346,161.488,164.008,166.237,155.463,172.86,170.5,185.947,174.615,165.524,161.945,163.192,161.332,164.129,153.726,172.031,170.315,184.695,169.664,165.329,180.704,159.949,169.713,162.284,168.934,162.34,163.241,194.381,164.214,176.409,170.712,171.27,166.08,188.078,163.697,180.464,177.886,195.372,181.241,173.768,186.157,181.451,173.26,187.899,174.119,181.193,178.522,195.878,177.672,178.287,162.694,161.86,166.345,158.445,159.966,167.488,161.733,175.542,158.253,159.391,186.213,190.997,187.124,191.566,180.277,190.445,184.377,199.096,183.051,185.132,172.38,182.858,183.836,172.753,182.004,180.685,177.536,193.398,175.164,175.411,206.916,206.761,200.148,203.234,196.165,187.613,205.78,227.105,201.639,200.911,200.901,198.914,196.729,198.153,186.448,184.523,200.725,215.129,195.816,197.056
"42",2.05,75.108,75.795,90.887,72.5,75.123,79.861,82.409,87.601,91.343,78.697,197.462,200.999,202.37,199.133,188.535,207.076,195.767,226.918,188.55,202.64,201.813,201.6,214.588,191.542,189.853,207.011,206.96,222.908,203.858,196.137,164.298,162.596,163.442,164.896,154.224,173.016,170.777,185.784,174.184,165.602,162.006,163.436,162.572,163.546,154.298,172.035,169.922,184.286,168.824,165.24,180.569,160.843,168.295,162.225,168.255,162.164,163.076,195.78,164.243,176.356,170.78,171.904,165.423,189.276,165.907,180.35,177.797,195.264,181.387,173.775,186.123,181.671,172.401,188.357,174.312,181.164,178.396,196.635,178.07,178.067,162.699,162.046,166.05,159.114,159.965,167.571,161.623,174.91,158.046,159.174,185.986,190.376,186.025,191.756,179.418,190.495,184.466,199.13,182.751,185.05,172.302,179.966,183.4,172.56,179.592,180.724,177.361,191.885,174.592,175.349,206.978,206.546,200.218,203.892,195.496,187.559,205.949,226.255,201.986,201.039,200.888,199.75,195.888,198.406,184.601,184.443,200.536,216.645,195.057,197.003
"43",2.1,75.116,76.226,91.466,72.683,74.957,79.866,82.332,87.399,91.674,78.736,197.323,200.839,201.378,199.039,189.071,206.917,195.689,225.614,187.794,202.699,201.749,200.551,216.704,191.245,192.19,206.997,207.177,223.595,203.883,196.289,164.332,161.888,164.439,165.136,154.666,173.052,170.732,185.525,174.679,165.532,161.817,164.413,162.617,164.036,154.838,172.024,170.091,183.059,169.475,165.278,180.4,161.14,169.677,161.876,166.873,162.069,163.015,195.706,164.534,176.386,170.619,171.852,165.496,188.528,164.461,180.241,177.763,196.746,179.897,173.936,186.268,182.386,173.079,188.304,175.232,180.991,178.505,197.129,178.019,178.145,162.722,161.963,165.803,158.209,158.973,167.408,161.565,175.879,158.479,159.15,185.987,189.716,186.257,190.735,179.727,190.25,184.285,200.17,183.849,184.864,172.418,180.347,184.782,172.903,181.184,180.388,177.399,192.223,175.02,175.524,206.938,207.027,201.501,203.971,198.184,187.474,206.006,228.103,201.322,201.058,200.866,200.704,196.442,196.792,186.22,184.391,200.718,215.13,195.581,197.141
"44",2.15,75.017,76.07,91.425,72.651,75.081,79.811,82.307,87.325,91.365,78.728,197.425,200.389,203.142,198.871,189.127,207.02,195.808,226.753,188.278,202.625,201.841,200.688,217.896,191.895,190.632,206.926,207.104,224.818,203.373,196.104,164.202,163.205,163.006,165.141,154.698,173.149,170.816,185.485,174.776,165.484,161.847,163.127,162.823,163.898,153.784,171.919,170.127,185.053,169.292,165.152,180.278,160.66,168.273,161.692,165.072,161.913,162.999,195.255,164.755,176.439,170.653,171.635,164.7,188.44,164.896,179.972,177.777,195.685,181.282,173.874,186.187,181.44,172.968,188.479,171.617,180.839,178.418,197.724,176.995,177.893,162.664,162.506,166.138,157.821,159.306,167.2,161.641,174.752,157.533,159.148,186.05,188.986,185.942,191.361,180.037,190.283,184.346,199.939,182.774,184.818,172.321,180.586,182.982,172.489,180.479,180.394,177.323,191.942,174.961,175.42,206.885,207.281,201.574,204.149,196.763,187.492,205.909,226.903,201.268,200.934,200.965,198.74,195.294,197.877,186.428,184.165,200.43,214.555,194.617,196.926
"45",2.2,75.006,75.732,91.514,72.778,75.09,79.765,82.263,87.523,91.664,78.771,197.458,201.947,200.916,199.762,186.939,206.814,195.888,226.269,186.744,202.746,201.717,201.914,215.724,190.85,189.054,206.999,207.052,224.988,203.263,196.069,164.329,162.563,163.247,165.466,155.709,172.962,170.609,185.737,174.369,165.447,161.922,163.474,162.409,163.624,155.236,171.958,169.972,184.993,168.54,164.998,180.127,161.27,168.471,163.075,165.575,161.813,163.035,195.217,164.084,176.489,170.592,170.825,165.565,188.039,164.818,179.796,177.746,195.397,180.346,173.881,186.043,181.985,171.845,189.624,171.964,180.665,178.385,196.001,177.551,178.125,162.563,161.006,165.449,158.723,159.555,167.219,161.609,176.629,158.022,158.991,185.719,188.12,188.14,191.378,178.497,190.139,184.357,199.915,182.212,184.706,172.354,179.557,183.825,171.875,179.947,180.288,177.318,191.326,174.541,175.191,206.934,208.621,202.054,203.853,196.42,187.414,205.716,224.971,201.047,201.148,200.803,198.692,196.527,197.454,183.891,184.045,200.55,214.797,195.361,196.992
"46",2.25,74.958,76.3,90.553,72.53,75.391,79.74,82.148,87.846,91.581,78.791,197.265,200.705,201.4,199.263,188.232,206.729,195.843,226.69,187.562,202.693,201.767,201.536,216.708,191.889,190.987,206.847,206.93,224.779,203.157,196.179,164.29,162.949,163.291,164.547,155.645,173.019,170.588,184.605,174.244,165.485,161.881,162.346,162.338,164.14,154.51,171.797,169.778,184.595,169.244,165.045,179.979,160.566,167.966,162.147,166.064,161.438,163.058,195.586,164.527,176.501,170.541,170.864,166.137,187.639,165.354,179.823,177.559,195.617,180.933,173.83,186.081,180.87,172.705,189.237,174.587,180.603,178.416,195.263,177.768,178.034,162.727,161.672,166.154,158.726,161.392,166.988,161.668,174.569,158.295,159.057,185.619,190.108,186.858,190.954,177.767,190.158,184.408,199.276,182.705,184.598,172.278,179.572,182.842,172.199,180.828,180.271,177.176,192.286,174.874,175.26,206.905,207.195,200.047,203.058,195.474,187.304,205.789,226.646,201.654,201.066,200.925,199.347,195.696,198.026,185.301,184.079,200.717,214.62,193.877,197.061
"47",2.3,74.955,75.643,90.731,72.623,75.346,79.723,82.214,87.667,91.55,78.739,197.3,201.799,201.139,199.108,187.904,206.644,195.706,227.144,187.765,202.709,201.593,201.588,215.999,190.661,188.288,206.953,206.824,224.176,203.041,196.18,164.223,162.933,161.939,164.871,155.08,172.943,170.751,184.63,174.654,165.516,161.911,162.09,162.85,164.192,154.648,171.806,170.028,184.496,169.838,165.049,179.977,160.773,168.884,162.773,164.835,161.464,162.973,194.505,163.282,176.545,170.538,170.804,165.269,188.036,165.911,179.693,177.477,195.089,180.436,173.831,186.009,181.747,172.482,189.56,173.96,180.593,178.334,197.309,177.56,177.974,162.613,162.12,166.192,158.962,159.566,166.895,161.751,175.496,158.438,159.066,185.782,191.447,186.407,191.022,181.21,189.998,184.351,199.713,182.55,184.603,172.238,179.747,184.01,172.214,182.326,180.14,177.206,190.666,174.982,175.253,207.045,207.539,200.853,203.726,196.056,187.138,205.81,226.67,201.344,201.028,200.78,199.212,195.676,197.506,184.536,183.947,200.489,216.308,195.963,196.837
"48",2.35,74.889,75.88,90.944,72.599,74.887,79.675,82.139,87.511,91.506,78.745,197.391,202.019,202.092,198.695,189.292,206.723,195.65,226.603,187.21,202.747,201.489,201.094,216.053,191.549,190.923,206.891,206.844,224.9,202.824,196.171,164.201,161.956,162.339,165.412,154.536,172.986,170.508,187.007,173.627,165.496,161.901,162.352,161.646,163.969,154.009,171.814,170.06,185.055,169.249,165.012,179.768,159.961,168.948,162.616,165.434,161.322,163.031,195.24,163.919,176.342,170.502,170.564,164.392,187.481,165.646,179.593,177.604,195.245,181.419,173.879,185.788,182.377,172.795,188.282,174.757,180.59,178.339,196.725,178.266,177.968,162.603,161.972,165.723,158.969,160.195,166.95,161.473,175.178,157.914,158.861,185.561,188.725,186.106,191.331,181.898,189.998,184.146,201.075,182.994,184.439,172.146,179.532,183.759,172.518,179.782,180.148,177.129,191.087,174.464,175.211,206.98,206.842,200.485,204.286,196.17,187.131,205.98,225.448,201.545,201.063,200.822,197.685,196.3,197.798,182.336,183.872,200.564,214.902,195.377,196.881
"49",2.4,74.896,75.825,90.393,72.76,74.141,79.643,82.136,87.454,91.405,78.73,197.144,202.01,202.586,199.271,187.441,206.697,195.666,227.262,187.936,202.634,201.634,201.334,216.566,191.594,189.892,206.998,206.972,226.351,202.423,196.095,164.271,162.404,162.682,165.25,154.863,172.946,170.667,185.28,174.189,165.576,161.854,163.305,163.221,163.704,153.72,171.804,169.934,183.703,169.417,164.846,179.681,159.583,167.858,161.864,164.383,161.199,162.956,193.541,162.949,176.469,170.499,171.226,164.997,188.103,163.881,179.596,177.413,194.427,181.32,173.806,185.761,183.422,173.236,189.178,170.619,180.3,178.219,196.501,178.524,177.824,162.693,162.103,165.151,158.652,159.59,166.833,161.638,174.693,158.009,158.878,185.551,189.902,184.757,189.484,179.098,189.834,184.198,199.985,182.914,184.523,172.096,181.055,182.878,172.122,181.178,179.914,177.414,192.559,175.13,175.076,206.691,206.387,201.01,202.495,198.648,187.046,205.866,226.418,201.607,201.002,200.722,199.438,194.821,197.112,184.784,183.805,200.426,214.633,195.383,196.774
"50",2.45,74.855,76.064,90.878,72.225,74.491,79.618,82.056,87.432,91.051,78.774,197.092,200.364,201.036,199.256,189.103,206.698,195.504,227.056,186.619,202.757,201.654,199.783,216.92,191.539,189.348,206.791,206.932,225.519,203.25,196.253,164.269,162.066,163.79,164.304,154.164,173.023,170.608,184.602,173.975,165.495,161.784,162.907,163.02,163.599,153.796,171.748,169.956,184.459,168.612,164.755,179.727,160.321,168.172,162.172,164.589,160.983,162.799,194.394,163.868,176.528,170.421,172.114,164.922,187.922,165.34,179.282,177.423,194.136,180.844,173.891,185.743,181.882,172.867,187.764,173.265,180.229,178.284,195.999,177.474,177.833,162.664,162.034,165.644,158.533,159.957,166.572,161.64,175.681,158.252,158.859,185.499,188.377,186.569,190.363,178.363,189.762,184.113,200.533,181.947,184.358,172.134,180.765,184.277,171.925,182.564,179.989,177.366,191.165,174.253,175.012,206.857,205.922,199.8,203.951,197.638,186.894,206.054,227.143,200.873,201.046,200.68,198.201,195.65,198.294,184.681,183.536,200.459,216.321,195.046,196.822
"51",2.5,74.832,76.196,90.703,72.482,74.926,79.58,82.009,87.292,90.936,78.766,197.232,200.298,201.496,199.423,188.958,206.732,195.533,224.848,186.496,202.586,201.548,201.67,217.862,190.979,190.235,206.875,206.918,225.433,203.344,196.17,164.158,163.256,162.995,165.411,155.312,173.053,170.664,184.881,173.639,165.501,161.869,161.677,162.479,163.546,153.008,171.755,169.963,185.327,168.994,164.884,179.441,160.06,167.697,163.107,164.572,160.91,162.873,194.077,163.892,176.462,170.412,170.622,165.966,188.182,164.662,179.289,177.357,194.791,180.953,173.785,185.799,182.161,173.28,187.365,174.608,180.127,178.313,196.659,176.884,177.659,162.52,162.04,164.908,158.156,161.945,166.526,161.555,174.197,158.658,158.925,185.538,190.729,187.249,189.885,179.215,189.795,184.077,200.93,182.328,184.256,171.961,179.951,183.035,172.259,181.751,179.728,177.417,191.967,175.244,174.96,206.825,205.565,200.624,202.404,198.117,186.906,205.94,226.78,201.368,200.995,200.622,198.672,195.488,197.861,186.007,183.425,200.216,214.879,195.276,196.835
"52",2.55,74.793,76.13,90.619,72.401,74.764,79.521,81.988,87.899,91.166,78.757,197.111,199.045,200.988,199.81,188.357,206.799,195.49,227.195,186.743,202.795,201.556,201.208,217.15,190.694,189.236,206.923,206.878,224.056,204.097,196.051,164.22,162.405,163.152,165.355,155.551,173.048,170.803,184.746,174.389,165.332,161.77,162.868,161.857,164.65,154.569,171.706,170.085,185.418,169.338,164.709,179.531,160.098,167.118,161.846,165.031,160.675,162.809,195.403,163.603,176.307,170.471,169.957,165.051,188.76,165.67,179.145,177.46,194.616,180.672,173.795,185.756,181.159,172.815,188.155,173.496,180.049,178.261,196.455,177.738,177.818,162.546,161.58,166.334,158.1,159.722,166.423,161.522,175.782,158.345,159.011,185.335,189.941,185.667,191.042,179.206,189.664,184.067,199.457,182.699,184.146,172.117,180.296,184.303,172.163,180.159,179.871,177.437,192.25,174.214,175.076,206.795,207.443,198.627,204.936,196.117,186.861,206.042,226.432,201.998,200.919,200.534,198.709,195.757,196.879,182.867,183.378,200.082,215.795,195.05,196.783
"53",2.6,74.744,75.978,91.211,72.228,74.543,79.503,81.969,87.114,90.991,78.721,197.143,200.406,201.277,200.767,188.408,206.856,195.49,228.108,187.395,202.76,201.391,201.508,216.649,190.914,192.642,206.817,206.834,224.618,203.253,196.113,164.182,163.039,162.257,164.496,154.155,172.835,170.759,184.288,173.704,165.38,161.919,161.984,162.597,164.609,154.688,171.577,169.95,184.388,169.809,164.777,179.671,160.033,167.266,161.851,166.495,160.538,162.835,194.036,163.312,176.432,170.494,170.713,166.068,187.685,163.752,179.04,177.335,194.908,181.041,173.817,185.711,182.166,172.005,187.284,173.156,179.952,178.127,197.277,178.261,177.842,162.524,162.452,165.742,158.159,160.561,166.226,161.394,175.065,158.06,158.842,185.376,189.865,186.482,190.537,179.5,189.523,184.119,199.418,182.393,184.174,171.978,180.175,182.668,172.765,183.1,179.649,177.202,192.147,175.056,174.923,206.941,207.596,199.522,203.241,195.39,186.819,205.825,226.201,202.639,200.961,200.64,198.216,195.829,197.61,183.301,183.2,200.367,214.298,195.586,196.714
"54",2.65,74.735,76.111,90.456,71.877,74.548,79.46,82,87.601,91.44,78.744,197.151,201.426,202.197,200.089,188.814,206.703,195.469,224.779,187.017,202.682,201.598,200.669,217.148,192.141,191.4,206.779,206.891,223.14,203.619,196.278,164.2,162.627,163.104,166.133,154.348,173.01,170.487,184.937,173.424,165.458,161.823,162.059,163.625,164.139,153.992,171.607,170.024,184.536,168.406,164.787,179.612,160.805,167.236,162.68,163.974,160.561,163.033,194.891,163.58,176.43,170.468,169.848,166.061,187.465,163.571,178.953,177.218,195.59,180.398,173.639,185.67,181.451,171.853,188.081,172.198,179.923,178.235,196.68,177.225,177.688,162.597,161.495,165.191,158.02,159.627,166.304,161.563,175.013,157.815,158.897,185.219,189.106,185.214,191.053,179.911,189.55,184.02,200.123,182.739,184.116,171.909,181.211,185.365,172.205,180.916,179.52,177.229,191.982,174.436,175.005,206.938,205.929,202.156,203.017,195.684,186.836,205.923,227.437,201.466,201.118,200.653,200.225,196.45,197.527,184.338,183.139,200.24,215.639,194.413,196.513
"55",2.7,74.696,76.129,90.184,72.12,74.358,79.439,81.923,87.536,90.851,78.742,196.968,202.764,201.882,200.63,189.707,206.652,195.305,225.871,186.613,202.646,201.499,200.305,217.981,192.452,191.435,206.784,206.971,226.76,202.883,196.188,164.07,162.032,162.381,165.783,155.638,172.942,170.431,185.051,174.324,165.471,161.714,162.295,162.297,163.723,153.715,171.643,169.942,184.539,169.389,164.715,179.422,160.151,167.793,162.206,164.727,160.258,162.77,194.164,163.238,176.494,170.355,170.813,164.542,188.278,165.77,178.81,177.1,195.26,180.558,173.765,185.545,180.982,172.85,187.629,172.003,179.866,177.927,195.614,177.37,177.717,162.611,162.222,165.809,158.526,159.322,166.1,161.45,175.117,158.56,158.835,185.028,188.62,185.972,190.716,180.36,189.643,184.161,199.239,182.29,184.004,171.826,179.983,183.056,171.767,181.011,179.503,177.241,191.97,174.361,174.87,206.789,209.357,201.124,203.703,196.094,186.633,205.807,225.581,201.318,201.019,200.574,197.722,195.277,196.74,185.064,183.236,200.115,215.533,195.026,196.665
"56",2.75,74.684,76.128,90.509,72.584,74.742,79.363,81.904,87.425,90.838,78.776,196.936,201.742,200.726,199.333,188.944,206.727,195.375,224.236,186.261,202.755,201.478,200.431,217.985,191.844,187.65,206.798,206.998,223.126,203.789,196.144,164.111,162.878,163.03,165.918,155.679,172.861,170.809,185.134,173.69,165.4,161.744,162.561,163,164.473,153.651,171.559,169.893,183.212,169.227,164.674,179.633,159.724,167.871,161.689,164.393,160.383,162.724,195.351,163.158,176.484,170.308,170.324,165.013,187.492,164.972,178.658,177.088,195.296,179.96,173.793,185.548,181.336,172.142,187.172,174.313,179.643,178.354,195.595,176.444,177.653,162.599,161.862,165.65,158.906,159.313,166.061,161.608,175.27,158.703,158.72,185.106,189.141,185.61,191.271,179.49,189.491,184.02,200.19,182.033,183.997,171.712,181.239,183.226,171.144,181.353,179.458,177.077,190.687,173.452,174.848,206.772,206.367,200.478,203.475,195.529,186.627,205.877,225.339,201.269,200.926,200.573,199.593,194.44,197.823,184.173,183.191,200.261,215.594,194.88,196.651
"57",2.8,74.645,75.717,90.537,72.283,75.497,79.377,81.836,87.405,91.114,78.74,196.853,200.452,201.399,199.588,189.975,206.561,195.353,226.732,187.092,202.54,201.399,200.581,217.67,191.212,191.975,206.802,207.093,226.5,202.858,196.237,164.066,162.216,163.698,164.606,154.731,173.126,170.793,184.775,173.779,165.522,161.838,162.792,164.102,164.303,154.829,171.575,169.907,184.682,168.7,164.623,179.468,161.033,167.062,160.749,163.038,160.289,162.579,194.248,163.583,176.324,170.313,170.503,164.343,187.828,166.156,178.64,177.201,194.883,179.459,173.76,185.529,180.366,172.497,188.434,172.459,179.716,177.96,196.489,177.422,177.609,162.639,162.223,163.963,158.044,158.736,166.027,161.639,174.253,158.735,158.698,185.064,189.312,185.724,190.769,178.947,189.336,184.117,201.639,182.143,183.865,171.688,180.838,184.163,172.052,180.625,179.353,177.078,191.496,174.318,174.869,206.788,206.404,201.634,202.965,196.166,186.59,205.782,227.339,200.989,201.007,200.433,198.168,196.434,198.988,183.008,182.939,200.061,213.471,194.584,196.5
"58",2.85,74.602,76.245,89.912,72.205,74.891,79.27,81.792,87.821,90.882,78.753,196.911,200.016,201.432,200.115,188.1,206.558,195.417,226.166,187.314,202.751,201.501,199.947,218.239,191.484,188.583,206.864,207.033,225.744,204.128,196.129,164.094,161.908,163.247,165.295,154.622,172.954,170.635,184.379,173.005,165.365,161.73,163.112,162.485,163.123,154.01,171.644,169.98,184.903,168.972,164.483,179.494,160.226,166.362,161.062,163.373,160.191,162.7,193.963,163.759,176.542,170.325,169.907,163.701,187.446,164.38,178.323,177.325,194.93,180.845,173.692,185.506,180.289,172.493,188.168,173.887,179.605,177.976,196.41,177.373,177.733,162.572,162.694,165.012,158.78,158.884,166.102,161.462,174.774,158.563,158.695,185.031,190.237,186.986,190.41,178.939,189.393,184.052,199.41,182.194,183.841,171.715,180.48,183.217,172.561,180.812,179.288,176.96,192.041,173.583,174.719,206.825,207.839,201.974,204.098,198.2,186.57,205.982,226.182,201.353,200.939,200.543,197.531,196.289,197.155,183.482,182.823,199.92,216.313,194.46,196.469
"59",2.9,74.585,75.844,90.49,72.052,74.954,79.31,81.743,87.497,91.164,78.762,196.823,200.195,201.265,198.955,189.51,206.657,195.182,226.016,187.431,202.764,201.482,199.151,218.806,191.654,189.138,206.77,206.881,225.665,204.279,196.161,164.023,162.67,163.166,166.216,155.493,172.97,170.694,185.71,173.938,165.405,161.769,161.994,163.089,163.536,153.394,171.463,170.023,185.06,168.644,164.578,179.464,159.923,167.066,161.85,164.181,159.985,162.83,193.739,163.747,176.417,170.288,171.31,165.659,186.713,164.663,178.31,177.001,193.517,180.481,173.806,185.37,181.133,172.101,187.265,172.335,179.364,178.045,195.464,177.433,177.548,162.457,162.164,166.817,158.092,161.142,165.911,161.562,175.13,159.057,158.769,185.06,190.152,184.87,190.772,179.747,189.365,183.931,199.356,182.284,183.797,171.722,179.182,184.263,171.167,180.676,179.399,177.13,191.406,174.048,174.738,206.854,207.846,199.673,203.94,197.267,186.401,205.92,226.131,201.372,201.158,200.601,199.053,195.281,197.351,184.387,182.611,199.959,215.792,195.044,196.471
"60",2.95,74.509,75.626,90.899,72.031,74.702,79.259,81.748,87.32,90.594,78.744,196.825,200.077,201.607,199.095,187.798,206.657,195.301,226.15,186.451,202.544,201.386,200.583,218.738,192.797,188.779,206.817,207.201,225.276,203.797,196.356,163.952,162.757,163.61,165.542,154.373,173.03,170.642,185.063,173.277,165.441,161.805,163.6,162.796,163.384,153.258,171.487,169.988,184.923,168.728,164.654,179.361,159.8,167.3,161.943,164.997,160.043,162.557,193.818,162.843,176.316,170.225,170.286,164.548,187.556,162.679,178.327,176.826,194.646,181.341,173.748,185.488,181.621,171.668,187.943,173.31,179.384,177.901,196.056,176.746,177.567,162.636,161.903,167.613,158.478,159.821,165.838,161.542,174.69,158.547,158.652,184.891,188.121,184.452,191.555,178.585,189.316,183.978,200.987,182.513,183.767,171.656,180.722,183.301,171.467,178.701,179.139,176.994,191.724,173.97,174.744,206.962,207.273,201.209,203.221,198.038,186.499,205.894,227.021,200.786,201.157,200.416,199.369,195.696,198.028,184.101,182.475,200.018,214.294,194.761,196.327
"61",3,74.52,75.545,89.613,72.106,74.77,79.3,81.729,87.076,90.866,78.734,196.683,201.769,201.25,198.458,188.243,206.598,195.055,226.39,186.31,202.57,201.38,200.524,216.638,191.587,191.541,206.784,206.883,225.462,203.513,196.169,163.934,162.716,163.378,165.65,154.778,172.976,170.728,185.244,172.621,165.43,161.806,162.177,162.348,164.247,155.441,171.417,169.732,185.042,168.52,164.542,179.356,160.705,167.643,161.481,163.797,159.905,162.558,193.966,163.127,176.498,170.144,170.435,163.472,188.165,166.074,178.147,176.971,196.078,181.051,173.84,185.288,182.768,171.187,188.367,171.914,179.386,178.059,196.379,176.717,177.464,162.553,162.708,164.972,158.117,159.997,165.851,161.629,175.16,158.647,158.562,184.725,190.11,185.649,189.996,179.252,189.177,183.868,200.606,182.677,183.75,171.539,180.48,182.665,171.359,181.4,179.223,177.019,192.147,174.125,174.68,206.827,208.362,200.565,204.156,197.805,186.195,206.042,225.719,201.307,201.199,200.249,198.455,194.955,197.931,185.648,182.314,199.928,215.46,194.537,196.235
"62",3.05,74.481,75.242,89.546,72.349,74.664,79.202,81.631,87.423,90.48,78.75,196.718,200.314,201.24,198.127,188.864,206.335,195.121,226.897,186.093,202.598,201.426,199.475,217.91,191.491,191.073,206.739,206.977,224.666,204.41,196.113,164.037,161.648,162.678,165.469,156.1,172.89,170.669,184.333,173.738,165.404,161.579,162.356,162.434,163.445,153.845,171.387,169.767,182.897,168.797,164.598,179.421,160.334,166.622,161.458,163.88,159.832,162.631,196.536,163.175,176.327,170.134,171.035,165.145,187.942,164.959,178.13,176.887,194.466,179.896,173.68,185.152,180.743,172.632,187.259,173.815,179.341,177.949,196.325,176.747,177.479,162.396,162.419,166.038,158.313,158.711,165.726,161.452,175.333,158.234,158.529,184.63,188.952,185.053,190.589,177.856,189.147,183.874,201.807,182.107,183.603,171.546,179.481,184.557,171.495,179.26,179.087,177.038,192.301,173.913,174.643,206.684,208.348,199.1,202.633,196.067,186.208,206.089,226.263,201.512,201.124,200.389,197.397,196.222,198.087,185.499,182.258,199.797,215.796,195.867,196.403
"63",3.1,74.449,76.088,90.652,71.561,75.093,79.187,81.652,87.612,90.627,78.778,196.682,201.256,199.847,198.55,189.072,206.541,195.094,225.669,186.667,202.638,201.289,199.146,219.048,190.851,190.026,206.734,207.206,224.463,203.17,196.172,163.911,162.823,163.382,165.562,153.85,173.071,170.849,186.542,173.401,165.459,161.682,162.966,163.499,164.755,153.331,171.485,169.879,184.031,168.938,164.53,179.567,159.641,165.991,161.347,164.383,159.718,162.48,194.361,163.563,176.408,170.136,170.288,163.132,187.712,163.984,177.865,176.787,194.368,179.816,173.679,185.234,180.438,172.492,188.064,174.123,179.096,177.915,195.054,177.415,177.432,162.52,161.751,165.721,158.411,158.979,165.616,161.666,174.789,158.595,158.744,184.756,188.811,184.808,191.211,179.779,189.123,183.899,199.281,181.656,183.649,171.48,180.055,182.893,170.822,180.263,179.071,177.093,191.411,173.313,174.665,206.891,207.843,201.943,204.313,195.689,186.302,206.125,226.354,201.612,201.147,200.435,198.249,194.341,197.277,184.055,182.183,199.866,214.443,194.807,196.276
"64",3.15,74.412,75.339,90.033,71.597,75.436,79.125,81.673,87.509,90.889,78.75,196.575,200.565,201.474,198.643,188.977,206.265,195.248,226.202,185.939,202.649,201.285,201.769,219.183,192.297,189.565,206.765,207.061,224.808,203.558,196.224,164.008,163.12,162.938,165.572,154.548,172.89,170.531,184.207,172.931,165.459,161.712,162.243,162.294,163.625,153.558,171.406,169.879,184.213,169.43,164.528,179.522,159.661,166.67,161.092,163.729,159.614,162.444,193.693,162.704,176.412,170.119,170.23,164.236,187.894,164.223,177.708,176.749,195.126,180.586,173.684,185.157,180.585,171.362,187.275,173.419,179.056,177.872,196.582,177.017,177.497,162.475,162.564,165.682,157.511,159.16,165.565,161.623,174.807,158.533,158.531,184.592,190.458,185.388,190.049,179.763,188.972,183.789,198.596,181.991,183.482,171.627,178.483,184.769,171.305,180.582,178.826,177.13,191.263,173.744,174.524,206.811,206.312,200.527,203.311,196.156,186.197,206.119,225.184,201.405,201.091,200.338,197.531,193.108,197.219,184.175,182.042,199.77,215.502,194.611,196.289
"65",3.2,74.397,74.95,89.699,71.775,74.875,79.113,81.624,87.028,90.353,78.72,196.59,200.303,200.766,198.906,187.948,206.504,194.985,227.308,186.914,202.726,201.121,198.957,218.382,190.735,188.71,206.658,206.815,225.246,202.702,196.123,164.077,161.718,162.888,164.51,154.063,172.946,170.706,184.587,172.744,165.463,161.774,162.509,163.251,164.038,152.651,171.233,170.101,184.35,168.416,164.432,179.34,158.64,166.926,161.499,162.627,159.447,162.633,193.607,162.69,176.444,170.049,169.365,164.054,187.351,164.258,177.503,176.586,194.357,179.58,173.639,185.261,178.926,171.86,187.8,172.111,178.863,177.673,196.016,177.806,177.506,162.467,161.399,165.381,157.774,160.075,165.555,161.476,174.666,158.911,158.717,184.733,189.014,184.793,190.626,178.679,188.997,183.743,199.251,182.921,183.407,171.455,181.213,183.815,171.527,182.843,178.872,177.01,190.7,173.584,174.481,206.822,206.466,199.81,203.41,197.846,186.073,205.957,225.247,201.224,200.99,200.303,197.873,195.196,196.545,183.157,181.964,199.879,214.442,195.399,196.144
"66",3.25,74.349,75.783,89.938,71.665,75.284,79.13,81.499,87.227,90.469,78.752,196.58,200.957,199.872,199.161,189.252,206.537,195.172,225.266,185.906,202.608,201.175,199.837,218.528,191.885,189.533,206.684,206.895,225.175,202.436,196.294,163.983,163.165,164.687,165.869,154.971,172.934,170.758,185.88,172.739,165.197,161.71,162.113,162.605,163.907,153.961,171.402,169.955,184.161,169.011,164.447,179.315,160.161,166.331,162.095,164.326,159.401,162.474,192.456,163.236,176.398,170.107,170.314,164.581,188.009,165.51,177.458,176.712,193.119,180.419,173.674,184.977,180.82,172.043,186.952,173.82,178.846,177.903,196.928,178.08,177.439,162.437,163.132,165.178,158.726,161.005,165.496,161.499,175.484,158.021,158.641,184.54,187.947,184.58,189.858,179.972,189.037,183.641,199.622,181.63,183.461,171.41,180.639,183.121,170.893,179.539,178.818,176.954,191.665,174.025,174.545,206.888,206.804,201.074,202.365,197.318,186.225,205.879,226.991,200.975,201.096,200.141,198.048,195.471,197.173,184.446,181.906,199.755,215.142,193.847,196.193
"67",3.3,74.344,75.824,89.808,72.05,74.436,79.059,81.494,87.194,90.737,78.781,196.639,200.294,202.576,198.384,187.776,206.447,195.286,226.867,186.205,202.536,201.291,200.378,216.457,191.77,190.563,206.581,207.128,225.346,202.948,196.189,164.006,162.27,162.419,165.659,154.097,172.874,170.692,185.317,173.256,165.301,161.72,162.797,161.95,163.217,153.642,171.258,170.016,183.926,168.888,164.533,179.295,160.007,165.785,161.166,163.53,159.282,162.609,192.779,163.118,176.319,170.147,171.102,164.317,186.575,164.045,177.363,176.609,195.327,180.359,173.747,185.155,180.271,171.606,186.783,174.033,178.92,177.671,196.139,176.435,177.476,162.537,162.032,165.008,157.703,160.017,165.5,161.453,175.255,158.505,158.561,184.487,189.015,185.598,190.763,176.928,188.878,183.709,199.815,181.488,183.279,171.301,180.003,183.954,172.203,180.235,178.858,176.858,191.413,172.9,174.52,206.755,207.486,200.869,204.064,195.782,186.094,205.968,226.383,201.66,201.07,200.397,197.789,192.572,196.934,184.047,181.903,199.638,214.8,193.46,196.024
"68",3.35,74.293,75.975,89.782,71.868,74.93,79.041,81.473,87.53,90.497,78.725,196.49,200.121,200.72,198.275,187.454,206.368,194.934,226.825,185.531,202.588,201.288,200.767,219.007,191.382,189.603,206.783,206.976,224.953,204.506,196.3,164.03,161.203,163.665,164.952,155.58,172.95,170.572,185.279,172.93,165.295,161.657,162.545,162.084,163.335,154.876,171.356,169.912,183.415,168.825,164.588,179.268,159.556,166.962,161.032,165.27,159.206,162.62,192.794,163.376,176.364,170.015,169.893,163.57,186.795,164.365,177.472,176.546,192.768,180.055,173.645,184.98,180.879,171.876,187.687,173.529,178.684,177.588,196.404,177.58,177.407,162.466,162.201,166.125,157.664,160.351,165.261,161.587,174.713,158.697,158.609,184.408,188.391,183.501,190.804,178.206,188.946,183.588,200.463,182.167,183.395,171.268,179.552,183.07,170.074,178.378,178.58,177.037,191.787,173.354,174.554,206.655,206.562,201.762,203.864,197.523,186.033,205.892,226.122,202.232,201.086,200.207,199.262,194.603,196.86,181.381,181.623,199.617,215.998,194.282,196
"69",3.4,74.288,75.376,89.86,71.67,74.399,78.989,81.473,87.089,90.274,78.737,196.375,200.686,199.968,199.951,187.679,206.222,195.031,224.881,185.671,202.577,200.992,199.95,216.132,191.873,191.115,206.695,207.134,225.397,204.327,196.184,163.976,162.478,163.294,164.676,155.14,173.003,170.703,185.094,172.698,165.361,161.638,162.407,162.495,163.489,154.365,171.283,169.977,184.159,168.406,164.464,179.349,159.22,165.877,161.579,165.705,158.977,162.425,192.309,162.519,176.47,169.902,169.735,164.528,186.749,164.907,177.389,176.667,194.123,180.192,173.801,184.945,179.14,172.008,186.889,173.339,178.512,177.524,194.289,176.954,177.428,162.327,162.096,165.496,158.143,160.14,165.245,161.551,175.55,157.68,158.543,184.378,187.708,184.527,189.515,178.985,188.959,183.679,198.898,181.647,183.341,171.296,179.477,181.692,171.31,180.587,178.665,176.838,192.146,173.505,174.443,206.878,207.305,199.626,203.376,196.591,185.916,206.042,226.148,201.901,201.154,200.171,197.1,195.944,197.214,182.986,181.592,199.509,213.633,193.807,196.194
"70",3.45,74.238,75.267,89.56,71.529,74.646,78.997,81.399,87.355,90.241,78.71,196.505,200.159,201.291,198.455,187.771,206.256,194.991,225.723,186.236,202.594,201.05,200.833,219.086,191.992,190.344,206.718,207.088,225.514,203.878,196.168,164.089,162.964,162.444,164.362,155.42,172.938,170.542,184.498,172.915,165.351,161.648,162.148,162.323,164.104,153.824,171.322,169.844,184.894,168.837,164.424,178.926,159.558,165.15,160.656,163.582,159.166,162.51,193.355,163.05,176.282,170.044,170.256,162.814,187.818,163.779,177.308,176.465,194.105,180.686,173.69,184.741,181.502,172.051,187.006,173.335,178.471,177.514,195.493,177.442,177.324,162.365,161.822,164.515,157.666,160.082,165.184,161.543,174.501,158.894,158.633,184.325,187.728,184.292,190.559,178.041,188.79,183.673,199.082,181.661,183.172,171.225,179.527,183.29,170.675,180.606,178.554,177.02,190.352,173.043,174.361,206.733,204.776,201.671,203.533,197.342,185.928,206.082,226.873,202.218,201.042,200.115,198.378,195.183,197.2,181.907,181.431,199.752,213.826,195.252,196.049
"71",3.5,74.178,76.267,89.293,71.52,75.076,78.94,81.289,87.476,90.245,78.757,196.282,199.865,201.191,199.15,187.342,206.21,194.94,224.953,185.848,202.536,201.11,200.926,219.991,191.444,190.903,206.683,206.941,225.814,203.026,196.246,164.032,162.294,163.508,165.737,155.138,172.985,170.63,185.43,173.96,165.253,161.722,162.522,162.796,163.217,153.688,171.321,169.842,184.49,168.79,164.322,179.044,159.84,166.165,161.364,163.082,158.877,162.508,193.254,161.778,176.292,169.967,169.536,163.702,187.295,164.565,177.249,176.247,194.05,179.494,173.598,184.706,180.695,171.006,187.59,173.153,178.48,177.49,195.192,177.091,177.436,162.433,161.311,164.914,158.491,158.435,165.14,161.577,175.061,158.15,158.634,184.278,188.233,184.622,189.918,177.412,188.722,183.771,200.484,181.722,183.221,171.13,179.398,184.391,170.883,181.894,178.644,176.977,191.769,173.698,174.393,206.745,204.316,199.339,202.527,196.898,185.738,206.014,225.998,201.528,201.019,200.217,198.425,193.818,197.392,184.414,181.517,199.529,214.646,194.812,195.999
"72",3.55,74.138,75.547,90.009,71.678,75.368,78.875,81.242,87.275,90.478,78.73,196.321,199.689,200.541,198.633,188.726,206.151,194.853,225.424,185.346,202.486,200.937,200.39,218.157,191.937,190.962,206.67,206.936,224.946,204.405,196.01,163.977,161.266,163.47,166.079,154.863,172.9,170.742,185.415,173.119,165.373,161.576,162.884,161.821,163.815,152.915,171.21,169.795,184.876,168.31,164.41,179.092,159.156,165.007,161.333,165.129,158.8,162.578,194.517,162.416,176.402,169.852,169.812,163.651,187.019,163.697,177.113,176.469,194.018,179.599,173.677,184.861,181.072,170.236,188.063,172.896,178.4,177.529,197.202,177.26,177.351,162.276,162.459,164.458,158.007,160.89,165.09,161.347,174.515,158.699,158.567,184.253,189.608,184.839,190.556,179.891,188.659,183.697,199.992,181.431,183.091,171.133,178.873,183.799,171.406,181.713,178.546,177.039,190.424,173.417,174.295,206.835,206.403,200.652,203.367,198.471,185.878,205.975,225.377,201.736,200.993,200.146,197.69,195.409,197.135,182.507,181.426,199.486,213.828,194.874,196.051
"73",3.6,74.106,75.909,89.523,71.556,73.897,78.882,81.303,87.246,90.555,78.714,196.35,200.309,201.672,198.219,189.079,206.24,194.804,226.278,184.911,202.503,201.122,198.171,219.299,191.816,190.406,206.438,206.951,224.463,203.364,196.23,164.01,162.888,163.937,165.317,155.791,173.027,170.606,184.714,172.439,165.382,161.707,162.315,162.76,162.94,154.667,171.121,169.892,183.745,168.848,164.518,178.813,160.004,165.851,161.419,162.959,158.713,162.467,193.84,162.494,176.421,169.933,171.099,163.094,188.108,164.565,177.031,176.192,196.046,179.28,173.555,184.782,181.149,171.398,185.986,172.367,178.457,177.563,195.551,176.456,177.151,162.344,162.523,164.714,158.155,161.809,165.071,161.595,175.396,158.552,158.669,184.144,191.084,184,190.128,177.356,188.691,183.409,199.38,181.941,183.17,171.079,179.632,184.209,170.551,179.822,178.355,176.801,190.297,172.897,174.246,206.881,205.842,200.741,202.76,196.924,185.811,206.029,226.981,201.085,201.066,200.113,197.021,194.481,197.255,181.273,181.264,199.52,213.683,194.099,195.87
"74",3.65,74.05,75.545,89.185,71.743,74.548,78.866,81.247,87.408,90.401,78.687,196.279,200.045,200.931,198.628,185.364,206.017,194.74,226.406,186.021,202.547,201.073,199.68,218.466,191.08,187.409,206.673,206.881,224.804,203.311,196.122,163.984,161.948,161.86,166.197,154.957,173.059,170.703,183.206,173.396,165.234,161.62,163.316,162.856,163.454,154.193,171.204,169.759,185.393,169.204,164.332,178.904,158.001,165.076,160.623,165.406,158.644,162.406,193.641,163.484,176.389,169.874,170.093,163.845,187.513,163.791,177.046,176.193,193.045,180.319,173.75,184.646,180.259,170.643,186.909,170.801,178.396,177.634,196.623,176.474,177.291,162.553,161.813,165.54,157.705,160.652,165.005,161.442,173.48,158.332,158.539,183.946,188.012,186.298,190.49,178.568,188.579,183.603,199.095,181.408,183.113,170.968,180.813,184.632,170.489,179.985,178.45,176.638,191.73,172.925,174.296,206.699,207.017,200.577,203.644,193.733,185.651,205.914,226.538,201.763,200.906,200.145,197.642,194.88,196.145,183.284,181.174,199.489,213.465,194.903,195.893
"75",3.7,74.054,75.557,90.248,71.472,74.468,78.852,81.136,87.313,90.691,78.735,196.162,200.238,201.734,199.311,187.53,205.995,194.845,227.197,185.752,202.503,201.044,199.843,218.529,191.591,188.794,206.486,206.953,226.181,203.75,196.222,164.065,161.947,162.528,165.086,154.253,173.064,170.508,184.337,173.25,165.393,161.607,162.168,162.299,163.148,154.886,171.195,169.798,183.886,169.103,164.343,178.929,159.551,165.337,160.74,166.158,158.484,162.179,194.032,163.096,176.366,169.806,171.044,163.289,186.682,163.335,176.878,176.239,193.461,179.554,173.653,184.504,181.76,171.607,187.195,172.038,178.131,177.597,195.432,176.034,177.258,162.394,162.027,164.519,157.968,159.15,165.006,161.563,174.22,158.139,158.574,183.974,187.793,183.575,189.431,179.572,188.526,183.533,200.498,182.117,182.984,171.07,178.678,184.793,170.732,178.652,178.428,176.74,190.189,173.354,174.224,206.715,208.059,200.264,202.047,196.393,185.611,206.036,227.159,201.55,201.084,200.15,198.486,193.573,196.305,181.738,181.252,199.243,213.859,193.816,195.918
"76",3.75,74.02,75.693,90.15,71.535,74.751,78.806,81.14,87.516,90.218,78.718,195.971,200.103,201.264,199.12,187.657,206.308,194.456,223.902,185.821,202.419,201.07,201.641,218.535,190.913,191.152,206.602,207.088,225.672,203.156,196.292,163.931,161.522,163.352,165.615,154.253,172.944,170.646,185.126,172.897,165.279,161.643,163.117,162.112,162.84,155.262,171.103,169.836,183.703,168.332,164.375,178.856,160.095,163.456,161.309,165.152,158.376,162.371,191.577,162.999,176.475,169.86,170.43,163.609,186.8,164.621,176.733,176.287,193.427,179.548,173.571,184.625,181.663,171.481,188.219,175.183,178.025,177.366,194.955,176.979,177.259,162.353,163.094,165.832,157.808,161.161,164.993,161.615,175.164,158.843,158.474,183.888,187.505,184.675,190.112,178.799,188.448,183.517,198.102,181.444,182.932,170.99,179.001,182.79,169.807,183.334,178.075,176.838,190.218,172.945,174.221,206.776,206.685,201.618,202.746,196.613,185.619,206.105,226.183,201.077,201.021,199.989,198.88,194.05,197.637,181.925,180.99,199.341,214.443,194.476,195.73
"77",3.8,73.991,75.139,89.426,71.279,75.115,78.769,81.084,87.321,90.209,78.73,196.187,199.361,200.134,198.864,187.839,206.235,194.586,225.433,185.807,202.389,200.86,199.779,218.155,192.367,192.12,206.641,207.053,225.491,202.538,196.065,163.985,162.425,162.671,165.119,155.231,172.904,170.754,183.794,173.257,165.276,161.672,163.155,161.925,163.127,154.338,171.168,169.893,184.227,169.11,164.271,178.789,159.558,164.86,161.01,165.139,158.159,162.244,193.607,162.903,176.273,169.787,170.137,163.649,186.87,162.69,176.696,176.254,193.92,179.27,173.689,184.448,180.256,171.409,186.586,174.706,177.983,177.393,195.913,177.73,177.249,162.37,161.988,165.337,158.671,160.425,164.866,161.25,174.723,158.107,158.497,183.869,187.635,183.941,190.649,179.033,188.214,183.337,200.091,181.835,182.879,170.917,179.108,183.543,170.554,179.35,178.129,177.019,191.63,173.087,174.173,206.783,207.046,200.61,203.7,196.781,185.629,205.98,225.698,201.792,201.131,199.99,198.152,194.305,197.166,185.296,180.949,199.461,213.169,195.034,195.721
"78",3.85,73.98,75.653,89.617,71.379,74.33,78.751,81.04,87.057,89.834,78.767,196.067,199.011,201.384,198.59,187.305,206.19,194.571,226.724,185.974,202.446,200.728,199.087,217.97,191.29,188.276,206.47,207.159,225.053,203.902,196.157,164.003,164.015,163.503,164.985,155.534,172.936,170.565,185.08,173.03,165.287,161.671,163.182,161.892,162.681,153.99,171.101,169.886,184.446,168.773,164.295,178.642,159.21,164.072,160.012,164.556,158.093,162.27,192.503,162.964,176.319,169.806,169.704,164.061,187.265,163.596,176.547,176.164,194.034,179.558,173.702,184.457,181.564,170.344,186.498,171.551,177.862,177.272,195.867,176.247,177.309,162.388,162.51,164.972,158.594,159.904,164.749,161.606,175.057,157.345,158.467,183.853,187.725,184.253,189.207,178.896,188.402,183.299,199.796,181.937,182.862,170.954,178.303,181.714,169.195,179.784,178.112,176.986,191.466,172.997,174.065,206.668,206.35,201.296,203.137,195.254,185.656,206.151,229.426,200.918,200.992,199.938,196.969,193.992,196.816,180.83,180.842,199.151,214.824,194.635,195.635
"79",3.9,73.951,75.482,89.155,70.948,74.93,78.775,81.071,87.34,90.239,78.74,196.004,200.863,201.542,198.311,187.031,206.199,194.607,226.539,185.845,202.39,200.881,197.972,217.224,190.511,189.468,206.505,206.974,224.782,202.901,196.242,163.883,162.448,163.712,164.814,155.25,172.952,170.774,185.107,172.771,165.272,161.74,162.938,162.203,163.511,153.597,171.093,170.006,184.838,168.711,164.388,178.649,159.994,165.685,161.044,162.999,157.99,162.433,192.826,162.021,176.55,169.713,169.742,163.15,186.98,164.34,176.637,176.179,194.132,180.378,173.539,184.442,181.096,170.871,186.878,174.205,177.967,177.288,195.417,176.438,177.121,162.427,161.913,164.974,158.571,160.495,164.813,161.268,175.526,158.574,158.485,183.821,189.299,184.584,188.909,178.55,188.267,183.236,199.149,180.806,182.956,170.957,179.827,183.664,170.786,179.098,178.073,176.763,192.113,172.454,174.121,206.762,207.445,200.374,203.61,195.193,185.625,206.063,226.759,201.069,201.07,199.69,195.949,194.113,196.198,181.325,180.724,199.123,213.501,194.019,195.46
"80",3.95,73.945,75.335,89.364,71.148,74.477,78.677,80.913,87.167,90.109,78.752,196.087,199.723,200.823,198.351,187.399,205.982,194.728,225.334,185.813,202.529,200.778,199.515,219.525,191.251,190.59,206.493,207.175,223.922,203.984,196.035,163.881,162.291,164.075,164.65,154.844,172.966,170.614,184.832,173.374,165.259,161.752,162.865,161.254,163.834,153.466,171.169,169.904,183.523,168.598,164.385,178.643,159.724,164.275,161.139,163.895,157.858,162.343,194.16,162.283,176.39,169.776,170.731,163.658,186.833,163.279,176.393,176.142,194.457,180.518,173.632,184.394,181.081,170.647,186.061,173.126,177.84,177.305,194.689,176.562,177.078,162.398,162.62,164.162,158.243,159.665,164.707,161.557,174.589,158.428,158.422,183.635,188.231,184.149,190.807,178.985,188.307,183.319,199.999,181.041,182.835,170.857,180.013,182.733,170.836,181.897,178.068,176.786,190.468,172.483,174.081,206.791,207.511,200.834,204.565,196.251,185.396,206.061,226.792,201.32,201.206,199.957,197.268,194.951,196.93,184.542,180.56,199.253,213.775,193.995,195.525
"81",4,73.888,75.369,88.827,71.197,74.024,78.686,80.898,86.774,89.877,78.727,196.053,200.324,201.29,197.513,187.133,206.121,194.671,226.346,185.57,202.456,200.833,199.536,217.443,191.125,190.934,206.576,207.144,224.577,203.025,196.131,163.974,161.058,164.037,164.433,154.138,172.896,170.561,185.259,172.157,165.163,161.569,162.623,162.154,163.225,153.917,171.029,170.017,184.216,168.284,164.345,178.593,158.767,164.654,160.947,163.93,157.652,162.335,192.828,162.64,176.383,169.739,171.42,163.11,186.894,162.593,176.439,176.002,193.863,180.294,173.64,184.338,181.073,170.367,186.242,171.908,177.723,177.08,194.313,177.13,177.089,162.335,162.3,163.776,157.67,160.04,164.787,161.607,175.684,157.8,158.472,183.52,189.605,183.781,189.181,177.861,188.293,183.388,200.047,181.657,182.748,170.804,177.61,183.385,170.278,180.638,177.891,176.669,192.083,173.305,174.131,206.697,206.505,200.498,203.194,197.299,185.473,206.054,226.008,201.347,201.081,199.861,197.324,194.938,197.172,182.727,180.537,199.157,215.469,193.979,195.6
"82",4.05,73.89,75.376,89.268,71.045,74.548,78.675,80.925,87.022,89.62,78.742,196.026,199.573,201.068,197.638,185.517,206.053,194.561,226.171,185.691,202.305,200.805,199.768,218.668,191.887,189.419,206.698,206.994,225.011,204.019,196.14,163.888,161.785,162.895,165.263,154.374,173.008,170.698,185.127,173.253,165.276,161.633,161.904,161.488,163.171,152.911,171.099,169.823,185.324,168.721,164.323,178.642,160.031,164.811,160.585,164.648,157.601,162.231,193.63,162.582,176.358,169.578,170.833,163.035,187.904,161.904,176.242,176.019,193.588,179.297,173.642,184.513,179.371,171.548,187.276,173.114,177.655,177.254,196.061,176.799,177.197,162.415,161.341,165.738,157.808,159.116,164.696,161.548,175.509,157.564,158.375,183.616,188.497,184.182,189.404,178.806,188.302,183.192,198.814,181.205,182.845,170.764,179.148,182.009,171.104,181.037,177.884,176.754,190.77,173.12,174.115,206.6,207.879,199.955,203.551,198.191,185.493,206.133,226.801,201.364,200.911,199.852,196.993,192.993,196.875,183.147,180.397,199.206,213.41,194.639,195.42
"83",4.1,73.852,75.603,89.523,71.085,74.055,78.631,80.875,87.408,89.827,78.734,195.911,200.355,200.813,198.127,186.712,205.849,194.739,226.167,185.742,202.411,200.707,201.327,220.32,190.787,190.973,206.567,206.966,223.439,202.846,196.121,163.843,162.853,163.351,165.308,153.724,172.839,170.643,184.682,172.28,165.408,161.699,162.152,161.395,163.25,154.328,171.143,169.894,183.855,168.389,164.255,178.526,158.866,163.818,161.358,163.52,157.404,162.27,193.502,162.077,176.32,169.545,169.624,162.145,186.247,164.018,176.179,175.895,193.521,179.757,173.568,184.322,180.55,171.321,185.753,172.813,177.737,177.143,196.473,176.483,177.106,162.303,161.367,165.525,157.858,160.521,164.698,161.399,175.561,157.733,158.39,183.457,188.052,184.178,189.755,177.387,188.195,183.166,199.639,181.479,182.8,170.741,178.138,181.987,169.115,178.359,177.959,176.639,190.563,172.947,173.929,206.749,205.603,198.702,204.332,196.785,185.523,205.904,225.525,201.779,200.905,199.711,198.121,194.843,197.304,181.937,180.31,198.95,214.388,194.092,195.434
"84",4.15,73.807,75.556,89.511,71.07,74.871,78.606,80.845,87.33,89.548,78.732,195.833,199.73,201.082,198.332,187.599,205.928,194.395,225.231,185.395,202.432,200.808,200.79,219.05,191.801,189.47,206.378,207.23,225.528,202.697,196.14,163.923,161.257,163.042,165.089,155.054,172.899,170.635,183.76,173.431,165.224,161.517,162.663,162.074,162.89,151.376,171.012,169.915,183.999,168.662,164.301,178.358,159.702,163.501,160.66,163.489,157.415,162.09,192.655,162.047,176.378,169.615,169.197,162.863,186.265,164.241,176.054,175.608,193.241,179.671,173.557,184.44,179.856,169.892,186.434,172.654,177.614,177.087,195.31,175.712,177.149,162.367,161.098,164.878,157.944,160.076,164.651,161.381,174.963,158.18,158.521,183.48,188.11,183.568,190.301,177.118,188.057,183.205,199.028,181.718,182.757,170.626,178.559,182.852,169.276,180.549,177.755,176.8,190.435,172.308,174.029,206.743,205.941,200.737,203.985,196.979,185.404,205.886,226.072,201.434,201.052,199.76,197.084,193.851,196.289,180.647,180.232,199.089,214.696,193.809,195.417
"85",4.2,73.735,75.282,89.405,70.816,74.61,78.598,80.805,86.907,89.515,78.697,195.841,199.085,200.147,198.671,188.544,205.996,194.381,225.283,184.731,202.477,200.679,199.423,221.007,191.68,191.442,206.37,207.108,225.424,203.796,196.075,163.775,161.727,163.356,165.259,154.848,172.912,170.803,186.104,173.19,165.178,161.64,163.526,162.235,163.552,153.11,171.076,170.04,184.709,168.451,164.3,178.455,159.198,164.161,160.938,162.875,157.311,162.3,192.847,162.252,176.49,169.631,170.469,162.728,187.352,164.153,175.869,175.818,193.416,178.876,173.593,184.272,179.84,171.307,187.33,173.202,177.569,177.219,194.7,176.69,177.106,162.34,162.262,166.16,157.708,160.096,164.644,161.448,174.23,157.661,158.464,183.409,188.385,183.639,188.852,177.93,188.132,183.236,198.161,180.889,182.832,170.607,180.406,183.806,169.427,180.338,177.71,176.616,191.684,172.43,173.798,206.747,207.259,200.925,202.675,195.395,185.35,206.03,226.878,201.583,201.184,199.781,197.424,193.67,196.043,180.436,180.221,198.901,212.132,193.731,195.433
"86",4.25,73.75,75.668,88.925,70.81,74.745,78.553,80.706,86.947,89.995,78.743,195.907,199.93,200.545,198.338,186.077,205.929,194.402,225.563,185.076,202.243,200.748,200.499,218.264,191.991,189.133,206.437,206.987,225.01,203.142,196.07,163.87,161.862,163.133,165.715,153.608,172.949,170.614,184.803,172.904,165.315,161.662,163.895,163.601,163.305,153.382,170.913,169.7,183.556,169.107,164.313,178.365,160.43,163.055,159.874,164.523,157.333,162.177,194.239,162.748,176.276,169.522,170.62,163.327,186.775,161.828,175.791,175.667,193.635,179.469,173.619,184.113,180.002,172.122,186.289,171.18,177.608,176.991,193.835,176.639,177.069,162.429,162.117,164.36,157.575,159.13,164.675,161.414,175.162,157.279,158.508,183.27,189.27,184.649,190.005,178.483,188.063,183.23,198.164,181.283,182.707,170.496,180.161,183.227,170.178,179.839,177.821,176.514,190.376,173.503,173.824,206.606,207.079,200.64,204.015,195.269,185.432,206.054,226.413,201.748,201.098,199.826,198.077,193.792,196.283,181.367,180.235,199.022,212.753,193.428,195.401
"87",4.3,73.715,75.529,88.862,70.757,74.27,78.492,80.728,86.943,89.402,78.727,195.782,200.566,200.456,197.664,187.841,205.929,194.321,225.207,185.32,202.416,200.721,199.101,218.177,191.764,189.533,206.345,206.992,225.794,203.376,196.225,163.899,163.013,162.712,164.699,155.222,172.934,170.588,185.609,173.094,165.187,161.459,162.709,162.306,163.671,153.569,170.954,169.836,184.686,168.796,164.219,178.384,159.963,162.906,160.577,163.53,157.233,162.362,192.482,163.083,176.361,169.563,170.423,162.876,187.264,162.928,175.886,175.668,193.862,179.774,173.6,184.096,181.164,170.311,185.512,171.656,177.446,176.939,194.195,176.587,177.129,162.377,160.546,164.894,157.905,161.316,164.512,161.403,173.942,157.371,158.402,183.206,187.459,184.5,190.39,177.974,187.984,183.1,199.034,180.678,182.75,170.466,179.146,181.953,170.097,180.846,177.701,176.422,190.907,172.671,173.752,206.694,208.197,201.931,204.295,195.524,185.363,206.127,226.06,201.782,201.135,199.778,196.574,194.866,195.61,182.404,180.156,198.815,214.367,193.74,195.367
"88",4.35,73.716,75.161,88.789,70.702,73.901,78.477,80.716,86.872,89.698,78.772,195.86,198.106,200.11,198.979,187.765,206.02,194.417,225.667,185.77,202.375,200.757,199.972,217.597,191.418,190.061,206.535,207.076,224.044,203.061,196.268,163.852,162.61,162.875,164.545,155.403,173.011,170.742,185.735,172.274,165.205,161.647,162.24,161.986,163.342,153.37,171.016,169.905,184.603,169.016,164.314,178.345,158.835,164.086,161.114,165.418,157.225,162.016,193.388,162.906,176.325,169.496,169.336,162.444,186.125,163.168,175.785,175.607,193.84,179.507,173.649,183.987,181.825,171.474,186.062,172.79,177.367,177.102,193.651,175.883,177.151,162.283,162.506,164.985,157.774,158.71,164.589,161.401,174.662,157.645,158.264,183.191,190.584,186.078,189.826,176.868,188.165,183.058,198.551,181.162,182.462,170.461,178.378,183.693,169.938,180.181,177.638,176.468,190.369,172.594,173.763,206.791,204.894,201.98,202.821,196.127,185.275,206.066,226.635,201.754,201.098,199.702,198.393,194.101,197.397,182.221,180.065,198.858,213.788,193.622,195.451
"89",4.4,73.691,75.26,89.547,71.038,74.759,78.489,80.691,86.772,89.966,78.77,195.733,199.302,201.303,198.261,188.76,205.887,194.249,225.879,185.556,202.289,200.734,200.593,219.274,190.707,190.892,206.496,207.217,225.697,202.884,196.34,163.834,162.076,163.54,165.234,154.674,172.874,170.506,185.054,171.986,165.351,161.562,162.659,162.695,163.373,154.421,171.036,169.932,184.236,168.487,164.415,178.127,159.486,163.81,160.378,162.957,157.124,162.061,193.446,162.7,176.276,169.473,169.791,162.635,185.75,163.528,175.64,175.57,192.707,179.229,173.477,184.203,180.986,170.404,185.134,173.416,177.368,176.975,195.358,176.417,176.863,162.216,161.73,164.888,157.854,162.433,164.518,161.389,174.905,157.913,158.367,183.147,189.274,183.857,189.619,178.386,187.813,183.162,197.487,181.398,182.662,170.387,179.135,183.271,169.78,179.212,177.612,176.452,190.595,172.686,173.743,206.719,206.778,201.588,202.473,197.702,185.305,206.168,225.371,201.776,201.129,199.72,198.311,194.114,196.665,181.116,179.92,198.871,211.858,193.792,195.29
"90",4.45,73.605,75.052,88.558,71.154,74.446,78.45,80.61,86.972,89.889,78.757,195.669,199.017,199.659,198.479,188.077,205.611,193.963,224.997,185.546,202.336,200.741,198.263,217.505,190.656,192.31,206.401,207.091,225.363,202.649,196.14,163.832,161.527,162.73,165.475,155.204,172.988,170.554,185.609,172.64,165.171,161.691,163.085,163.173,163.654,155.274,171.072,170.174,185.053,169.27,164.271,178.055,159.346,164.412,160.528,163.065,156.889,162.193,192.362,162.085,176.354,169.397,169.13,162.404,186.721,163.017,175.558,175.5,193.36,178.548,173.47,183.932,179.655,170.304,186.584,172.77,177.426,177.095,195.811,176.2,176.98,162.348,163.105,165.611,157.791,159.167,164.391,161.293,174.093,157.714,158.341,182.996,189.298,183.5,190.503,178.799,187.935,183.229,198.048,180.657,182.645,170.457,178.902,183.88,169.259,178.664,177.52,176.385,190.463,172.471,173.612,206.683,207.035,200.636,203.932,194.464,185.198,205.954,227.202,202.039,201.097,199.815,197.187,193.92,195.817,180.748,179.831,198.817,212.62,193.843,195.309
"91",4.5,73.609,75.498,88.384,70.932,72.905,78.391,80.561,87.199,89.565,78.726,195.655,199.659,199.436,198.188,185.558,205.687,194.212,225.173,184.602,202.092,200.43,198.832,218.433,190.901,190.148,206.303,207.047,226.194,204.205,196.118,163.743,163.622,163.671,165.504,154.204,172.84,170.682,185.13,173.275,165.155,161.544,162.977,162.497,163.84,154.174,170.868,169.892,183.321,168.274,164.288,178.019,159.209,164.53,159.786,163.721,156.858,161.911,192.512,161.989,176.324,169.389,169.494,162.832,186.501,162.895,175.683,175.579,193.43,179.536,173.521,183.941,179.892,169.242,186.121,173.495,177.303,176.943,195.703,176.242,177.023,162.209,162.174,165.386,157.52,159.926,164.358,161.245,174.717,157.471,158.423,183.064,188.112,183.441,190.598,178.237,187.918,183.153,198.895,181.036,182.572,170.43,179.205,183.054,169.988,179.265,177.519,176.656,190.194,172.958,173.778,206.689,207.038,201.374,202.991,198.396,185.196,206.022,226.706,201.61,201.089,199.768,196.621,194.571,195.915,181.703,179.808,198.72,212.754,193.651,195.462
"92",4.55,73.548,75.1,88.571,71.045,74.197,78.394,80.541,87.193,89.587,78.743,195.627,199.535,200.582,198.21,187.348,205.71,194.321,225.146,184.791,202.115,200.525,199.771,218.751,190.684,192.513,206.285,207.176,224.941,203.66,196.151,163.72,161.071,162.491,165.681,155.841,172.93,170.748,185.197,172.945,165.207,161.535,162.691,161.511,163.523,153.899,171.005,169.916,184.187,169.198,164.225,177.936,159.001,164.155,159.881,164.182,156.744,161.914,192.731,162.445,176.293,169.357,169.039,162.766,186.41,163.132,175.572,175.494,191.704,179.231,173.587,183.924,180.002,171.042,186.197,171.777,177.158,177.044,195.327,175.907,176.884,162.329,161.653,164.557,158.12,160.65,164.372,161.49,174.832,157.299,158.43,183.043,188.091,183.077,189.084,177.821,187.91,183.026,198.366,180.988,182.373,170.256,178.524,184.472,169.171,179.089,177.422,176.458,191.384,172.455,173.618,206.739,206.394,198.794,203.369,196.746,185.252,205.923,226.301,201.512,201.018,199.621,196.939,194.159,197.245,181.115,179.796,198.584,214.166,194.599,195.246
"93",4.6,73.572,75.182,88.898,70.669,74.293,78.389,80.496,86.747,89.394,78.734,195.491,197.885,200.09,197.936,186.936,205.702,194.127,225.897,184.417,201.951,200.581,200.041,219.013,191.325,190.122,206.403,206.982,225.135,203.78,196.114,163.732,161.269,164.512,164.486,154.86,172.81,170.656,185.482,172.485,165.19,161.556,163.232,162.584,163.347,154.911,170.904,169.772,184.697,168.912,164.238,177.825,159.489,164.013,159.791,165.316,156.617,162.077,194.131,161.785,176.242,169.355,170.706,162.501,186.542,162.174,175.472,175.534,193.396,179.684,173.549,183.838,180.61,170.92,185.219,173.584,177.159,176.667,196.314,176.169,176.85,162.249,161.456,165.02,157.889,160.11,164.328,161.37,175.068,157.999,158.354,182.88,187.778,183.198,190.489,177.977,187.868,182.949,198.734,181.499,182.448,170.307,178.606,181.946,169.77,178.956,177.343,176.541,189.113,171.73,173.725,206.492,206.869,201.801,203.853,197.547,185.108,206.064,225.169,201.126,200.956,199.55,196.491,194.491,196.224,182.047,179.61,198.766,213.612,194.876,195.232
"94",4.65,73.565,75.495,88.768,70.801,74.6,78.335,80.482,86.801,89.549,78.736,195.287,199.707,198.925,197.917,184.703,205.724,194.127,225.657,184.27,202.001,200.369,200.122,220.832,190.218,191.236,206.411,207.095,225.215,203.351,196.161,163.85,162.113,162.81,164.83,153.095,172.988,170.714,185.524,173.453,165.221,161.577,162.841,162.616,163.931,152.974,171.052,169.899,184.538,168.38,164.268,177.901,159.195,163.247,160.338,164.39,156.517,161.859,192.658,162.432,176.334,169.288,169.364,163.715,186.676,163.055,175.413,175.319,193.403,179.503,173.655,183.797,181.142,171.676,186.162,172.087,177.044,176.79,196.26,175.959,176.94,162.238,161.046,166.047,157.744,159.341,164.386,161.49,174.873,158.028,158.289,182.925,187.861,184.041,189.284,177.933,187.798,182.994,198.114,181.353,182.38,170.269,178.276,183.311,168.76,181.525,177.309,176.419,190.139,172.439,173.677,206.742,207.001,201.903,203.279,196.239,185.105,205.982,224.434,201.109,201.192,199.8,197.544,194.892,195.983,181.014,179.55,198.746,213.232,193.617,195.229
"95",4.7,73.54,75.7,88.608,70.96,73.6,78.282,80.454,86.828,89.132,78.753,195.476,199.087,200.754,197.413,188.91,205.852,193.994,224.485,184.459,202.043,200.526,200.008,217.781,190.942,188.599,206.4,207.214,225.583,203.054,196.272,163.734,162.095,163.159,164.713,154.814,172.926,170.515,184.756,171.843,165.259,161.489,163.965,162.48,163.983,155.238,170.948,169.806,183.161,168.855,164.339,177.73,158.554,164.085,160.093,162.92,156.369,161.932,191.67,161.882,176.325,169.287,169.223,161.667,186.442,163.565,175.251,175.331,192.604,179.616,173.584,183.71,180.001,170.9,185.417,171.631,176.858,176.763,194.517,176.508,176.88,162.208,161.236,164.36,157.841,159.722,164.373,161.271,175.287,157.863,158.371,182.756,186.407,183.443,189.193,176.754,187.637,182.975,198.713,180.779,182.396,170.147,178.247,182.077,168.968,179.023,177.256,176.535,190.955,172.49,173.591,206.668,207.221,200.413,202.214,195.103,185.193,206.078,226.851,201.799,201.104,199.646,196.802,195.263,196.474,180.096,179.364,198.661,213.285,194.166,195.146
"96",4.75,73.498,75.316,88.673,70.713,74.131,78.23,80.459,86.982,89.222,78.761,195.349,199.327,200.345,197.035,188.195,205.545,193.936,224.271,184.625,202.093,200.359,199.521,219.546,191.409,191.029,206.497,206.923,226.4,203.607,196.134,163.603,162.658,162.042,165.795,156.096,172.865,170.6,184.714,172.886,165.124,161.572,162.581,161.941,163.048,155.714,171.145,172.957,184.609,168.326,164.263,177.721,158.48,162.772,160.222,163.886,156.417,161.853,193.099,162.264,176.335,169.403,169.168,162.639,186.389,162.822,175.108,175.419,193.929,178.383,173.579,183.594,179.718,168.791,185.901,173.1,176.967,176.755,195.059,175.975,176.878,162.273,162.628,164.917,157.672,159.102,164.348,161.343,175.576,157.955,158.339,182.676,188.262,183.451,188.362,178.776,187.651,182.911,200.502,181.263,182.417,170.228,177.256,182.884,168.84,180.208,177.255,176.396,190.327,172.718,173.554,206.658,205.052,201.91,203.101,194.68,185.059,206.045,226.18,202.483,201.094,199.531,196.123,193.068,196.215,179.398,179.333,198.527,211.753,193.983,195.235
"97",4.8,73.451,74.963,88.293,70.782,74.272,78.238,80.407,87.079,89.517,78.757,195.388,199.221,201.308,198.276,187.372,205.46,193.977,225.493,184.048,202.051,200.404,199.151,219.531,191.75,189.048,206.385,207.159,225.637,202.587,196.148,163.708,161.226,162.176,165.673,155.191,172.843,170.578,185.358,173.625,165.209,161.438,163.381,162.786,163.327,154.335,170.893,170.887,184.729,168.388,164.194,177.68,160.279,162.47,159.778,162.705,156.347,161.934,192.155,161.304,176.312,169.347,169.394,162.401,185.982,163.01,174.975,175.34,192.658,178.487,173.709,183.527,180.314,170.334,184.839,173.355,176.937,176.841,195.94,175.922,176.849,162.171,161.824,165.846,157.525,158.699,164.372,161.371,175.433,157.689,158.45,182.598,189.553,182.282,188.814,176.183,187.631,182.659,198.99,181.067,182.382,170.207,179.264,181.817,168.971,178.769,177.274,176.462,190.32,171.98,173.453,206.69,207.659,200.37,203.853,195.65,185.159,206.34,226.438,201.205,201.121,199.4,197.598,194.969,196.23,180.82,179.302,198.421,213.843,194.407,195.034
"98",4.85,73.431,75.17,88.6,70.495,73.389,78.23,80.473,86.495,89.286,78.73,195.347,199.467,199.339,197.234,186.912,205.524,194.051,226.477,184.139,202.048,200.21,198.967,218.303,190.758,191.304,206.365,207.024,224.8,203.463,196.171,163.614,162.533,163.635,165.344,154.502,172.897,170.599,184.874,172.304,165.198,161.503,163.18,161.798,163.342,154.575,170.993,170.353,183.621,169.109,164.193,177.596,160.177,162.569,160.213,163.697,156.372,161.874,192.755,161.995,176.377,169.358,170.001,162.954,186.455,162.438,175.022,175.186,192.758,179.054,173.478,183.638,179.158,170.016,185.768,172.347,176.943,176.867,195.087,175.6,176.722,162.255,162.277,165.153,157.658,160.658,164.342,161.324,175.13,157.312,158.449,182.564,188.515,182.861,189.168,177.54,187.571,182.764,197.409,180.681,182.325,170.122,177.949,182.874,169.923,180.605,177.168,176.141,190.953,172.007,173.481,206.696,208.042,201.42,203.772,196.678,185.114,206.066,225.204,201.449,201.059,199.492,196.994,193.938,195.651,181.946,179.223,198.296,212.115,194.471,195.006
"99",4.9,73.419,75.326,88.316,70.632,73.88,78.187,80.349,87.01,89.399,78.756,195.354,199.148,201.147,197.016,185.633,205.415,193.986,224.744,185.065,202.029,200.252,200.446,218.489,191.461,188.761,206.377,207.12,225.008,202.792,196.06,163.681,161.546,162.825,165.823,155.205,172.902,170.71,183.591,172.972,165.128,161.542,163.747,161.099,163.491,153.223,170.991,170.165,185.094,169.457,164.164,177.533,157.521,162.387,160.113,163.691,156.256,161.946,192.579,162.285,176.217,169.304,169.515,162.916,187.289,162.45,174.88,175.121,193.101,179.512,173.565,183.357,181.33,170.318,185.364,172.283,176.828,176.829,194.298,176.121,176.864,162.167,161.337,166.212,157.439,159.694,164.223,161.456,173.531,157.647,158.344,182.401,188.818,183.83,189.455,177.071,187.578,182.866,197.552,181.464,182.224,170.078,178.464,181.647,168.955,177.593,177.171,176.293,189.476,172.297,173.535,206.655,204.856,200.457,202.675,193.946,185.005,206.196,226.341,200.89,201.118,199.296,196.025,192.88,195.792,182.077,179.142,198.454,214.169,192.93,194.995
"100",4.95,73.386,75.42,88.673,70.516,74.156,78.168,80.376,86.832,89.306,78.744,195.35,199.399,198.765,197.096,187.345,205.526,193.964,225.42,184.425,202.039,200.298,198.454,219.922,191.864,190.618,206.33,206.883,224.274,203.455,196.122,163.751,162.17,162.053,165.055,155.495,172.958,170.43,185.049,172.295,165.254,161.443,163.051,162.886,163.436,154.25,170.96,170.17,184.55,169.393,164.138,177.368,159.455,161.42,160.11,161.954,156.009,161.944,192.308,161.299,176.204,169.206,170.011,162.107,185.885,162.566,174.9,174.934,193.654,179.362,173.539,183.421,179.654,170.397,184.731,171.071,176.663,176.513,194.527,175.806,176.696,162.199,161.956,165.246,157.658,161.68,164.376,161.403,176.087,157.982,158.359,182.443,187.287,184.209,188.655,176.595,187.481,182.78,198.264,180.503,182.107,169.928,178.166,182.564,169.296,178.824,176.949,176.231,190.582,171.884,173.559,206.476,206.232,200.525,203.248,197.066,184.968,206.227,226.119,201.082,201.083,199.447,197.64,193.822,196.399,180.313,179.016,198.449,211.469,193.856,195.039
"101",5,73.352,75.15,88.49,70.675,73.999,78.198,80.341,86.724,88.899,78.721,195.228,198.599,199.769,198.098,187.85,205.556,193.849,224.795,184.539,201.944,200.308,200.227,220.091,192.142,191.652,206.308,207.153,223.669,203.324,196.193,163.597,163.535,162.019,165.212,154.317,173.048,170.63,185.874,173.014,165.091,161.456,161.821,162.794,163.519,153.042,170.98,170.122,184.175,168.954,164.257,177.368,158.689,162.798,160.247,164.101,155.935,161.909,192.588,161.118,176.239,169.194,169.905,162.656,186.961,162.166,174.682,175.119,192.573,179.067,173.505,183.548,181.566,170.752,185.5,172.888,176.677,176.592,195.703,176.315,176.787,162.28,161.784,163.978,157.644,159.951,164.218,161.472,174.334,157.834,158.335,182.397,188.124,183.714,189.075,178.007,187.547,182.785,197.263,181.394,182.194,169.991,178.476,181.305,168.554,178.663,177.011,176.23,189.52,171.838,173.55,206.549,206.624,201.758,203.286,195.56,184.971,206.095,226.796,202.185,201.109,199.248,196.772,194.61,196.689,183.482,178.93,198.419,213.768,194.323,194.989
"102",5.05,73.33,75.208,87.906,70.33,73.998,78.127,80.325,86.844,89.343,78.74,195.39,198.414,200.651,198.151,187.391,205.457,194.089,226.331,184.755,202.03,200.253,199.634,217.844,192.008,189.808,206.391,206.961,224.951,203.844,196.094,163.69,162.861,162.504,164.513,153.999,172.817,170.575,184.946,173.067,165.164,161.514,162.598,163.069,164.358,155.238,170.907,170.092,184,169.201,164.265,177.199,159.258,163.157,159.853,161.915,155.809,161.755,191.224,161.477,176.234,169.056,170.232,161.84,185.631,162.274,174.549,175.135,192.562,177.833,173.656,183.521,181.39,170.171,185.792,172.653,176.721,176.599,195.282,175.554,176.731,162.114,161.686,165.57,157.705,160.248,164.314,161.496,175.059,157.631,158.412,182.346,187.72,184.207,190.128,176.099,187.494,182.559,197.637,180.747,182.202,169.915,178.46,183.779,169.238,179.405,176.954,176.021,190.019,172.183,173.418,206.724,204.998,201.517,203.503,196.715,184.96,206.005,225.781,200.541,201.189,199.226,195.33,193.468,196.187,180.887,178.937,198.326,213.898,193.36,195.016
"103",5.1,73.285,75.475,89.308,70.459,74.013,78.119,80.245,86.926,89.051,78.742,195.21,198.376,198.988,197.447,186.544,205.625,193.738,226.778,183.779,202.117,200.321,199.37,218.028,190.988,191.774,206.403,207.067,225.376,204.375,196.103,163.557,161.547,163.382,164.194,154.575,172.938,170.639,185.054,173.388,165.003,161.472,162.867,161.579,163.729,153.738,170.877,170.182,184.516,169.074,164.22,177.131,158.683,160.915,159.5,162.096,155.602,161.657,192.609,162.254,176.369,169.161,169.664,162.465,185.877,161.88,174.529,174.847,192.086,178.531,173.439,183.551,179.232,170.208,185.692,172.259,176.58,176.684,195.006,175.496,176.754,162.211,161.685,165.733,157.829,160.825,164.236,161.332,175.572,157.349,158.341,182.215,189.151,183.148,189.313,177.442,187.539,182.571,198.525,180.2,182.076,169.916,176.955,182.465,169.389,177.764,176.809,176.153,189.917,172.247,173.48,206.707,205.478,199.959,203.592,196.288,184.934,206.274,225.226,201.699,201.105,199.294,197.235,193.568,196.827,180.541,178.859,198.167,212.766,194.623,194.876
"104",5.15,73.284,74.871,88.283,70.511,73.133,78.079,80.262,87.246,88.751,78.727,195.297,200.174,200.992,197.351,185.708,205.558,193.799,224.625,183.712,201.842,200.235,199.381,220.923,190.446,190.624,206.297,206.826,224.259,203.972,196.223,163.605,162.077,163.465,165.466,156.426,172.782,170.616,186.403,172.815,165.188,161.594,162.969,162.347,163.244,152.647,170.867,170.258,184.155,168.614,164.315,177.126,159.455,162.357,160.269,162.817,155.74,161.674,191.867,161.578,176.247,169.177,170.892,162.862,185.154,161.554,174.523,174.951,192.624,178.032,173.563,183.465,178.801,170.964,185.423,172.217,176.615,176.601,195.206,175.071,176.746,162.227,162.355,164.435,157.511,162.216,164.108,161.289,174.765,157.795,158.351,182.263,187.317,182.912,188.461,178.045,187.398,182.482,197.687,180.469,182.062,169.831,178.846,182.609,168.779,178.22,176.758,176.076,189.623,172.213,173.476,206.606,206.747,200.392,203.106,195.68,184.98,206.235,225.857,201.505,201.044,199.327,196.131,194.097,194.802,179.22,178.884,198.265,213.548,193.425,194.817
"105",5.2,73.273,75.006,88.025,70.137,73.632,78.062,80.244,87.242,89.285,78.75,195.158,199.783,200.833,198.344,187.528,205.527,193.72,224.798,184.587,201.818,200.267,199.392,218.613,191.831,189.694,206.29,207.189,225.33,203.294,196.255,163.621,161.934,163.526,164.401,154.837,172.927,170.635,185.784,172.257,165.124,161.583,162.927,162.64,164.13,152.91,170.861,170.008,182.797,168.71,164.239,176.937,158.06,160.983,160.11,163.866,155.665,161.669,191.463,161.489,176.294,169.065,168.745,162.721,185.916,161.81,174.655,174.864,191.701,178.773,173.472,183.289,180.656,170.078,185.493,172.758,176.468,176.506,194.922,175.549,176.538,162.165,161.563,163.915,157.169,160.65,164.184,161.391,175.616,157.584,158.342,182.205,186.703,183.066,187.902,177.826,187.438,182.504,197.702,180.911,182.19,169.74,179.212,181.448,169.783,178.656,176.804,176.364,190.548,171.811,173.305,206.796,207.446,201.601,203.905,195.306,184.928,206.117,226.645,201.441,201.202,199.278,196.273,194.993,195.647,179.317,178.505,198.088,212.716,193.357,194.757
"106",5.25,73.216,75.069,88.251,70.038,74.02,78.063,80.228,86.694,89.065,78.753,194.998,199.463,198.661,197.943,185.955,205.432,193.892,224.88,184.46,201.715,200.286,199.413,218.528,191.565,188.221,206.354,207.111,226.442,203.32,196.075,163.648,162.615,163.797,165.426,156.323,172.993,170.632,185.461,172.607,165.213,161.506,163.064,162.65,163.744,153.666,170.998,170.049,184.028,168.452,164.252,177.01,158.855,162.469,160.002,163.774,155.576,161.866,191.407,162.087,176.275,169.154,170.465,162.654,185.193,161.991,174.534,174.757,193.178,178.943,173.553,183.289,180.045,170.232,184.815,171.838,176.62,176.363,194.514,175.584,176.664,162.236,161.148,165.51,157.13,158.849,164.143,161.391,175.135,157.041,158.438,182.112,189.107,183.296,188.621,177.772,187.337,182.576,198.946,180.401,182.092,169.769,179.963,181.746,169.072,180.304,176.649,176.205,189.641,171.351,173.527,206.482,206.892,202.225,203.375,197.965,184.971,206.052,226.206,200.961,200.959,199.091,195.806,192.993,195.794,178.457,178.645,198.126,213.181,193.193,194.783
"107",5.3,73.232,75.746,87.876,70.712,73.655,77.963,80.187,87.206,88.824,78.646,194.877,197.569,201.194,197.39,186.938,205.497,193.802,224.755,183.639,201.84,200.164,200.064,218.829,191.544,189.569,206.425,207.15,225.27,203.518,196.114,163.446,162.051,162.781,165.864,154.774,172.839,170.72,184.756,172.204,165.197,161.412,162.423,162.77,163.349,153.629,170.925,170.25,184.07,168.078,164.169,176.977,158.304,161.545,159.707,163.412,155.436,161.616,192.898,162.246,176.326,169.132,169.71,162.384,185.242,160.921,174.206,174.944,190.91,178.822,173.482,183.129,180.339,169.28,184.158,174.01,176.604,176.529,194.087,175.449,176.646,162.181,162.847,165.249,157.654,159.584,164.111,161.455,175.706,157.137,158.227,182.009,188.498,183.574,188.388,176.156,187.493,182.526,197.937,180.251,181.891,169.732,179.402,181.921,167.87,179.308,176.645,176.285,190.348,171.918,173.356,206.625,206.39,200.521,201.903,196.808,184.883,206.162,226.123,202.729,201.056,199.167,197.333,192.315,195.689,180.31,178.632,198.152,212.25,193.746,194.741
"108",5.35,73.16,75.066,88.065,70.26,73.595,78.034,80.083,87.1,89.481,78.759,195.125,199.244,200.416,198.311,186.691,205.4,193.638,225.055,183.94,201.93,200.319,198.324,218.976,191.997,188.637,206.251,206.852,224.973,203.088,196.128,163.411,162.151,162.776,165.235,156.276,172.944,170.623,185.23,172.46,165.187,161.546,161.59,162.19,163.053,153.707,170.97,170.347,184.56,168.634,164.169,176.874,158.022,162.545,159.854,162.016,155.523,161.719,192.35,161.438,176.26,169.143,169.46,162.141,186.724,162.653,174.37,174.547,191.921,178.445,173.445,183.28,179.093,170.276,184.445,172.902,176.365,176.433,195.735,174.791,176.678,162.194,161.614,165.346,157.174,159.212,164.128,161.168,175.186,158.037,158.303,181.996,189.324,182.478,188.628,176.895,187.206,182.582,197.071,180.32,181.997,169.613,178.773,183.16,168.826,179.055,176.542,176.281,189.183,171.398,173.198,206.629,207.488,200.972,203.511,196.235,184.89,206.023,226.095,201.342,201.11,199.144,195.334,191.859,195.746,178.027,178.49,198.049,212.899,193.453,194.629
"109",5.4,73.116,75.323,88.174,70.302,73.032,77.949,80.065,86.977,88.999,78.787,194.898,198.984,200.182,197.745,186.779,205.226,193.711,225.113,183.342,201.834,200.172,199.032,219.584,191.037,192.781,206.333,207.041,225.347,203.036,196.066,163.519,162.78,162.772,165.289,155.506,172.772,170.682,184.958,172.518,165.102,161.46,163.057,162.024,163.428,154.347,170.82,170.335,184.808,168.201,164.188,176.83,158.258,161.299,159.952,164.157,155.238,161.548,191.883,161.855,176.375,169.0665,170.245,161.802,185.817,161.598,174.187,174.751,193.147,179.178,173.492,183.209,180.873,169.001,184.385,171.328,176.364,176.228,193.649,175.541,176.562,162.038,162.475,165.126,157.176,159.307,164.076,161.356,175.428,157.004,158.375,181.856,187.338,183.089,189.667,177.014,187.139,182.26,198.222,181.02,182.07,169.712,177.781,181.975,168.306,180.998,176.637,176.225,189.317,171.945,173.241,206.56,206.425,201.805,202.918,198.443,184.804,205.866,224.087,201.224,201.024,199.202,194.97,193.476,195.58,182.711,178.308,197.958,212.439,193.971,194.63
"110",5.45,73.125,74.952,87.779,70.211,74.251,77.953,80.116,87.072,88.72,78.722,194.888,198.974,198.31,197.431,186.038,205.108,193.683,224.189,184.116,201.867,200.115,199.955,217.841,190.695,186.511,206.35,207.051,224.895,203.062,196.166,163.631,161.834,163.899,164.685,153.917,172.783,170.778,185.097,172.145,165.263,161.563,161.73,161.673,163.193,153.983,170.897,170.146,183.541,169.45,164.151,176.713,157.578,162.811,159.329,163.945,155.309,161.689,191.869,161.679,176.293,169.09,169.94,161.463,186.456,161.658,174.114,174.699,192.623,178.355,173.419,183.084,178.444,169.63,185.071,170.696,176.343,176.306,194.935,175.362,176.586,162.23,162.014,163.827,157.168,161.272,164.028,161.424,175.389,156.744,158.345,181.911,188.38,182.879,188.963,175.572,187.14,182.34,197.628,180.479,181.978,169.604,177.592,181.703,168.188,179.347,176.608,176.316,191.062,172.337,173.176,206.504,207.429,201.826,203.866,195.175,184.844,205.972,227.691,202.636,201.076,199.172,197.24,194.287,195.639,181.354,178.231,197.991,212.261,192.988,194.767
"111",5.5,73.105,74.713,87.824,70.258,73.53,77.936,80.059,86.246,88.808,78.693,195.014,197.371,199.356,197.798,186.926,205.315,193.62,224.598,183.999,201.613,200.229,200.473,220.111,190.372,191.569,206.346,206.995,225.03,203.387,196.147,163.681,162.28,163.821,164.586,154.504,172.963,170.667,185.294,172.77,165.072,161.462,162.833,161.532,163.642,153.834,170.802,170.14,184.203,168.376,164.097,176.572,160.123,162.492,159.798,163.982,155.177,161.718,191.649,161.132,176.272,168.99,170.993,162.076,185.758,161.183,174.037,174.625,191.216,177.841,173.503,183.149,180.543,169.153,183.778,172.168,176.371,176.223,194.606,175.059,176.447,162.279,161.341,166.332,157.442,160.836,164.055,161.356,175.363,158.382,158.375,181.828,186.851,182.567,188.373,175.46,187.14,182.334,197.631,180.613,182.022,169.51,179.344,181.768,168.728,178.581,176.52,176.112,189.106,172.343,173.23,206.607,206.955,200.135,203.591,195.302,184.867,206.062,226.024,201.926,201.071,198.952,194.754,193.932,196.168,179.551,178.115,198.006,213.375,193.109,194.556
"112",5.55,73.067,75.271,88.448,70.188,73.795,77.913,80.052,86.922,89.176,78.731,194.838,197.517,198.995,197.115,186.597,205.091,193.64,224.397,183.701,201.876,200.045,200.185,218.644,190.897,190.084,206.343,207.025,225.766,203.165,196.222,163.546,161.676,162.392,165.496,154.698,172.863,170.62,184.595,172.277,165.212,161.469,162.85,162.688,163.717,153.752,170.926,170.083,184.993,168.402,164.146,176.495,158.935,161.274,158.581,162.305,155.071,161.636,192.535,162.033,176.266,169.012,168.381,161.316,186.08,162.761,174.1,174.56,192.371,178.707,173.523,183.081,182.102,169.809,185.484,172.599,176.263,176.108,193.973,175.059,176.471,162.17,161.076,164.742,157.686,160.922,163.967,161.375,174.619,157.927,158.269,181.846,187.99,183.239,188.213,177.323,187.129,182.323,198.273,180.214,181.967,169.546,177.677,182.14,167.414,178.13,176.459,176.066,188.6,171.908,173.124,206.536,206.97,200.374,204.191,193.835,184.837,205.996,226.338,201.846,201.013,199.147,195.641,193.852,195.496,181.062,178.217,197.787,212.454,192.451,194.563
"113",5.6,73.014,75.067,87.597,69.843,73.298,77.886,80.037,86.794,88.981,78.773,194.77,198.012,199.526,197.412,187.905,205.31,193.703,225.972,183.422,201.808,200.027,198.958,219.891,191.751,189.587,206.338,207.023,226.199,201.926,196.207,163.426,161.996,163.701,164.812,156.298,172.801,170.506,185.338,172.919,165.123,161.462,162.931,161.452,163.693,153.835,170.847,170.007,184.73,168.536,164.155,176.561,158.151,161.465,159.871,161.918,155.096,161.602,191.924,162.004,176.246,168.76,168.287,163.149,187.765,160.554,173.836,174.511,193.126,178.256,173.588,182.903,181.584,170.08,184.592,172.4,176.19,176.258,193.699,175.072,176.574,162.163,162.326,164.735,157.238,160.308,163.961,161.318,175.254,157.28,158.262,181.654,187.455,181.699,188.216,176.734,187.218,182.376,198.287,180.282,181.817,169.528,176.638,181.675,168.75,179.192,176.394,175.918,190.298,171.601,173.066,206.623,206.176,199.563,202.49,197.499,184.845,206.14,225.972,200.563,201.147,199.097,196.423,193,196.248,179.301,178.038,197.921,213.691,193.713,194.442
"114",5.65,73.04,75.337,87.511,70.199,73.457,77.85,80.038,86.729,88.919,78.762,194.801,198.916,199.15,196.782,186.06,205.25,193.35,225.336,183.884,201.654,199.961,197.457,218.485,190.962,189.983,206.284,207.094,226.572,204.18,196.156,163.499,161.996,163.455,164.694,154.462,172.899,170.748,184.25,172.75,165.155,161.416,162.352,161.98,164.578,154.159,170.908,170.07,183.954,168.777,164.131,176.334,158.931,161.532,158.498,164.125,154.948,161.664,192.287,161.474,176.36,168.804,169.286,163.222,186.044,162.612,173.859,174.583,191.536,178.269,173.403,183.003,180.615,170.685,185.321,171.246,176.03,176.211,195.267,175.329,176.487,162.093,162.432,164.585,157.778,160.27,163.993,161.269,175.482,157.405,158.338,181.581,187.51,182.512,188.987,176.253,187.005,182.124,198.381,180.749,181.839,169.485,178.062,181.952,168.731,179.203,176.454,175.886,189.219,171.414,173.198,206.643,206.119,201.128,203.476,196.065,184.979,206.14,225.168,201.28,201.088,198.994,194.548,194.06,194.704,179.687,178.015,197.926,212.86,193.078,194.536
"115",5.7,72.991,75.051,87.517,69.847,73.308,77.854,80.063,86.182,88.647,78.752,194.706,199.449,199.39,196.999,185.77,205.053,193.426,225.287,183.573,201.819,200.149,199.529,217.922,190.467,191.814,206.282,207.087,223.728,202.745,196.18,163.586,162.852,162.609,165.007,154.195,172.796,170.542,185.749,172.382,165.111,161.328,162.593,162.9,163.29,153.558,170.925,170.083,184.536,169.043,164.078,176.377,158.244,160.96,160.333,162.055,155.023,161.455,193.19,161.643,176.132,168.936,169.015,160.968,186.595,161.915,173.908,174.532,192.365,178.341,173.484,182.841,180.452,171.109,185.456,171.343,176.077,176.161,195.247,174.645,176.562,162.096,161.074,165.656,157.181,159.853,163.883,161.196,174.517,158.022,158.295,181.508,185.556,181.943,189.177,175.127,187.027,182.073,196.936,180.186,181.807,169.431,177.175,182.357,167.735,179.518,176.309,175.717,189.339,171.287,173.061,206.603,205.733,200.758,202.757,195.242,184.722,206.207,226.332,201.459,201.065,199.028,195.24,193.355,195.436,178.898,177.833,197.885,212.548,194.104,194.476
"116",5.75,72.958,75.067,87.264,69.901,73.388,77.851,80.005,86.555,88.945,78.744,194.687,198.4,198.723,197.811,185.541,205.17,193.48,225.38,183.452,201.643,200.088,198.413,219.943,190.763,190.302,206.293,207.271,225.776,203.554,196.071,163.529,162.189,162.515,164.676,155.88,172.968,170.705,184.853,172.117,165.066,161.421,163.318,161.955,162.633,153.819,170.784,169.884,183.863,168.509,164.16,176.19,157.764,161.737,158.761,163.614,154.818,161.688,192.178,161.622,176.265,168.87,168.673,162.438,186.168,160.995,173.678,174.263,192.908,178.79,173.509,182.931,178.99,168.728,184.762,170.187,176.001,176.089,194.193,175.393,176.605,162.156,162.339,164.887,157.088,159.842,163.976,161.277,175.319,157.802,158.276,181.457,187.742,181.922,187.891,175.476,186.947,182.146,197.805,180.237,181.694,169.301,177.853,182.62,167.395,177.314,176.398,175.893,189.08,171.458,173.018,206.676,205.214,201.855,202.612,194.48,184.691,206.196,225.716,201.546,201.146,198.987,195.267,195.673,195.631,181.406,177.991,197.709,213.083,192.85,194.345
"117",5.8,72.944,74.774,87.665,69.776,73.852,77.774,80.01,86.802,88.491,78.737,194.587,199.44,200.245,197.045,185.105,204.994,193.313,225.751,182.814,201.632,200.026,198.042,220.745,191.649,191.431,206.351,207.026,223.875,203.186,196.159,163.543,161.749,162.459,164.803,153.83,172.932,170.717,184.324,173.149,165.187,161.457,162.477,162.3,163.843,154.441,170.835,170.048,182.807,168.412,164.166,176.289,158.33,161.031,159.221,164.897,154.765,161.648,192.277,161.489,176.239,168.836,169.315,161.38,184.809,162.224,173.689,174.175,192.207,177.996,173.526,182.81,179.415,168.915,185.087,173.161,175.954,176.246,194.188,175.09,176.323,162.1,161.476,164.749,157.654,159.539,163.974,161.347,174.56,158.052,158.378,181.397,186.886,182.315,188.243,175.211,187.091,182.259,196.918,181.443,181.6,169.341,178.711,181.847,169.234,178.099,176.276,175.863,190.017,171.712,173.001,206.457,205.347,201.835,202.616,197.649,184.819,206.292,225.774,200.974,201.023,198.88,196.596,194.919,196.569,178.972,177.944,197.695,211.908,193.934,194.428
"118",5.85,72.929,75.06,86.914,69.729,73.464,77.808,79.952,86.787,88.307,78.75,194.534,197.837,199.608,196.748,186.556,204.991,193.418,225.811,183.612,201.651,200.022,199.961,221.18,192.4,189,206.308,207.267,225.461,202.891,196.226,163.511,161.787,162.872,164.64,155.703,172.784,170.481,184.466,172.688,165.165,161.422,162.095,162.66,162.841,153.386,170.856,169.935,183.14,168.749,164.136,176.272,158.985,161.515,158.9,162.18,154.759,161.612,190.653,161.848,176.212,168.771,169.812,161.981,186.009,160.604,173.664,174.21,191.787,179.281,173.458,182.701,180.994,169.289,184.909,171.974,175.867,176.162,194.559,175.198,176.479,162.025,161.586,164.378,157.647,160.847,163.963,161.31,174.429,158.168,158.226,181.344,187.49,183.124,188.353,174.195,186.954,182.099,198.091,180.264,181.641,169.233,178.006,182.206,169.003,179.235,176.213,175.991,189.176,171.251,172.796,206.759,205.799,199.389,202.269,197.226,184.665,206.105,227.176,201.444,201.128,198.84,194.763,193.377,195.016,177.384,177.799,197.614,212.287,193.988,194.339
"119",5.9,72.872,75.301,88.046,69.413,73.182,77.766,79.809,86.729,88.784,78.781,194.46,197.793,199.467,197.324,186.495,204.997,193.495,224.564,183.245,201.543,199.926,196.281,220.976,192.118,189.191,206.35,207.187,225.65,203.529,196.279,163.562,161.69,163.415,164.449,155.142,172.786,170.653,184.583,172.307,165.11,161.451,163.313,162.202,163.272,152.631,170.676,169.988,184.708,168.081,164.17,176.065,157.974,159.866,159.432,162.648,154.702,161.465,191.78,161.506,176.291,168.829,169.212,161.364,185.776,160.314,173.621,174.199,191.196,178.722,173.549,182.718,179.721,170.348,184.991,171.573,175.913,176.047,194.654,174.763,176.364,162.14,161.127,163.76,157.792,160.008,164.051,161.231,175.319,156.98,158.257,181.365,187.014,182.299,187.512,174.332,186.837,182.2,197.248,180.173,181.461,169.205,177.465,181.458,168.07,178.821,176.069,175.956,189.54,170.796,173.089,206.545,206.622,200.958,202.006,199.638,184.759,206.173,224.26,201.303,201.196,198.706,197.433,192.035,196.486,177.447,177.635,197.557,213.98,192.422,194.352
"120",5.95,72.905,75.12,87.819,69.775,73.464,77.791,79.838,86.253,88.411,78.754,194.583,198.795,198.59,197.71,185.656,205.159,193.235,225.26,183.268,201.567,199.94,198.919,219.67,191.593,191.617,206.233,206.991,225.385,203.585,196.11,163.444,163.196,163.301,165.382,154.392,172.92,170.714,183.932,172.379,165.124,161.325,163.168,163.446,163.633,154.264,170.866,170.055,184.305,168.669,164.187,176.053,158.009,161.158,159.103,163.639,154.754,161.397,191.088,162.088,176.286,168.794,169.48,161.035,185.349,160.15,173.52,174.179,190.729,177.8,173.465,182.696,179.479,169.708,183.888,170.109,175.861,175.933,193.315,174.802,176.55,162.179,161.028,165.872,157.978,160.555,163.887,161.278,173.812,157.372,158.319,181.341,187.465,183.21,188.644,176.427,186.937,182.132,198.864,179.603,181.652,169.229,178.534,180.731,167.22,178.507,176.005,175.903,188.999,170.446,173.041,206.539,206.077,202.638,203.722,195.627,184.66,206.074,227.351,202.181,201.151,198.876,196.174,192.508,196.196,178.624,177.654,197.57,212.512,193.183,194.256
"121",6,72.805,74.866,88.059,69.694,73.155,77.73,79.837,86.457,88.162,78.731,194.327,197.515,198.657,197.329,186.323,204.95,193.203,223.873,182.648,201.777,199.945,198.195,219.417,191.828,191.48,206.183,207.075,225.189,203.831,196.09,163.542,161.723,162.77,165.006,154.219,172.711,170.639,184.981,172.811,165.096,161.338,162.665,162.11,163.674,153.793,170.778,170.105,185.16,168.755,164.246,175.944,158.388,160.589,159.791,161.712,154.678,161.278,190.851,161.618,176.159,168.787,170.011,160.638,186.473,161.882,173.344,174.122,191.59,179.3,173.412,182.766,180.127,168.519,184.817,172.034,175.889,175.957,195.019,174.642,176.403,162.129,161.411,164.232,157.629,160.102,163.821,161.318,175.029,157.401,158.252,181.284,186.461,182.821,188.178,175.01,186.875,182.014,196.127,180.387,181.661,169.204,178.399,183.169,168.205,178.2,176.213,175.871,189.42,171.413,172.847,206.506,205.855,200.699,203.805,196.578,184.732,206.165,225.017,201.515,201.14,198.845,197.375,191.886,195.909,178.132,177.521,197.639,212.216,193.149,194.32
"122",6.05,72.833,75.421,87.765,69.674,73.668,77.739,79.715,86.746,88.648,78.726,194.467,198.935,198.86,197.591,187.256,204.917,193.298,224.487,182.529,201.713,199.872,198.907,220.292,191.558,191.053,206.152,207.046,225.794,202.751,196.151,163.406,162.615,162.413,165.072,156.244,172.823,170.638,184.747,172.846,164.922,161.424,164.141,163.525,163.357,153.927,170.723,170.056,184.479,168.524,164.071,175.882,157.855,160.463,158.547,163.677,154.474,161.451,192.288,161.098,176.141,168.566,168.768,161.795,185.475,162.658,173.377,174.039,191.248,178.389,173.548,182.655,179.757,168.368,183.356,172.617,175.737,175.837,193.871,175.315,176.449,162.123,162.531,164.751,157.668,160.908,163.887,161.354,175.497,157.474,158.333,181.232,187.747,182.445,188.377,176.676,186.919,182.129,197.504,180.512,181.749,169.157,177.111,183.189,167.533,178.959,175.94,175.848,189.743,170.484,172.9,206.637,207.541,199.076,203.156,196.834,184.813,205.92,227.012,200.835,201.203,198.902,195.337,193.262,196.236,178.278,177.648,197.477,212.337,193.358,194.216
"123",6.1,72.783,75.1,87.253,69.544,73.689,77.733,79.729,86.379,88.736,78.738,194.441,198.089,199.942,197.739,185.947,204.771,193.193,223.616,183.203,201.603,199.87,198.555,220.473,192.002,189.94,206.203,207.166,227.622,203.786,196.075,163.383,161.489,163.044,164.785,154.16,172.836,170.492,184.495,172.512,165.023,161.418,163.544,161.637,163.594,152.427,170.862,170.206,184.18,168.732,164.16,175.948,157.868,160.807,158.104,162.677,154.339,161.387,191.452,161.119,176.26,168.648,167.616,161.286,185.995,161.395,173.37,174.069,190.795,177.766,173.541,182.549,180.71,168.076,184.094,171.845,175.809,175.989,195.441,174.719,176.444,162.13,161.899,164.655,157.051,160.164,163.811,161.325,174.204,157.521,158.299,181.045,187.48,182.833,187.747,174.736,186.758,181.902,196.857,179.64,181.715,169.138,176.981,181.375,168.698,176.967,175.847,175.904,188.683,171.249,172.907,206.629,206.446,199.813,202.238,196.444,184.71,206.224,226.126,201.092,201.16,198.892,194.705,192.921,195.394,179.177,177.423,197.632,212.237,192.08,194.316
"124",6.15,72.797,74.62,87.513,69.682,73.399,77.684,79.728,86.528,88.34,78.708,194.466,198.696,199.276,197.237,186.559,204.904,193.203,226.515,183.388,201.547,199.894,198.918,219.096,192.274,190.839,206.261,206.942,225.413,202.535,196.288,163.497,161.462,162.547,165.878,153.784,172.86,170.582,184.959,172.196,164.949,161.467,162.181,161.342,163.483,152.608,170.74,170.091,184.342,168.788,164.104,175.796,158.087,160.417,158.979,163.456,154.306,161.352,192.291,161.057,176.085,168.707,169.499,161.393,184.916,160.879,173.254,173.861,190.768,178.524,173.447,182.477,179.197,169.15,184.655,172.161,175.649,175.784,195.122,174.71,176.223,162.158,161.618,164.607,157.705,160.977,163.96,161.371,173.96,157.305,158.294,180.974,188.069,181.32,188.483,174.253,186.776,181.908,197.769,179.993,181.498,168.879,178.059,182.272,167.615,179.123,175.944,175.917,188.129,171.829,172.841,206.605,206.72,200.734,203.179,195.182,184.677,206.305,226.471,201.314,201.155,198.602,194.71,194.596,194.116,177.697,177.442,197.432,212.01,193.191,194.223
"125",6.2,72.712,74.724,87.747,69.621,72.922,77.673,79.687,86.755,88.471,78.692,194.245,198.547,200.589,197.287,185.165,204.868,193.105,224.317,182.885,201.634,199.808,198.8,218.602,190.014,190.352,206.283,207.099,225.558,203.898,196.291,163.569,162.308,162.552,165.04,154.025,172.842,170.488,186.426,172.431,164.952,161.423,163.43,163.037,163.414,154.409,170.817,170.23,184.822,168.537,164.012,175.63,158.25,160.286,159.392,162.832,154.39,161.406,191.321,161.197,176.205,168.642,169.11,161.615,184.98,160.627,173.274,173.823,191.798,178.059,173.512,182.436,180.082,168.703,184.089,169.634,175.598,175.864,195.36,174.826,176.373,162.104,162.074,164.632,157.848,161.537,163.82,161.246,176.112,157.472,158.232,180.925,186.176,183.361,188.148,174.181,186.781,182.013,196.572,179.788,181.542,169.002,179.091,181.062,167.884,178.994,175.929,175.952,189.671,170.89,172.851,206.391,206.912,200.287,203.333,196.289,184.688,206.092,226.115,201.395,201.064,198.788,195.875,193.224,195.765,179.031,177.281,197.448,212.071,193.302,194.218
"126",6.25,72.708,74.71,87.687,69.504,73.179,77.682,79.714,86.216,88.016,78.732,194.271,197.707,199.103,195.277,187.602,205.049,193.075,223.743,182.811,201.646,199.744,197.666,219.508,191.196,188.523,206.328,207.123,225.261,202.51,196.16,163.435,161,162.895,164.743,152.884,172.859,170.593,185.776,171.955,164.978,161.285,163.303,161.3,163.609,154.693,170.794,169.863,181.992,168.512,164.114,175.723,158.509,160.726,159.186,163.282,154.348,161.283,191.869,161.306,176.277,168.767,169.339,161.049,184.888,161.59,173.174,173.902,191.077,178.205,173.38,182.41,179.762,169.917,182.713,173.166,175.59,175.84,193.952,174.246,176.467,161.975,161.816,164.697,156.931,159.128,163.807,161.293,174.945,157.302,158.199,180.906,188.004,181.475,187.567,174.127,186.754,182.01,196.821,179.98,181.383,169.006,176.754,182.694,168.149,178.644,175.726,175.944,188.099,171.136,172.732,206.59,205.515,199.231,203.436,194.686,184.599,206.473,226.196,201.585,201.05,198.647,195.524,194.441,195.723,176.403,177.212,197.373,212.474,193.563,194.213
"127",6.3,72.713,74.907,87.488,69.393,73.748,77.598,79.658,86.609,88.262,78.755,194.336,197.588,199.18,197.653,187.362,204.763,193.188,224.856,183.182,201.622,199.852,198.596,220.747,191.705,190.066,206.246,207.166,224.2,203.561,196.187,163.481,162.734,162.394,164.419,155.158,172.86,170.433,185.437,172.756,165.017,161.395,162.806,162.528,162.595,152.971,170.834,170.16,184.82,168.67,164.06,175.521,158.235,161.095,158.329,162.243,154.314,161.324,192.002,160.871,176.194,168.602,168.689,161.284,185.958,162.876,173.174,173.761,191.488,178.027,173.321,182.457,178.349,168.582,185.136,171.095,175.522,175.799,194.191,174.979,176.414,162.096,160.385,163.961,157.288,162.282,163.946,161.371,176.111,158.107,158.271,180.888,185.217,182.387,188.024,176.586,186.66,181.741,196.45,179.98,181.415,168.946,177.043,182.152,167.909,177.333,175.822,175.816,189.088,170.289,172.746,206.492,206.043,200.015,203.818,197.261,184.629,206.277,225.546,202.129,201.131,198.712,194.796,193.225,194.192,179.747,177.092,197.376,211.825,193.33,193.986
"128",6.35,72.655,74.57,86.786,69.354,73.228,77.638,79.574,86.266,88.511,78.753,194.252,197.83,198.915,197.226,187.123,204.731,193.181,224.293,182.782,201.616,199.742,198.239,220.064,192.632,190.505,206.325,207.053,224.765,203.976,196.114,163.324,163.15,163.523,164.52,153.671,172.759,170.709,184.409,173.21,164.92,161.388,163.215,163.543,162.589,154.445,170.82,169.991,184.379,168.066,163.97,175.469,157.412,159.825,158.596,160.35,154.127,161.337,192.558,161.421,176.255,168.633,169.56,161.467,185.366,161.477,173.067,173.926,190.694,178.135,173.428,182.437,179.657,169.125,184.086,172.437,175.586,175.635,194.313,175.249,176.465,162.04,162.07,164.602,157.239,159.974,163.802,161.157,174.392,157.625,158.301,180.787,185.956,183.62,188.057,173.943,186.728,181.874,196.625,180.411,181.534,168.907,175.973,182.537,167.885,179.263,175.769,175.842,189.212,171.122,172.691,206.376,205.656,199.514,204.452,196.863,184.693,206.22,226.65,201.864,201.037,198.626,195.977,192.928,196.029,176.898,177.047,197.097,210.444,192.071,194.058
"129",6.4,72.588,74.901,87.307,69.449,73.134,77.608,79.594,86.538,88.562,78.773,194.268,197.676,199.559,196.547,185.341,204.758,193.046,224.178,182.589,201.214,199.707,197.476,220.835,190.872,190.813,206.239,207.106,224.266,203.505,196.198,163.368,161.448,162.419,164.818,156.192,172.796,170.545,183.433,172.624,165.072,161.314,162.875,163.081,163.127,154.228,170.748,170.152,184.635,168.635,164.059,175.444,158.302,159.875,158.664,162.566,153.999,161.319,191.646,161.046,176.174,168.547,168.408,161.595,185.162,161.977,173.022,173.856,191.637,178.457,173.45,182.342,177.426,168.73,184.621,173.049,175.658,175.595,194.437,175.054,176.348,162.033,162.023,165.226,157.097,160.748,163.81,161.188,174.676,158.186,158.257,180.78,188.107,181.516,188.326,174.288,186.628,181.737,197.653,179.985,181.482,168.866,177.055,182.199,167.008,178.826,175.865,175.664,189.18,170.844,172.732,206.524,206.401,201.727,202.575,197.487,184.596,206.135,227.499,201.483,201.181,198.683,194.913,193.481,194.568,180.573,177.163,197.112,211.908,193.151,194.148
"130",6.45,72.599,74.385,86.882,69.33,72.915,77.58,79.579,86.21,88.681,78.728,194.214,198.206,198.944,195.721,186.036,204.701,193.007,222.679,182.5,200.731,199.585,197.683,218.661,191.084,189.204,206.19,207.136,222.572,204.099,196.029,163.366,162.468,162.498,165.016,155.242,172.762,170.659,184.348,172.637,165.041,161.336,162.771,163.554,163.016,153.711,170.754,170.125,183.688,168.319,164.112,175.258,159.244,160.166,158.857,161.132,154.095,161.324,192.435,161.18,176.198,168.49,169.532,161.188,185.352,160.743,172.973,173.799,191.956,178.386,173.362,182.347,180.664,168.867,184.113,170.692,175.481,175.749,194.485,174.978,176.241,161.993,162.644,164.426,156.997,160.046,163.793,161.302,174.319,157.51,158.275,180.838,185.465,181.897,188.087,174.124,186.653,181.899,196.63,179.611,181.517,168.813,176.391,181.903,167.226,178.205,175.639,175.417,189.251,170.486,172.735,206.565,205.502,200.632,203.864,196.07,184.681,206.08,226.254,201.433,201.072,198.474,195.261,193.694,194.553,177.483,176.956,197.129,213.588,192.694,194.083
"131",6.5,72.598,74.744,87.443,69.074,73.22,77.512,79.503,85.947,88.438,78.721,194.095,197.892,200.05,197.765,185.971,204.727,193.065,224.705,183,200.65,199.606,198.467,221.926,191.569,191.485,206.269,207.132,225.036,202.832,196.203,163.395,162.523,162.848,164.98,154.914,172.812,170.554,185.787,172.463,165.047,161.404,163.011,161.341,163.474,153.794,170.774,170.032,184.145,169.175,164.134,175.477,158.489,160.553,157.856,163.065,154.041,161.258,191.531,161.115,176.255,168.407,169.471,159.188,186.934,160.536,172.805,173.734,192.108,178.854,173.441,182.229,178.396,168.076,184.658,170.432,175.539,175.76,194.25,175.267,176.307,162.097,161.334,165.318,157.191,161.046,163.666,161.287,175.185,157.175,158.224,180.657,186.904,181.865,187.844,176.396,186.629,181.64,195.852,179.432,181.497,168.823,177.799,181.958,166.736,177.833,175.685,175.663,188.899,171.124,172.661,206.431,206.582,200.718,202.43,196.237,184.523,206.223,227.008,201.849,201.114,198.558,195.637,191.468,194.974,179.468,176.796,197.13,211.33,192.574,193.91
"132",6.55,72.564,75.18,88.216,69.271,73.029,77.517,79.521,86.15,88.357,78.749,194.084,197.983,198.893,197.593,185.121,204.602,192.894,223.949,182.126,200.53,199.594,197.33,220.364,190.822,191.362,206.27,207.069,226.635,202.829,196.137,163.35,162.049,162.614,164.585,153.924,172.862,170.639,185.169,172.141,164.932,161.394,162.132,162.457,163.92,154.286,170.867,170.168,184.046,169.073,164.18,175.317,158.022,160.513,158.857,161.977,153.963,161.205,190.966,160.739,176.215,168.399,168.396,160.8,185.114,161.413,172.785,173.786,190.833,177.578,173.507,182.29,179.204,168.328,183.703,171.68,175.405,175.693,193.775,174.012,176.309,162.158,161.357,165.41,157.524,160.6,163.73,161.229,175.473,157.957,158.155,180.656,184.074,182.046,188.265,175.522,186.612,181.783,196.423,179.373,181.16,168.809,177.941,181.991,166.77,179.76,175.404,175.56,189.118,170.937,172.723,206.557,205.347,199.783,202.951,198.3,184.651,206.264,226.009,200.817,201.133,198.534,195.574,192.157,194.101,178.631,176.805,197.109,212.407,193.246,193.857
"133",6.6,72.575,74.915,87.305,69.17,72.974,77.535,79.425,86.374,88.472,78.731,194.226,196.372,199.906,197.371,186.215,204.725,193.203,224.606,182.43,200.201,199.649,198.139,219.161,191.768,189.467,206.399,207.186,225.682,202.594,196.194,163.341,162.457,163.768,164.057,154.352,172.797,170.636,184.464,172.383,165.036,161.307,162.629,162.675,163.416,154.391,170.829,170.069,183.286,169.199,164.177,175.167,157.864,159.628,158.614,162.576,154.005,161.318,191.986,160.634,176.182,168.398,168.62,160.693,185.124,161.482,172.714,173.574,190.32,178.097,173.34,182.225,180.859,168.984,185.303,171.323,175.297,175.597,194.396,174.65,176.251,162.039,162.125,165.028,157.841,160.611,163.746,161.286,174.745,157.524,158.213,180.562,186.66,181.52,187.86,174.569,186.458,181.774,196.442,179.139,181.299,168.664,176.601,182.425,167.274,177.548,175.532,175.588,188.335,170.46,172.655,206.484,206.803,200.348,202.374,197.533,184.592,206.059,225.632,202.295,201.092,198.514,195.62,192.512,195.238,177.948,176.697,197.268,212.46,193.056,193.876
"134",6.65,72.509,74.733,87.087,69.212,73.329,77.474,79.469,86.404,88.147,78.726,194.1,198.422,199.048,195.784,186.627,204.623,192.948,224.44,183.67,200.172,199.685,196.872,221.635,190.582,192.37,206.393,207.022,225.689,203.747,196.065,163.267,162.239,161.758,164.922,154.178,172.767,170.54,185.651,172.268,164.953,161.338,162.219,162.43,163.277,153.809,170.711,170.006,184.147,168.719,164.198,175.071,157.81,160.006,159.522,163.564,153.752,161.044,190.729,161.338,176.256,168.419,168.109,159.995,186.096,160.985,172.618,173.597,190.505,177.913,173.393,182.148,179.712,168.185,183.857,174.33,175.333,175.627,193.865,174.533,176.35,162.015,162.103,164.772,156.945,160.96,163.748,161.321,175.392,158.314,158.165,180.47,187.831,181.443,188.175,175.391,186.5,181.527,197.168,179.815,181.352,168.71,176.809,182.5,166.471,179.736,175.409,175.287,188.698,170.874,172.631,206.496,206.936,201.954,202.751,197.293,184.549,206.205,225.449,201.164,201.053,198.504,194.702,192.069,194.489,178.63,176.667,196.848,210.937,193.193,193.992
"135",6.7,72.46,75.045,87.265,69.148,72.726,77.476,79.346,85.954,87.681,78.727,193.916,198.253,199.739,196.708,186.123,204.8,192.822,223.267,182.215,200.067,199.612,198.419,219.976,191.458,189.567,206.225,206.984,226.914,202.875,196.157,163.364,161.976,163.693,165.366,155.031,172.7,170.345,184.507,172.115,164.993,161.37,163.02,161.73,163.043,153.969,170.611,169.973,184.092,168.442,164.097,175.069,157.808,159.107,158.771,162.456,153.836,161.239,190.832,161.37,176.259,168.398,167.957,160.734,185.026,161.398,172.435,173.405,190.154,177.755,173.344,182.175,179.146,168.837,183.527,171.256,175.222,175.476,193.543,174.52,176.233,161.949,161.591,165.195,157.469,160.939,163.772,161.052,174.454,158.004,158.292,180.467,186.551,180.45,188.971,176.646,186.472,181.62,196.765,179.789,181.253,168.612,177.319,180.792,167.133,176.011,175.557,175.436,188.106,170.784,172.591,206.553,207.646,200.349,202.814,196.999,184.565,206.135,226.473,201.133,201.107,198.483,196.081,191.17,195.194,176.58,176.599,197.097,211.839,192.596,193.902
"136",6.75,72.414,74.885,87.26,68.772,72.66,77.479,79.344,86.397,88.318,78.782,193.962,197.535,199.382,197.312,185.884,204.563,192.904,224.375,182.477,200.022,199.584,196.577,219.812,190.951,189.846,206.345,207.208,225.906,203.912,196.089,163.345,162.421,163.521,165.231,154.499,172.834,170.571,184.793,172.763,164.927,161.335,162.123,162.922,163.026,154.027,170.769,170.048,184.423,168.768,164.063,175.221,157.791,159.112,158.013,162.552,153.691,161.264,192.086,161.268,176.185,168.381,168.565,160.916,185.177,162.02,172.621,173.403,191.724,177.884,173.337,182.186,177.861,168.726,183.209,171.009,175.205,175.476,194.096,174.019,176.272,161.937,161.482,163.615,157.522,159.79,163.727,161.243,175.657,157.815,158.229,180.516,186.146,182.786,187.73,174.707,186.511,181.519,196.555,179.201,181.301,168.466,177.563,181.803,167.006,178.995,175.666,175.397,187.508,169.923,172.561,206.356,205.578,201.388,203.281,196.189,184.555,206.048,224.832,201.791,201.065,198.449,194.741,193.138,195.55,176.015,176.533,196.901,210.63,192.911,193.959
"137",6.8,72.451,75.36,86.699,69.147,73.547,77.486,79.305,85.916,87.783,78.693,193.831,197.059,198.599,196.724,185.526,204.61,192.743,223.938,182.002,199.863,199.586,198.005,221.344,192.507,188.436,206.179,207.109,226.66,203.265,196.078,163.273,162.686,163.076,163.934,154.169,172.776,170.665,184.748,172.181,164.993,161.418,162.82,162.085,163.091,153.588,170.733,169.894,184.281,168.269,163.982,174.887,158.221,159.153,158.402,162.504,153.794,161.128,189.497,160.914,176.097,168.421,168.363,159.813,184.518,159.111,172.424,173.467,191.452,177.455,173.306,181.938,180.268,169.031,184.461,172.872,175.26,175.633,193.564,174.403,176.08,162.023,161.177,164.803,157.247,159.575,163.678,161.321,175.536,157.212,158.133,180.194,186.882,181.037,187.449,175.269,186.453,181.609,195.657,179.511,181.15,168.475,176.153,182.922,167.53,177.428,175.552,175.324,188.445,170.309,172.413,206.613,206.178,199.842,202.873,196.027,184.604,206.071,225.747,200.86,201.164,198.537,195.198,191.701,194.402,177.613,176.627,196.944,211.107,192.862,193.78
"138",6.85,72.411,74.519,86.818,69.069,73.001,77.417,79.29,86.015,88.067,78.711,193.812,197.203,199.139,196.16,187.491,204.55,192.823,224.301,182.41,199.841,199.495,197.738,220.537,192.156,188.562,206.16,207.123,225.09,203.007,196.268,163.412,161.784,163.096,164.753,155.036,172.827,170.533,184.675,171.908,164.976,161.186,163.871,162.125,163.778,154.003,170.657,170.016,183.625,168.505,164.116,175.022,156.768,158.575,158.31,162.831,153.706,161.031,190.628,161.41,176.259,168.235,168.649,160.077,184.819,160.008,172.556,173.564,190.5,178.513,173.391,182.074,178.604,167.787,184.529,171.201,175.244,175.402,193.213,174.184,176.104,162.026,162.382,165.157,157.32,159.78,163.731,161.179,174.262,157.944,158.298,180.247,186.472,182.612,188.497,175.978,186.356,181.527,196.494,179.739,181.298,168.628,177.178,182.08,166.811,177.21,175.262,175.678,188.484,170.08,172.524,206.466,206.207,200.571,202.967,198.3,184.524,206.066,225.821,201.373,201.169,198.492,193.825,190.431,194.853,177.59,176.636,196.936,212.014,192.775,193.727
"139",6.9,72.399,74.432,86.858,68.849,73.258,77.409,79.249,86.259,87.678,78.726,193.988,198.896,198.766,196.054,184.169,204.52,192.678,223.47,182.326,200.037,199.484,197.587,219.961,191.439,191.426,206.172,207.065,226.046,203.836,196.195,163.286,161.701,163.287,164.504,154.87,172.83,170.687,184.182,171.378,164.918,161.174,161.838,163.129,164.383,153.223,170.75,170.198,183.76,168.379,164.078,174.891,158.76,159.226,158.159,162.932,153.616,160.95,191.152,161.092,176.239,168.229,168.965,160.367,184.859,160.674,172.365,173.259,189.954,177.697,173.346,182.005,180.702,168.037,183.77,172.113,174.961,175.455,194.306,174.648,176.102,162.084,162.504,164.706,157.448,161.237,163.68,161.382,173.878,158.4,158.114,180.066,186.025,182.32,188.552,175.83,186.456,181.525,196.801,179.726,181.089,168.433,176.269,183.163,166.984,177.657,175.309,175.478,188.744,169.72,172.488,206.461,207.505,200.237,203.666,198.57,184.498,206.296,224.787,201.422,201.144,198.397,195.534,192.043,194.207,176.085,176.362,196.896,212.938,192.256,193.657
"140",6.95,72.387,74.901,87.186,69.201,73.51,77.381,79.294,86.087,88.092,78.752,193.916,197.936,198.498,196.303,185.596,204.545,192.592,224.75,181.854,199.853,199.484,197.656,220.008,190.688,191.016,206.289,207.27,225.464,203.071,196.247,163.271,161.882,163.375,165.853,154.277,172.697,170.499,184.897,171.754,165.005,161.261,161.607,161.25,163.44,153.768,170.75,170.077,184.607,168.672,164.095,174.851,157.79,158.941,158.27,160.76,153.452,161.077,191.159,161.095,176.247,168.295,167.154,160.151,184.446,161.205,172.358,173.287,190.706,177.674,173.367,181.92,178.436,168.66,182.344,170.554,175.03,175.508,193.269,174.392,176.163,162.019,162.133,164.705,157.158,161.803,163.635,161.274,174.225,157.538,158.17,179.987,187.281,181.216,187.949,176.182,186.142,181.53,196.152,179.821,181.121,168.435,176.766,181.998,167.855,177.736,175.351,175.604,189.033,169.94,172.315,206.495,206.136,200.744,204.165,197.136,184.571,206.23,225.956,200.78,201.129,198.37,194.211,192.953,194.004,176.479,176.481,196.844,212.216,192.494,193.708
"141",7,72.347,74.45,87.088,68.881,72.653,77.369,79.229,86.194,87.651,78.765,193.92,197.83,199.453,197.636,186.693,204.55,192.584,222.974,181.802,199.844,199.528,197.41,217.257,191.092,190.525,206.136,207.015,225.919,203.795,196.208,163.331,161.839,163.107,164.722,155.606,172.681,170.471,185.689,171.984,164.889,161.298,162.407,163.058,162.025,151.703,170.667,170.085,184.277,168.354,164.156,174.776,157.889,159.315,158.52,163.603,153.409,161.078,190.236,160.954,176.163,168.24,168.038,159.797,184.256,160.753,172.285,173.163,189.896,177.583,173.362,181.896,180.229,167.382,184.026,171.129,175.048,175.317,193.97,174.537,175.991,161.936,161.643,164.78,157.365,159.795,163.707,161.298,174.188,158.042,158.244,180.071,188.166,179.726,188.23,175.58,186.334,181.347,195.85,180.044,181.011,168.458,176.898,180.492,166.695,177.576,175.222,175.45,187.587,169.792,172.452,206.407,205.17,199.514,203.901,195.726,184.554,206.133,226.44,201.086,201.137,198.344,194.783,192.929,195.6,176.541,176.394,196.636,211.783,192.874,193.703
"142",7.05,72.301,74.724,87.079,68.883,73.094,77.399,79.163,86.583,87.391,78.698,193.647,198.132,199.924,196.523,186.273,204.506,192.626,223.738,182.442,199.786,199.164,199.174,219.796,191.9,189.837,206.154,207.044,225.436,204.451,196.163,163.212,162.04,162.598,164.768,154.833,172.656,170.549,185.28,172.812,164.803,161.352,162.705,162.02,163.03,152.815,170.753,170.008,183.367,168.473,164.057,174.828,158.657,157.237,158.768,162.801,153.297,161.058,191.509,161.21,176.239,168.298,168.246,160.294,185.475,161.356,172.176,173.132,190.536,177.64,173.426,181.829,178.707,168.183,182.692,171.46,174.999,175.498,194.329,174.754,176.029,161.908,162.725,164.203,156.905,161.524,163.732,161.31,173.646,158.163,158.227,179.915,187.688,180.874,186.819,174.906,186.331,181.374,196.286,179.284,181.066,168.364,176.69,180.631,167.05,176.757,175.093,175.436,189.307,170.008,172.404,206.5,205.119,201.405,203.494,198.391,184.524,206.119,226.485,202.266,201.116,198.321,194.52,192.156,194.629,176.018,176.389,196.709,211.236,193.209,193.762
"143",7.1,72.269,74.796,86.894,68.903,73.375,77.326,79.2,86.467,88.224,78.697,193.854,195.996,198.515,196.66,186.347,204.502,192.759,224.107,182.131,199.771,199.281,197.793,220.314,191.136,190.222,206.316,207.134,226.494,203.647,196.231,163.265,161.93,162.94,164.85,155.227,172.755,170.702,185.863,171.843,164.936,161.333,161.96,161.602,162.994,152.496,170.562,170.176,183.793,168.263,164.233,174.653,157.551,158.695,159.059,160.915,153.371,160.849,190.339,160.235,176.014,168.304,168.706,159.913,185.772,159.476,172.247,173.147,189.4,178.013,173.348,181.828,179.707,168.189,183.88,173.045,174.871,175.482,194.362,174.519,175.948,161.975,162.447,165.723,157.619,160.239,163.632,161.153,175.631,158.438,158.236,180.032,184.982,181.995,189.024,173.479,186.352,181.345,196.365,178.904,180.99,168.281,178.754,181.916,166.46,177.956,175.247,175.388,188.486,169.267,172.376,206.457,205.015,200.013,202.677,196.065,184.667,206.298,226.898,201.646,201.166,198.292,195.552,193.185,194.398,177.68,176.191,196.736,211.272,192.615,193.715
"144",7.15,72.251,74.571,87.038,68.56,72.724,77.324,79.21,86.496,87.75,78.766,193.596,197.607,197.702,196.503,185.089,204.466,192.695,223.217,181.583,199.811,199.37,197.847,221.097,191.423,189.82,206.116,207.09,224.466,203.392,196.136,163.22,162.09,163.951,164.874,154.827,172.793,170.53,184.926,172.678,164.912,161.263,163.32,162.212,163.508,153.337,170.716,170.055,184.505,168.539,164.178,174.711,158.006,158.358,157.794,162.188,153.352,161.036,190.79,160.676,176.213,168.212,168.137,160.506,185.353,159.625,172.161,173.107,190.699,177.716,173.356,181.799,177.518,167.051,183.067,172.228,174.85,175.183,194.122,173.941,175.926,162.086,162.062,164.464,157.259,160.158,163.686,161.285,174.702,159.179,158.184,179.78,185.272,180.757,188.809,175.873,186.332,181.26,196.111,179.29,181.023,168.35,176.499,181.574,166.186,179.182,175.024,175.331,189.643,169.656,172.358,206.414,206.875,200.819,202.929,195.697,184.445,206.142,224.085,201.116,201.054,198.246,194.601,192.475,194.691,175.074,176.115,196.67,211.25,192.65,193.605
"145",7.2,72.221,74.96,87.123,68.846,72.552,77.321,79.151,86.711,88.233,78.733,193.529,197.419,198.599,196.733,185.067,204.498,192.653,222.392,181.4,199.711,199.472,198.489,219.562,190.568,189.53,206.238,207.108,224.131,203.457,196.12,163.177,161.803,162.967,165.293,155.314,172.782,170.706,184.711,172.544,164.953,161.186,162.641,162.152,164,153.359,170.683,170.012,184.371,168.069,164.052,174.588,157.937,158.974,157.75,161.901,153.267,160.936,191.61,160.821,176.185,168.346,168.735,159.9,185.24,161.201,171.96,173.119,190.589,177.338,173.476,181.744,179.207,168.716,183.188,171.563,174.896,175.271,195.223,174.155,176.053,161.96,162.378,165.003,157.572,159.715,163.583,161.329,175.035,157.702,158.249,179.774,186.723,181.206,187.815,175.386,186.276,181.333,196.787,179.435,181.049,168.176,177.193,181.191,167.172,177.096,174.932,175.474,187.964,170.004,172.353,206.461,207.154,200.157,203.221,196.47,184.454,206.293,227.038,202.292,201.037,198.282,195.874,192.451,193.946,176.195,176.076,196.65,211.415,192.576,193.599
"146",7.25,72.219,74.422,86.768,68.858,73.137,77.27,79.152,85.783,88.058,78.784,193.543,198.566,198.541,197.378,186.006,204.401,192.727,224.673,181.167,199.665,199.396,197.19,221.563,191.679,190.542,206.223,207.253,224.852,203.397,196.162,163.087,161.375,161.91,165.164,154.631,172.67,170.517,185.616,172.76,164.953,161.295,161.779,161.514,162.889,152.81,170.682,170.214,184.648,167.955,163.973,174.41,156.89,158.971,159.004,162.71,153.316,160.973,191.965,160.471,176.137,168.066,168.072,160.316,183.908,161.624,171.952,172.913,190.253,177.321,173.271,181.732,179.891,167.105,183.348,172.261,174.672,175.299,193.887,174.349,176.069,161.975,161.402,164.537,156.985,160.449,163.653,161.291,174.242,157.999,158.261,179.774,187.075,181.028,188.19,175.25,186.181,181.443,196.304,179.436,180.964,168.143,176.704,181.045,166.125,177.109,175.052,175.38,187.992,170.24,172.367,206.649,207.703,201.455,203.586,196.239,184.573,206.111,226.484,201.477,201.191,198.242,196.439,191.71,195.392,175.557,175.883,196.652,212.014,192.108,193.599
"147",7.3,72.209,74.303,87.104,68.814,72.663,77.321,79.123,86.567,87.536,78.754,193.444,195.706,199.26,198.079,186.359,204.427,192.416,222.227,181.545,199.714,199.269,199.034,219.99,192.282,191.374,206.381,207.135,224.966,203.189,196.081,163.117,161.309,162.272,165.231,154.688,172.786,170.528,185.231,172.11,164.798,161.313,162.097,162.579,162.67,151.311,170.579,170.171,183.179,168.488,164.031,174.306,157.515,159.039,158.352,162.137,153.134,160.957,191.321,161.006,176.212,168.305,168.855,159.34,185.629,161.487,171.914,172.897,191.277,177.381,173.256,181.599,179.756,167.62,183.257,171.178,174.671,175.149,193.639,174.407,176.072,161.981,160.822,163.814,156.881,160.857,163.591,161.214,174.658,158.169,158.069,179.711,187.712,181.591,188.098,174.422,186.305,181.212,197.331,179.025,180.991,168.176,177.649,181.273,166.458,178.625,175.044,175.302,188.744,170.416,172.381,206.42,206.231,201.257,203.308,197.793,184.49,206.235,225.279,201.882,200.978,198.299,194.783,191.561,196.021,176.939,175.906,196.304,211.429,193.694,193.567
"148",7.35,72.149,74.759,86.657,68.599,73.129,77.322,79.048,86.184,87.946,78.705,193.584,196.988,199.782,196.054,185.59,204.265,192.444,224.228,182.197,199.571,199.149,195.933,219.915,192.069,189.636,206.176,207.192,225.273,203.815,196.227,163.227,162.045,162.727,164.879,155.386,172.85,170.613,185.852,171.288,164.881,161.264,162.478,162.395,163.185,153.594,170.642,170.034,184.421,168.583,164.079,174.321,157.598,158.496,158.252,161.728,153.144,160.933,191.08,160.29,176.178,168.157,168.302,160.179,185.428,159.808,171.837,172.879,189.684,177.528,173.404,181.665,178.721,167.222,183.017,172.027,174.739,175.242,193.759,174.098,176.14,161.919,161.852,164.243,156.867,160.759,163.665,161.238,174.454,158.11,158.188,179.548,186.433,179.913,186.969,174.577,186.175,181.174,197.503,179.56,180.827,168.071,176.03,181.131,166.446,179.011,175.012,175.425,188.015,170.72,172.132,206.419,204.538,201.42,203.17,193.56,184.513,206.263,227.002,201.796,201.139,198.218,194.504,191.612,195.787,177.091,175.977,196.562,211.057,192.883,193.595
"149",7.4,72.097,74.576,87.009,68.89,72.907,77.256,79.083,86.248,87.789,78.725,193.472,196.682,198.225,197.47,183.716,204.418,192.4,223.079,181.149,199.69,199.171,197.552,220.886,191.862,187.697,206.105,207.224,224.958,203.121,196.161,163.104,161.417,163.739,165.582,155.894,172.811,170.565,185.389,172.602,164.864,161.274,162.578,162.068,162.682,153.638,170.76,170.121,184.473,168.302,164.023,174.134,156.928,157.8,158.252,161.03,152.973,160.929,191.725,160.608,176.158,168.124,168.672,161.226,184.82,160.571,171.666,172.846,190.978,177.168,173.331,181.514,179.146,168.222,182.928,173.407,174.762,175.147,194.029,173.682,175.831,161.948,161.811,163.729,157.579,161.762,163.56,161.16,173.772,157.869,158.307,179.552,186.477,181.06,187.802,172.937,186.104,181.349,196.077,179.337,180.917,168.007,176.768,180.743,166.37,178.471,175.002,175.345,188.857,169.938,172.187,206.458,204.033,200.931,202.878,196.957,184.626,206.292,223.387,201.34,201.011,197.978,195.121,192.442,194.336,174.882,175.623,196.495,211.823,192.73,193.334
"150",7.45,72.112,74.134,86.694,68.49,73.32,77.226,78.903,86.242,88.023,78.714,193.501,198.118,199.97,197.517,185.533,204.44,192.392,224.763,181.145,199.666,199.235,196.799,221.99,191.32,191.384,206.216,207.102,225.259,203.871,196.063,163.076,162.362,163.76,164.501,154.469,172.731,170.359,185.92,171.948,164.98,161.302,162.383,162.655,162.294,154.168,170.706,170.045,183.769,168.691,163.981,174.262,158.197,157.202,158.799,161.8,152.92,160.85,190.26,160.149,176.112,168.166,168.281,159.282,184.516,162.255,171.714,172.77,190.157,177.671,173.351,181.513,179.784,167.394,183.358,170.819,174.657,175.113,192.847,173.408,176.12,161.976,161.716,164.682,156.956,161.063,163.538,161.207,175.426,158.015,158.024,179.442,187.02,180.648,186.36,176.88,186.152,181.203,196.916,179.327,181.016,168.07,176.37,181.59,166.032,178.407,174.849,175.214,187.417,169.228,172.252,206.4,206.151,199.76,202.807,196.58,184.431,206.385,223.7,201.801,201.172,198.086,195.333,189.889,193.625,175.49,175.809,196.412,212.048,193.558,193.463
"151",7.5,72.058,74.873,86.789,68.776,72.303,77.192,78.933,86.549,87.599,78.724,193.369,198.315,198.035,196.829,184.287,204.464,192.39,223.332,182.37,199.448,199.289,197.328,219.719,191.348,191.451,206.174,207.219,225.849,203.176,196.107,163.126,160.94,162.576,164.898,154.291,172.703,170.666,184.624,172.381,164.821,161.333,163.186,161.756,162.994,154.1,170.624,169.99,183.895,168.693,164.078,174.142,157.233,158.433,158.524,162.378,152.886,160.838,191.903,160.055,176.082,167.991,168.634,158.811,184.589,159.419,171.558,172.681,189.638,176.582,173.37,181.494,180.595,167.871,183.076,170.823,174.719,175.083,195.101,173.519,175.96,161.819,161.519,164.475,157.998,160.335,163.612,161.24,173.866,157.845,158.178,179.402,186.123,180.145,186.937,174.13,186.027,181.096,197.838,178.349,180.911,168.043,177.334,180.797,165.991,177.338,174.772,175.246,188.897,169.812,172.228,206.507,207.242,200.553,203.737,195.414,184.429,206.286,227.17,202.207,201.04,198.024,193.838,191.312,194.281,175.906,175.78,196.382,210.84,192.921,193.272
"152",7.55,72.076,74.477,86.683,68.416,72.923,77.143,78.901,86.036,87.779,78.716,193.421,197.373,198.536,196.628,185.735,204.362,192.304,222.367,181.604,199.628,199.227,196.673,219.518,191.215,192.538,206.131,207.181,224.688,203.437,196.151,163.075,162.542,163.405,164.897,155.688,172.76,170.622,184.494,172.645,164.868,161.185,161.768,161.342,163.436,152.764,170.695,170.222,183.816,167.984,164.077,174.268,157.534,158.093,157.223,160.781,152.895,160.845,190.994,160.2,176.159,167.905,168.765,159.868,184.734,160.973,171.535,172.814,189.61,176.986,173.334,181.365,179.206,167.598,183.122,171.698,174.593,175.131,193.285,173.483,175.827,161.967,160.932,164.66,156.748,161.008,163.525,161.277,174.809,157.869,158.13,179.31,185.748,180.893,186.9,174.921,186.022,181.166,196.663,179.075,180.814,168.038,175.39,180.921,166.526,178.131,174.884,175.082,189.108,170.24,172.152,206.512,206.796,201.237,201.547,195.829,184.46,206.229,226.429,201.451,200.946,198.046,195.373,190.123,195.148,175.637,175.595,196.354,212.328,192.708,193.355
"153",7.6,72.046,74.252,87.041,68.431,73.14,77.17,78.873,85.824,87.589,78.737,193.306,197.055,199.259,196.93,183.614,204.174,192.422,224.387,180.501,199.645,199.267,197.219,219.494,191.367,192.37,206.215,206.981,225.015,203.881,196.04,163.053,161.993,163.587,164.866,155.169,172.762,170.539,185.107,172.417,164.964,161.268,161.849,160.923,162.866,154.502,170.681,169.95,184.042,167.882,163.976,174.055,156.304,157.625,157.415,161.399,152.687,160.844,191.358,160.406,176.235,167.951,166.849,160.924,184.997,160.329,171.482,172.734,190.949,176.436,173.303,181.342,178.926,167.711,182.852,171.768,174.604,175.062,193.089,173.163,175.857,161.937,161.838,164.277,157.233,160.183,163.549,161.211,174.809,157.492,158.199,179.366,187.127,180.757,187.763,174.651,185.965,181.072,195.609,178.807,180.785,167.972,177.098,181.163,166.119,177.625,174.912,175.203,187.223,169.783,172.009,206.453,206.13,200.197,202.781,196.388,184.508,205.971,225.612,201.901,201.157,197.958,193.807,190.577,193.972,177.27,175.58,196.315,212.119,191.773,193.271
"154",7.65,72.035,74.311,86.268,68.429,72.901,77.171,78.839,85.994,87.723,78.769,193.259,197.493,198.216,196.501,183.901,204.104,192.332,223.038,181.806,199.474,199.183,196.901,222.018,191.564,189.52,206.277,207.241,223.752,203.207,196.086,162.997,162.225,163.136,165.644,153.287,172.638,170.513,184.38,172.881,164.903,161.294,162.194,161.702,164.356,154.099,170.672,170.111,183.465,167.905,164.13,173.985,157.714,158.088,158.252,162.567,152.675,160.853,191.421,160.328,176.105,168.013,167.586,159.088,185.11,160.045,171.435,172.459,190.855,177.102,173.363,181.43,178.834,168.588,183.356,172.518,174.464,175.018,192.615,173.46,175.846,161.895,161.735,165.08,156.927,161.907,163.496,161.172,175.166,157.986,158.181,179.267,186.797,181.757,187.551,173.468,186.003,181.029,196.449,178.975,180.897,167.91,176.931,180.929,166.095,178.588,174.761,175.121,187.005,170.245,172.121,206.494,205.234,201.188,201.766,197.034,184.413,206.172,225.632,201.325,201.138,197.954,194.18,193.405,194.167,174.745,175.418,196.274,211.469,191.993,193.333
"155",7.7,72.005,74.71,87.046,68.604,72.533,77.139,78.779,85.935,87.622,78.744,193.303,196.893,197.789,195.32,186.287,204.022,192.153,224.753,181.178,199.492,199.015,197.156,218.081,191.501,191.78,206.141,207.174,226.214,203.352,196.216,163.024,162.169,161.74,164.44,154.222,172.787,170.509,185.386,172.673,164.798,161.179,162.726,161.986,162.563,152.63,170.576,170.146,185.048,168.17,164.081,173.985,156.33,156.954,157.645,162.775,152.552,160.812,190.753,160.111,176.194,167.957,167.492,159.636,183.724,159.528,171.468,172.711,189.039,176.543,173.211,181.438,178.963,166.533,183.044,170.732,174.546,175,194.116,173.444,175.949,161.933,162.81,165.067,156.872,161.153,163.575,161.185,174.263,158.138,158.23,179.2,185.87,181.073,186.822,174.518,186.063,180.944,195.644,179.217,180.886,167.849,174.972,181.535,167.098,178.458,174.803,175.363,188.145,169.628,172.054,206.445,206.296,201.068,203.044,195.367,184.397,206.082,225.002,201.275,201.081,197.978,194.78,193.904,194.474,175.463,175.481,196.256,211.748,193.071,193.083
"156",7.75,71.937,74.421,86.277,68.36,72.758,77.128,78.755,86.118,87.383,78.722,193.143,196.601,197.177,196.646,184.042,204.266,192.176,225.276,180.898,199.435,199.158,197.85,221.67,191.453,189.421,206.251,207.052,223.769,203.336,196.197,163.132,162.067,162.939,164.158,154.879,172.593,170.485,183.898,172.211,164.888,161.274,162.071,162.668,162.722,154.786,170.624,169.908,184.296,168.401,164.027,173.875,156.562,157.319,158.274,162.2,152.488,160.873,191.256,160.276,176.214,167.908,168.076,160.25,184.775,160.877,171.436,172.576,190.52,177.162,173.397,181.454,180.907,168.005,182.949,171.092,174.575,174.951,192.849,173.755,175.811,161.922,161.377,164.244,156.616,160.9,163.513,161.249,174.053,157.628,158.076,179.024,185.409,181.247,187.499,175.346,186.014,180.97,196.623,179.852,180.815,167.85,177.126,181.592,166.248,176.834,174.682,175.271,188.256,170.047,172.096,206.65,206.367,201.648,202.433,195.014,184.457,206.094,226.454,201.531,201.142,197.952,194.078,192.301,194.372,177,175.417,196.158,211.476,192.401,193.082
"157",7.8,71.954,74.614,86.368,68.348,72.927,77.102,78.622,85.779,87.819,78.768,193.153,198.145,199.854,196.652,185.296,204.169,192.19,222.61,181.008,199.489,199.02,196.567,221.529,191.797,190.743,206.144,207.121,225.935,203.848,196.113,162.992,162.409,162.161,165.38,153.57,172.704,170.531,184.546,171.977,164.76,161.068,163.479,161.97,164.251,152.47,170.617,170.151,184.201,168.532,164.046,173.863,157.522,158.511,158.061,162.651,152.634,160.779,191.292,160.391,176.096,167.866,168.278,160.088,183.626,160.165,171.44,172.572,190.463,176.942,173.325,181.381,180.321,167.348,182.576,173.402,174.352,174.806,194.797,173.717,175.815,162.006,160.406,163.899,157.493,160.304,163.442,161.159,175.287,157.992,158.107,178.991,187.212,180.774,187.206,173.34,185.819,180.936,195.974,178.294,180.741,167.735,176.633,180.502,166.517,175.633,174.555,175.247,187.527,169.39,171.979,206.4,206.404,201.171,203.242,195.789,184.523,206.035,224.624,202.029,201.182,197.916,193.805,191.604,193.376,173.157,175.43,196.222,211.057,191.562,193.171
"158",7.85,71.941,74.225,86.78,68.518,72.514,77.067,78.755,85.859,87.433,78.625,192.965,197.997,198.246,195.813,183.677,204.071,192.017,223.179,181.28,199.522,199.012,197.892,220.123,190.427,188.818,206.209,207.143,225.825,202.758,196.261,162.96,161.96,163.043,164.596,154.504,172.86,170.448,185.073,172.261,164.806,161.31,162.327,162.296,162.599,152.784,170.591,169.936,184.976,168.537,164.08,173.872,156.361,157.57,157.891,161.929,152.557,160.6,189.968,160.509,176.226,167.891,167.902,159.524,185.231,161.359,171.151,172.52,190.502,176.732,173.263,181.305,179.133,168.209,183.029,171.154,174.507,174.767,194.065,173.311,175.826,161.881,161.564,164.295,157.799,159.821,163.575,161.188,174.93,158.057,158.238,178.999,186.189,181.117,187.924,174.026,185.9,180.939,196.431,178.591,180.704,167.884,176.209,181.874,165.232,177.226,174.596,175.243,187.719,170.06,172.034,206.361,205.685,200.14,203.884,196.599,184.468,206.148,225.958,201.187,201.16,197.975,194.809,191.892,193.533,175.042,175.199,196.195,211.224,192.202,193.069
"159",7.9,71.91,74.175,86.509,68.673,71.711,77.068,78.654,86.302,87.26,78.754,193.118,195.542,198.355,196.274,183.99,204.016,191.955,223.798,180.224,199.587,199.01,196.578,217.335,191.419,189.395,206.197,207.424,225.874,203.103,196.128,163.012,161.652,161.913,164.376,154.591,172.629,170.452,183.93,171.923,164.914,161.248,162.926,161.975,163.638,152.009,170.668,170.032,183.697,168.91,164.036,173.739,156.407,157.634,157.907,162.202,152.504,160.714,190.681,160.492,176.144,167.808,167.938,159.404,184.413,159.841,171.127,172.211,189.735,177.105,173.313,181.21,179.895,167.573,183.011,171.626,174.436,174.946,193.477,173.324,175.772,161.904,161.834,163.887,156.901,159.439,163.529,161.372,174.938,157.86,158.067,178.889,185.905,180.421,187.507,173.875,185.825,180.949,196.622,179.103,180.699,167.762,175.692,181.098,165.599,178.311,174.501,175.097,187.791,169.771,171.959,206.465,205.546,200.844,202.071,195.545,184.557,206.301,225.013,201.911,201.15,197.984,194.366,190.757,194.428,176.285,175.099,195.692,211.321,191.403,193.127
"160",7.95,71.866,74.286,86.22,68.379,72.788,77.051,78.601,85.751,87.736,78.745,193.001,197.155,198.264,195.315,187.333,204.039,191.959,224.066,180.868,199.6,199.05,195.902,218.709,190.471,190.316,206.158,206.973,224.926,202.898,196.105,163.012,161.536,162.292,164.498,154.73,172.749,170.602,183.544,171.887,164.714,161.265,161.758,162.782,162.647,153.551,170.621,169.999,183.17,167.857,163.988,173.631,157.31,156.276,157.672,163.349,152.457,160.677,189.746,160.359,176.153,167.864,167.992,159.579,183.719,161.247,171.144,172.521,189.71,176.786,173.284,181.2,179.104,167.203,183.03,171.91,174.395,174.785,193.676,173.579,175.79,161.888,162.587,164.916,156.463,157.981,163.501,161.119,175.267,157.338,158.174,178.839,186.468,180.708,187.324,175.549,185.758,180.897,196.354,178.499,180.633,167.756,176.647,181.407,165.905,177.421,174.589,175.279,186.965,168.928,171.949,206.381,206.779,201.692,203.863,194.58,184.514,206.209,224.27,200.981,201.083,197.837,193.004,190.378,193.91,174.422,175.099,195.958,210.286,192.117,193.137
"161",8,71.819,74.438,86.205,67.912,72.65,77.043,78.59,85.708,87.513,78.719,193.031,197.328,197.734,196.615,183.794,203.883,192.065,225.315,180.27,199.438,198.861,196.803,220.53,191.366,191.002,206.081,207.11,225.347,203.998,196.23,163.01,161.652,162.969,164.984,154.429,172.675,170.524,184.12,171.868,164.695,161.142,162.48,162.328,162.868,153.737,170.67,170.089,184.275,168.106,163.941,173.705,156.604,157.059,157.975,160.693,152.425,160.664,192.425,159.687,176.113,167.756,168.349,160.239,183.916,158.818,171.119,172.301,190.244,177.162,173.274,181.171,179.728,167.357,182.297,171.562,174.308,174.853,193.039,173.512,175.885,161.947,162.849,165.609,157.32,161.168,163.514,161.304,174.896,158.212,158.212,178.83,186.539,180.286,186.301,174.262,185.812,180.746,195.407,178.847,180.502,167.686,175.888,181.998,166.031,177.154,174.481,175.186,187.798,169.608,171.959,206.471,206.613,199.663,203.225,195.654,184.394,206.02,227.367,201.959,201.18,197.784,194.599,190.762,193.56,175.162,175.146,195.952,210.954,192.15,193.009
"162",8.05,71.808,74.549,86.358,67.952,72.303,77.017,78.612,86.301,87.552,78.719,192.923,196.573,198.397,195.616,184.273,203.857,192.184,223.667,181.151,199.542,198.977,197.582,220.741,191.124,188.604,206.045,207.17,225.586,203.933,196.18,163.015,160.695,162.871,165.461,153.471,172.668,170.56,185.736,171.921,164.755,161.229,162.088,161.26,163.861,153.176,170.572,169.931,184.687,168.293,163.982,173.56,156.644,156.886,158.004,160.041,152.337,160.716,189.677,159.533,175.967,167.845,168.176,158.486,184.598,159.194,170.978,172.157,189.657,177.302,173.27,181.107,179.398,166.974,182.331,169.348,174.266,174.608,193.615,173.748,175.658,161.984,161.526,163.97,157.274,161.923,163.546,161.243,175.158,158.013,158.174,178.813,185.838,179.871,187.049,175.381,185.754,180.942,195.26,178.184,180.596,167.594,177.066,181.02,165.283,178.298,174.454,175.202,188.737,169.509,171.74,206.598,205.606,200.121,203.454,197.87,184.529,206.255,225.431,201.461,201.105,197.713,193.961,192.386,193.867,174.903,175.197,195.813,211.71,191.968,193.007
"163",8.1,71.789,74.444,86.492,67.99,72.581,76.966,78.518,86.18,87.541,78.773,193.021,197.83,198.368,195.402,182.897,203.789,191.931,223.425,180.493,199.56,199.035,198.625,221.047,191.851,189.679,206.193,207.092,225.299,203.612,195.991,162.865,163.338,161.497,164.931,154.415,172.674,170.364,184.29,172.143,164.756,161.169,163.161,161.541,163.457,153.82,170.692,169.974,185.102,168.894,163.926,173.634,156.916,157.074,158.017,162.639,152.318,160.678,191.613,160.391,176.012,167.681,167.242,159.007,185.234,159.51,170.97,172.032,189.956,176.96,173.325,180.946,177.842,166.848,182.057,170.632,174.254,174.543,193.388,173.694,175.815,161.915,NA,164.46,157.711,161.395,163.367,161.166,174.166,157.114,158.058,178.716,185.205,182.364,188.426,172.813,185.805,180.943,196.249,178.154,180.593,167.67,176.254,181.328,166.752,179.168,174.392,175.276,188.365,169.656,171.818,206.44,206.471,200.205,203.045,195.331,184.466,206.322,225.433,201.738,201.131,197.733,194.038,191.184,193.479,176.228,175.083,195.898,211.42,192.456,192.98
"164",8.15,71.762,74.102,86.086,68.416,72.849,76.936,78.581,85.992,87.3,78.73,192.892,196.154,198.007,195.297,184.399,203.936,192.026,222.236,180.053,199.628,198.974,197.669,221.27,191.251,191.614,206.196,207.282,224.192,203.367,196.107,162.997,162.494,164.126,165.03,154.936,172.67,170.55,183.892,172.251,164.761,161.158,162.152,162.632,163.469,154.717,170.656,170.04,183.776,168.738,164.093,173.586,155.473,156.813,157.848,160.531,152.16,160.415,189.494,159.55,176.188,167.771,168.299,159.392,184.43,159.708,170.901,172.152,189.058,177.135,173.295,180.943,178.861,168.301,182.042,169.819,174.053,174.654,193.586,173.381,175.752,161.867,NA,165.218,156.967,161.461,163.341,161.229,175.005,157.336,158.118,178.653,185.833,179.52,188.371,172.991,185.905,180.873,195.036,179.172,180.402,167.541,176.888,181.152,165.755,176.938,174.386,175.193,189.055,168.864,171.758,206.425,207.321,200.807,203.808,197.843,184.363,206.198,228.41,201.945,201.044,197.717,192.611,190.422,193.496,175.207,175.088,195.76,210.681,191.662,192.933
"165",8.2,71.758,74.677,86.165,67.852,72.328,76.907,78.431,85.951,87.205,78.714,193.026,197.399,196.539,195.772,184.853,204.036,192.034,224.233,180.599,199.427,198.832,197.361,220.518,191.497,189.278,206.296,207.192,226.202,202.503,196.133,162.885,162.691,164.109,164.965,153.901,172.595,170.471,184.046,172.767,164.742,161.228,162.781,161.512,162.702,153.85,170.666,169.988,183.237,168.222,164.149,173.389,157.363,157.505,158.104,164.048,152.092,160.494,190.183,159.995,176.037,167.789,167.56,158.849,184.817,158.951,170.758,172.226,189.99,177.422,173.24,181.05,179.87,167.091,182.503,170.732,174.077,174.626,194.636,173.597,175.755,161.836,NA,164.912,156.521,161.133,163.388,161.183,173.921,156.768,158.04,178.661,186.201,179.162,186.762,175.065,185.671,180.748,195.922,178.727,180.395,167.443,176.043,181.132,165.42,177.246,174.311,175.123,187.989,169.449,171.882,206.555,205.044,199.971,203.837,196.013,184.416,206.17,225.452,201.565,201.13,197.721,191.934,191.059,192.7,175.186,175.023,195.934,210.548,192.325,192.79
"166",8.25,71.72,74.455,85.736,67.855,72.635,76.902,78.413,85.572,87.097,78.735,192.909,196.998,198.017,195.403,186.504,203.67,191.88,223.101,179.824,199.465,198.879,197.557,219.979,191.751,190.512,206.214,207.013,225.28,203.763,196.122,162.945,162.433,162.111,164.362,153.863,172.63,170.504,185.434,172.794,164.734,161.186,162.935,161.971,163.239,153.94,170.665,170.051,184.534,168.832,163.912,173.353,156.684,156.594,157.662,160.817,152.082,160.444,190.656,159.828,176.061,167.67,168.107,158.906,184.413,159.454,170.774,172.104,189.37,176.659,173.296,180.909,179.942,166.937,182.657,171.545,174.086,174.655,193.141,172.855,175.754,161.88,NA,164.528,157.233,161.238,163.411,161.105,175.369,157.404,158.162,178.542,186.273,179.556,186.433,173.029,185.702,180.612,195.563,178.131,180.604,167.531,176.929,181.182,165.627,175.332,174.373,175.075,187.677,168.986,171.771,206.5,205.441,200.611,202.715,193.624,184.358,206.25,226.433,201.191,200.981,197.775,193.221,190.63,194.298,173.89,174.915,195.649,210.51,192.548,192.903
"167",8.3,71.705,74.588,86.222,67.667,72.385,76.9,78.446,86.391,87.556,78.777,192.804,195.303,199.465,194.608,184.59,203.781,191.919,224.192,181.156,199.563,198.84,195.557,219.778,191.177,190.143,206.23,207.024,225.998,203.129,196.14,162.918,162.554,163.444,164.297,156.182,172.589,170.519,185.11,172.764,164.74,161.186,161.715,162.709,163.609,154.716,170.603,170.066,184.082,167.687,163.93,173.352,157.297,157.568,157.99,162.863,152.083,160.502,192.113,159.682,176.186,167.733,167.777,157.908,183.496,160.312,170.758,171.934,189.515,177.056,173.271,180.953,179.178,165.93,181.839,170.558,174.037,174.55,193.314,173.317,175.758,161.834,NA,163.802,156.223,161.59,163.46,161.067,174.867,156.897,158.091,178.499,184.979,179.477,187.587,172.595,185.624,180.651,195.342,178.863,180.403,167.401,176.353,181.758,165.303,177.682,174.338,175.147,187.915,169.262,171.712,206.702,206.324,200.958,203.717,197.277,184.337,206.313,226.502,200.701,201.184,197.785,193.646,191.694,193.091,172.927,174.784,195.702,210.888,191.378,192.837
"168",8.35,71.684,74.428,85.861,67.755,73.06,76.915,78.405,86.018,87.198,78.728,192.708,197.569,198.963,195.635,185.359,203.815,192.108,222.681,180.42,199.388,198.863,197.459,222.145,190.496,190.325,206.19,207.243,225.544,203.375,196.173,162.896,163.166,163.445,164.879,154.526,172.513,170.483,185.33,172.572,164.738,161.154,159.78,162.869,163.394,152.741,170.651,170.106,183.93,167.804,164.069,173.244,156.471,157.269,156.79,163.298,151.993,160.55,191.22,159.804,176.109,167.671,168.647,158.345,184.261,158.333,170.68,171.966,189.437,176.843,173.2,181.011,178.529,166.048,181.528,170.256,174.046,174.382,192.89,173.361,175.648,161.905,NA,164.545,157.037,161.384,163.496,161.147,174.665,157.776,158.151,178.513,184.559,180.064,186.334,173.476,185.63,180.611,195.427,177.831,180.57,167.246,175.012,180.49,165.988,176.748,174.141,175.165,187.451,169.917,171.911,206.457,207.517,199.898,203.704,195.525,184.478,206.176,226.342,200.959,201.138,197.771,194.138,191.747,192.993,175.103,174.647,195.711,211.124,191.863,192.708
"169",8.4,71.687,73.939,86.221,68.155,72.08,76.88,78.398,86.174,87.665,78.726,192.777,196.347,198.746,197.514,185.617,203.796,191.703,223.798,179.582,199.493,198.714,196.591,220.918,191.694,189.864,206.191,207.298,224.476,202.596,196.059,162.896,161.595,162.743,164.546,154.776,172.642,170.375,184.985,172.102,164.746,161.065,162.343,162.294,162.857,152.363,170.601,170.063,185.098,168.865,164.076,173.357,156.694,157.395,158.055,160.481,151.94,160.494,190.161,159.859,176.128,167.63,168.415,158.972,184.148,158.125,170.745,171.801,189.115,176.433,173.312,180.892,178.766,166.657,182.612,171.855,174.049,174.691,192.621,174.335,175.668,161.821,NA,164.323,157.164,161.189,163.368,161.139,175.086,157.544,158.061,178.412,185.919,180.085,186.299,174.131,185.651,180.751,195.378,179.039,180.439,167.299,175.93,180.052,165.172,177.795,174.173,175.07,187.641,168.625,171.661,206.45,205.288,200.585,204.54,197.447,184.374,206.434,226.073,201.45,201.282,197.724,193.76,191.402,193.885,173.32,174.707,195.533,209.846,192.327,192.892
"170",8.45,71.628,74.542,86.311,68.104,72.603,76.829,78.319,85.918,87.017,78.726,192.617,196.096,196.679,195.958,184.915,203.733,192.05,223.529,180.148,199.423,198.73,196.316,221.691,190.62,189.588,206.232,207.357,226.476,203.347,196.244,162.966,161.134,163.943,164.533,155.166,172.678,170.529,184.838,172.069,164.807,161.129,162.817,161.723,163.156,154.07,170.585,170.123,184.546,168.505,164.033,173.236,157.396,155.779,156.507,162.099,151.934,160.383,190.567,159.674,176.011,167.544,168.022,158.473,184.607,158.814,170.579,171.839,188.604,176.504,173.276,180.756,179.034,166.821,182.094,169.177,173.93,174.489,192.972,173.196,175.659,161.797,NA,165.43,157.604,160.431,163.475,161.169,175.334,157.34,158.121,178.258,185.659,180.343,187.641,172.189,185.689,180.468,195.866,178.776,180.352,167.291,176.063,181.77,166.026,176.088,174.03,174.981,186.196,168.69,171.684,206.452,206.175,199.76,202.751,196.733,184.335,206.253,224.929,201.156,201.031,197.649,194.582,191.62,194.2,173.915,174.602,195.511,209.454,191.475,192.722
"171",8.5,71.619,74.741,86.499,67.769,71.7,76.817,78.3,86.317,87.297,78.734,192.548,196.48,198.123,196.234,185.48,203.799,191.769,223.996,180.435,199.472,198.652,196.744,220.776,191.334,191.906,206.232,207.438,224.744,203.185,196.192,162.915,161.726,162.157,164.158,154.282,172.689,170.438,185.344,172.216,164.755,161.233,162.778,162.366,163.36,153.189,170.687,170.043,184.161,168.336,163.951,173.172,155.597,157.398,156.596,160.943,151.937,160.6,189.551,160.059,176.14,167.587,168.587,158.911,183.633,159.142,170.562,171.841,189.429,175.838,173.24,180.821,178.76,167.03,181.366,171.208,173.989,174.37,192.293,172.714,175.662,161.881,NA,164.403,156.695,159.56,163.562,161.24,174.394,157.47,158.124,178.303,185.034,179.683,186.9,173.017,185.572,180.61,196.457,178.149,180.235,167.272,176.455,180.697,164.372,178.135,174.079,174.914,187.918,169.351,171.67,206.375,205.844,201.363,203.063,195.399,184.299,206.366,226.014,201.98,201.046,197.564,192.668,190.591,194.143,173.675,174.696,195.484,208.547,191.76,192.724
"172",8.55,71.596,74.113,86.011,67.956,72.483,76.857,78.24,86.049,87.001,78.747,192.742,195.766,198.415,196.511,184.217,203.695,191.65,223.492,180.084,199.351,198.589,196.875,219.363,192.292,189.618,206.227,207.107,225.366,203.131,195.999,162.836,162.123,163.821,164.945,152.963,172.652,170.401,185.513,172.146,164.79,161.133,163.281,162.385,162.632,153.153,170.749,170.052,183.972,167.874,163.842,173.199,156.799,155.748,158.171,160.752,151.793,160.442,189.599,160.193,175.933,167.552,168.698,157.763,184.317,158.524,170.609,171.757,188.669,176.445,173.189,180.57,180.076,168.372,181.857,171.674,173.959,174.542,193.075,172.968,175.666,161.811,NA,165.484,156.825,162.052,163.419,161.147,174.14,157.948,158.02,178.203,185.75,180.192,187.819,171.914,185.519,180.414,196.701,178.489,180.271,167.305,176.04,181.247,165.588,178.007,174.062,175.083,188.649,168.995,171.693,206.424,205.455,200.24,202.831,194.929,184.415,206.291,225.266,201.956,201.138,197.524,193.018,192.791,193.568,173.189,174.555,195.743,210.448,191.539,192.614
"173",8.6,71.563,73.882,86.055,67.908,72.437,76.783,78.199,86.132,87.358,78.704,192.653,196.788,197.049,195.484,184.959,203.869,191.439,222.467,180.169,199.385,198.683,197.381,218.156,191.659,191.942,206.18,207.34,225.755,203.358,196.018,162.752,162.02,163.676,164.796,155.653,172.648,170.49,184.529,172.354,164.725,161.172,161.25,161.633,163.325,154.202,170.608,170.104,184.515,168.825,164.005,173.096,157.093,156.789,157.912,161.882,151.784,160.42,190.365,160.475,176.163,167.422,168.181,158.758,184.175,156.978,170.387,171.622,188.443,176.607,173.244,180.736,178.48,165.555,181.024,171.344,173.798,174.351,192.894,172.77,175.581,161.82,NA,164.165,156.673,161.787,163.395,161.082,175.074,158.523,158.058,178.244,185.423,179.607,186.632,173.013,185.635,180.59,196.271,178.298,180.183,167.2,176.718,180.018,164.884,176.669,173.986,175.133,187.32,168.125,171.632,206.467,205.785,200.559,202.962,197.847,184.47,206.192,226.202,201.899,201.169,197.501,194.387,191.216,194.147,174.606,174.521,195.531,209.964,191.348,192.613
"174",8.65,71.539,74.371,85.962,67.824,71.849,76.829,78.116,86.208,87.059,78.71,192.571,197.168,197.014,196.658,184.476,203.585,191.701,223.307,179.937,199.544,198.603,198.051,221.788,191.509,191.201,206.152,207.251,224.945,203.482,196.04,162.843,162.067,162.457,165.09,154.617,172.688,170.523,184.792,172.288,164.699,161.12,161.658,162.554,163.057,152.791,170.485,169.945,184.406,169.079,163.907,172.988,155.84,156.309,158,160.488,151.806,160.405,190.772,159.949,176.158,167.537,168.455,157.991,184.044,158.501,170.442,171.76,189.083,176.016,173.241,180.697,178.972,166.939,182.003,169.729,173.848,174.347,194.132,173.111,175.773,161.717,NA,164.763,156.915,163.081,163.514,161.084,174.088,157.622,158.119,178.095,185.312,180.588,187.24,172.46,185.531,180.497,195.12,177.949,180.211,167.281,175.909,178.509,165.06,176.797,173.973,174.888,187.892,170.065,171.496,206.554,206.996,202.427,204.384,197.114,184.386,206.217,225.134,201.891,201.136,197.505,193.808,191.113,194.09,172.165,174.458,195.627,210.744,191.446,192.459
"175",8.7,71.537,74.286,85.866,67.53,72.386,76.767,78.236,85.725,86.985,78.692,192.453,196.645,198.181,194.658,183.086,203.734,191.608,222.512,179.997,199.382,198.641,198.279,222.626,190.778,189.07,206.159,207.147,225.573,202.722,196.06,162.912,161.861,162.773,164.541,154.258,172.561,170.361,184.555,172.55,164.805,161.132,161.899,162.361,163.927,154.537,170.646,170.021,183.205,168.321,164.025,173.029,157.217,156.045,157.703,161.646,151.733,160.475,191.47,159.51,176.078,167.502,167.253,158.686,184.582,159.783,170.35,171.829,188.378,176.016,173.332,180.522,177.489,166.843,181.577,170.254,173.879,174.505,192.419,173.204,175.636,161.831,NA,165.781,157.088,159.993,163.272,161.265,174.168,158.229,158.063,178.016,186.105,179.829,186.496,172.149,185.52,180.415,194.063,178.425,180.199,167.179,175.404,182.094,164.612,176.03,174.006,174.918,186.26,168.872,171.628,206.429,206.764,201.559,202.984,196.162,184.211,206.064,225.995,200.806,201.137,197.465,192.915,191.468,192.748,174.823,174.453,195.511,210.231,192.294,192.659
"176",8.75,71.463,74.364,85.815,67.719,72.656,76.78,78.14,85.798,86.768,78.762,192.367,195.142,197.088,194.906,184.541,203.514,191.452,224.369,179.312,199.383,198.738,196.154,221.512,191.229,187.556,206.1,207.131,224.371,203.844,196.101,162.934,163.132,162.959,165.63,156.011,172.484,170.527,183.992,171.811,164.711,161.126,162.096,162.416,162.55,152.075,170.539,170.125,183.138,168.819,163.892,172.937,156.279,156.382,157.816,161.843,151.743,160.467,191.044,159.262,176.065,167.318,166.789,157.952,184.528,158.85,170.329,171.667,189.529,177.179,173.187,180.575,177.354,166.478,182.517,170.166,173.848,174.399,193.511,172.864,175.581,161.835,NA,164.205,156.783,159.926,163.433,161.115,174.039,158.21,158.134,177.934,184.673,180.958,186.703,172.302,185.364,180.498,194.785,178.964,180.13,167.1,175.918,181.554,165.431,175.267,173.884,174.895,187.26,169.678,171.647,206.426,205.292,201.565,202.956,194.877,184.448,206.237,226.871,201.651,201.125,197.467,193.303,191.113,193.586,174.866,174.303,195.378,210.847,192.509,192.593
"177",8.8,71.473,74.39,85.59,67.575,72.359,76.765,78.11,85.541,86.828,78.728,192.396,198.011,198.162,195.709,183.278,203.779,191.696,224.205,179.529,199.472,198.574,196.36,221.289,190.379,189.36,206.333,207.149,225.66,203.327,196.112,162.769,161.873,163.629,164.381,155.89,172.766,170.543,185.45,172.444,164.683,161.111,161.788,161.165,163.035,153.07,170.531,170.137,183.918,168.124,164.071,173.021,155.233,155.021,158.046,161.123,151.561,160.217,189.832,159.419,176.094,167.402,167.153,158.931,183.703,158.505,170.229,171.622,188.54,176.73,173.142,180.562,180.045,167.122,181.62,170.541,173.592,174.197,192.119,172.899,175.499,161.744,NA,164.169,156.158,160.155,163.356,161.059,175.172,158.26,158.117,177.962,186.373,179.047,186.955,174.865,185.55,180.341,195.84,178.031,180.151,167.11,175.057,181.078,164.174,179.617,173.73,174.944,186.19,169.154,171.543,206.303,206.543,201.303,202.402,198.156,184.324,206.228,225.642,201.744,201.23,197.458,192.717,191.698,193.192,174.081,174.038,195.217,208.995,191.889,192.573
"178",8.85,71.47,74.345,85.56,67.904,72.507,76.711,78.058,86.309,87.014,78.735,192.565,194.949,198.037,196.042,184.768,203.713,191.654,223.164,179.098,199.554,198.581,196.51,221.187,191.531,190.579,206.169,207.057,224.926,203.843,196.16,162.849,161.99,163.431,164.203,154.698,172.466,170.479,184.249,172.645,164.742,161.105,162.593,161.357,163.088,153.926,170.612,170.105,184.437,168.245,163.995,172.84,156.289,155.823,156.842,160.595,151.535,160.355,190.322,159.689,176.069,167.511,167.003,158.412,183.458,159.086,170.252,171.45,189.365,177.287,173.074,180.558,178.854,166.979,182.22,169.913,173.706,174.123,192.532,172.612,175.485,161.819,NA,165.675,157.75,159.948,163.417,161.206,174.063,157.396,158.091,177.854,185.246,179.694,186.243,172.253,185.337,180.495,195.242,178.25,180.1,167.06,176.161,180.824,165.02,177.452,173.841,174.916,186.361,168.693,171.502,206.515,205.381,202.114,203.184,195.289,184.428,206.41,226.183,201.551,201.145,197.285,194.466,191.074,194.659,172.958,174.049,195.448,209.749,190.95,192.467
"179",8.9,71.437,73.948,85.939,67.084,72.014,76.777,77.98,85.572,86.971,78.768,192.212,196.913,196.674,196.256,184.045,203.678,191.42,222.119,179.692,199.478,198.735,195.833,220.223,191.159,188.663,206.103,207.3,226.672,203.775,196.005,162.854,162.528,163.528,165.473,154.571,172.595,170.381,185.998,172.069,164.655,161.018,162.687,161.761,163.297,153.125,170.623,170.063,184.37,167.8,163.963,172.682,156.7,155.877,156.321,161.068,151.491,160.281,190.151,159.573,176.224,167.318,167.82,158.925,183.68,159.168,170.053,171.602,189.044,176.142,173.154,180.357,178.318,166.676,182.031,169.677,173.675,174.142,192.285,173.255,175.494,161.789,NA,163.565,156.58,161.151,163.457,161.027,175.485,157.887,158.133,177.746,184.835,180.353,186.846,172.462,185.374,180.454,195.65,178.851,180.232,166.984,176.586,180.763,164.395,176.49,173.874,174.919,187.221,168.485,171.48,206.479,205.339,201.68,204.177,197.058,184.397,206.007,225.765,201.852,201.091,197.441,193.59,190.877,192.792,171.683,174.009,195.202,209.929,192.248,192.47
"180",8.95,71.405,74.246,85.376,67.569,72.226,76.691,78.02,86.196,86.953,78.716,192.32,197.339,196.597,196.337,186.643,203.55,191.435,223.798,179.154,199.622,198.395,196.271,220.599,191.034,190.519,206.146,207.203,223.786,203.174,196.092,162.869,161.637,163.07,164.318,155.573,172.605,170.566,185.112,172.159,164.636,161.215,162.827,162.364,163.312,152.748,170.641,170.142,184.013,168.593,163.868,172.743,156.641,155.467,157.815,162.137,151.393,160.229,190.003,158.923,176.029,167.328,168.01,158.661,183.569,158.578,169.922,171.553,187.605,176.852,173.401,180.407,179.116,165.604,181.414,169.911,173.787,174.198,194.222,173.108,175.523,161.79,NA,165.059,157.259,161.915,163.342,161.136,173.783,157.349,158.113,177.718,184.557,179.038,186.332,172.566,185.382,180.258,194.713,178.346,179.925,167.06,174.204,180.491,164.721,177.075,173.767,174.952,186.771,168.184,171.356,206.399,206.632,200.321,203.375,195.413,184.454,206.167,225.672,201.072,201.2,197.408,192.858,192.001,193.279,173.395,174.024,195.287,210.258,191.372,192.574
"181",9,71.365,74.503,85.83,67.54,72.359,76.718,78.023,86.142,87.309,78.729,192.368,196.684,197.287,195.213,183.818,203.524,191.323,223.04,179.499,199.374,198.561,197.162,219.713,191.823,190.739,206.275,207.206,225.093,203.256,196.193,162.792,162.418,162.27,164.621,152.808,172.554,170.399,184.363,173.015,164.57,161.119,162.639,162.653,163.114,152.396,170.57,170.109,184.208,168.706,163.953,172.671,156.397,155.819,157.142,160.524,151.43,160.356,189.819,158.828,176.047,167.268,167.623,159.198,183.832,157.546,170.038,171.296,188.845,175.994,173.22,180.21,179.365,165.69,182.016,171.027,173.602,174.198,192.407,172.538,175.383,161.794,NA,165.14,156.718,161.777,163.384,161.14,175.234,158.003,158.252,177.642,184.288,179.182,186.296,172.723,185.288,180.165,194.841,178.157,179.975,166.87,174.49,180.24,164.452,175.539,173.774,174.768,187.277,167.732,171.484,206.459,205.498,200.567,202.292,194.926,184.401,206.184,226.068,201.572,201.212,197.348,193.255,190.762,192.777,173.84,173.959,195.251,209.858,191.09,192.39
"182",9.05,71.371,74.075,85.499,67.593,71.587,76.724,77.947,85.864,87.012,78.724,192.226,196.437,197.347,195.989,182.605,203.523,191.49,222.431,179.193,199.481,198.521,197.033,220.067,190.949,189.105,206.207,207.12,225.331,203.771,196.103,162.774,161.793,163.306,164.199,154.995,172.643,170.454,184.042,172.445,164.615,161.012,162.423,161.866,163.171,153.433,170.625,169.9,184.295,168.017,164.005,172.713,156.068,156.863,157.12,161.123,151.386,160.317,189.335,159.037,176.029,167.211,167.328,156.907,183.318,159.199,169.998,171.262,188.827,176.452,173.214,180.393,178.43,165.796,180.981,169.946,173.45,174.027,192.726,172.5,175.427,161.856,NA,164.684,156.503,160.91,163.279,161.171,174.694,157.798,158.052,177.565,185.007,178.818,185.976,173.016,185.241,180.169,195.291,178.158,179.975,166.909,175.721,180.886,165.404,175.87,173.568,174.716,187.622,168.858,171.325,206.355,205.307,199.284,203.371,196.298,184.384,206.195,224.158,201.184,200.995,197.291,191.948,190.083,194.291,173.719,173.858,195.055,210.22,191.714,192.332
"183",9.1,71.298,73.637,85.959,67.372,72.457,76.651,78.012,86.103,86.6,78.738,192.217,194.352,196.925,195.357,184.205,203.374,191.556,222.715,179.069,199.553,198.494,196.394,220.296,190.946,190.072,206.131,207.197,226.632,203.01,196.135,162.847,161.636,163.486,164.722,154.151,172.59,170.439,184.636,172.17,164.733,161.023,161.445,161.649,163.17,153.528,170.573,170.076,184.226,168.076,163.975,172.599,156.324,154.522,157.451,161.398,151.429,160.065,190.141,160.343,176.135,167.207,167.6,158.303,183.484,157.432,169.791,171.306,188.83,176.135,173.164,180.265,179.919,166.491,181.463,169.811,173.578,174.189,192.468,173.229,175.39,161.782,NA,165.134,156.636,161.363,163.335,161.025,174.654,158.024,157.898,177.547,184.72,179.951,187.437,172.666,185.288,180.315,194.79,177.9,180.102,166.76,175.53,181.209,165.053,176.339,173.56,174.771,186.406,169.094,171.375,206.397,206.926,201.576,204.026,196.456,184.452,206.31,223.863,201.439,201.06,197.293,193.116,190.996,192.683,173.002,173.801,195.078,210.554,192.313,192.372
"184",9.15,71.299,74.077,86.018,67.152,71.957,76.619,77.924,86.289,87.066,78.733,192.19,195.297,198.086,196.217,183.274,203.397,191.31,223.043,179.796,199.457,198.31,195.363,221.876,191.281,190.211,206.139,207.352,225.694,203.075,196.156,162.801,162.692,163.235,164.951,155.217,172.683,170.416,184.793,172.494,164.734,161.094,161.384,161.742,162.543,152.204,170.606,169.978,183.687,169.321,163.968,172.531,156.226,154.436,157.236,160.333,151.394,160.267,189.288,159.564,175.994,167.3,167.185,159.082,185.049,158.32,169.867,171.349,189.378,176.102,173.208,180.321,178.683,166.016,181.625,169.732,173.47,174.122,191.873,172.658,175.394,161.681,NA,165.643,156.543,161.965,163.441,161.341,174.314,158.119,158.051,177.593,184.542,178.833,187.058,172.683,185.165,180.24,194.248,178.365,179.932,166.702,174.595,179.721,164.096,175.735,173.551,174.872,186.553,168.297,171.393,206.478,205.491,200.26,201.991,198.557,184.372,206.187,226.52,201.759,201.2,197.09,192.525,190.08,193.103,173.522,173.709,195.025,209.549,190.981,192.224
"185",9.2,71.264,74.016,86.11,67.705,72.077,76.6,77.925,85.69,87.075,78.713,192.202,195.561,197.516,195.146,185.66,203.38,191.38,220.566,179.236,199.555,198.402,195.81,221.171,191.029,190.807,206.191,207.295,225.325,202.209,195.986,162.757,160.598,162.14,165.077,153.491,172.564,170.444,184.839,171.367,164.575,161.047,163.454,161.7,163.383,154.313,170.73,169.982,185.575,168.707,163.917,172.449,156.327,155.164,157.028,161.479,151.061,160.168,190.875,159.38,176.036,167.209,166.168,157.545,182.688,158.718,169.939,171.248,188.147,176.176,173.089,180.221,178.712,165.171,181.059,170.212,173.473,174.053,192.016,171.795,175.467,161.803,NA,163.687,157.24,161.21,163.293,161.158,173.924,157.898,157.999,177.418,184.421,180.834,187.048,170.748,185.257,180.166,194.802,178.397,179.95,166.851,175.495,180.798,164.407,176.099,173.414,174.547,187.026,168.133,171.196,206.496,206.373,201.437,202.314,196.736,184.391,206.029,224.709,201.328,201.162,197.145,193.341,191.036,192.291,171.541,173.672,194.82,210.16,191.51,192.362
"186",9.25,71.222,74.166,85.536,67.388,71.924,76.603,77.862,85.503,86.665,78.785,191.956,194.954,196.912,194.924,182.604,203.479,191.324,224.178,179.102,199.59,198.426,195.733,220.594,190.359,189.121,206.249,207.271,224.904,204.113,196.148,162.685,162.944,162.95,164.572,154.706,172.535,170.441,184.103,171.646,164.682,161.086,162.273,162.445,162.622,153.377,170.6,169.987,183.313,168.409,163.938,172.373,157.193,155.56,156.477,161.432,151.09,160.215,189.996,159.99,176.117,167.229,167.239,158.854,182.97,158.223,169.854,170.902,189.126,176.095,173.228,180.22,178.032,166.093,180.904,170.391,173.392,174.118,192.823,172.176,175.438,161.729,NA,164.137,156.88,162.229,163.379,160.996,174.166,157.563,157.961,177.368,183.614,179.035,185.952,172.63,185.367,180.234,194.589,177.938,179.812,166.707,175.113,179.744,164.449,176.477,173.5,174.658,187.566,168.601,171.263,206.479,207.34,199.377,203.309,196.051,184.34,206.023,225.422,201.91,201.08,197.219,192.839,191.303,192.994,171.25,173.736,194.924,209.768,191.328,192.375
"187",9.3,71.225,74.333,85.913,67.171,71.765,76.585,77.836,85.354,86.508,78.763,192.125,197.21,197.406,195.711,184.796,203.336,191.269,222.202,178.654,199.509,198.421,195.683,221.697,191.956,190.075,206.182,207.13,226.304,203.213,196.109,162.671,162.43,163.902,163.821,155.385,172.633,170.492,183.961,172.702,164.607,160.996,163.267,161.959,163.769,153.75,170.632,170.156,183.878,169.036,163.982,172.381,156.296,154.393,157.347,162.537,151.069,160.177,190.279,159.159,176.131,167.276,167.479,158.025,183.446,156.411,169.759,171.06,189.298,175.26,173.076,180.247,178.706,167.336,180.888,168.177,173.41,174.043,191.554,172.756,175.463,161.774,NA,165.378,156.501,161.371,163.361,161.079,173.791,158.404,158.081,177.366,186.748,179.029,187.897,172.113,185.432,180.148,194.996,178.037,179.769,166.716,175.157,179.132,165.259,176.534,173.44,174.773,186.955,169.558,171.312,206.328,205.531,200.881,201.933,197.008,184.398,206.25,224.788,201.765,201.098,197.116,192.718,190.872,193.012,173.399,173.606,195.036,211.722,191.332,192.198
"188",9.35,71.178,74.098,85.621,66.972,72.227,76.548,77.743,85.56,86.837,78.752,192.062,196.059,197.911,194.926,183.862,203.379,191.214,221.246,179.193,199.495,198.284,195.897,222.559,190.817,188.451,206.245,207.223,224.105,203.337,196.143,162.723,162.12,162.189,165.856,153.864,172.572,170.554,185.438,172.293,164.673,160.926,162.092,161.851,162.74,152.566,170.641,169.886,183.41,168.5,164.039,172.407,156.06,156.02,156.645,161.684,151.006,160.085,189.997,160.11,176.046,167.212,167.24,158.183,183.017,158.235,169.664,171.096,188.868,176.055,173.095,180.014,177.822,165.614,181.462,169.243,173.342,173.975,193.314,172.542,175.319,161.822,NA,163.979,156.567,160.985,163.22,161.157,173.956,157.601,157.931,177.205,186.092,179.81,185.86,173.104,185.188,179.895,195.611,177.457,179.922,166.581,174.367,180.378,163.912,176.988,173.437,174.638,186.078,168.143,171.248,206.567,205.191,199.211,202.89,196.837,184.049,206.251,225.777,201.55,201.229,197.022,192.835,191.247,192.574,172.27,173.547,194.902,210.179,191.139,192.138
"189",9.4,71.176,73.914,85.639,67.132,72.752,76.551,77.7,85.818,86.677,78.766,192.003,194.162,197.905,196.269,183.656,203.529,191.189,222.614,179.241,199.359,198.284,196.579,219.184,191.641,189.228,206.211,207.126,226.716,204.836,196.207,162.842,163.092,163.177,164.921,153.164,172.559,170.494,185.46,171.598,164.656,161.08,162.492,162.88,162.98,152.013,170.523,169.986,184.907,167.932,163.897,172.318,155.919,154.607,157.162,162,150.99,160.25,189.723,159.417,176.083,167.141,166.914,158.661,183.08,156.879,169.58,171.173,188.327,175.767,173.279,180.029,178.944,166.455,181.015,169.949,173.163,173.74,192.556,172.441,175.328,161.709,NA,164.985,157.303,159.735,163.305,161.185,175.028,158.074,157.986,177.253,185.511,179.346,186.279,172.269,185.09,180.074,194.255,176.895,179.796,166.591,174.488,181.728,165.269,175.08,173.263,174.599,187.076,168.423,171.266,206.478,204.671,200.949,202.929,197.386,184.327,206.192,226.597,201.006,201.229,197.049,193.195,190.407,192.468,174.179,173.524,194.891,211.665,190.968,192.226
"190",9.45,71.168,73.992,86.068,67.187,72.273,76.535,77.63,85.211,86.797,78.69,191.877,194.83,197.934,195.733,183.464,203.244,191.21,221.908,178.837,199.479,198.144,196.369,219.282,191.44,187.47,206.207,207.045,226.036,202.981,196.253,162.774,161.344,162.812,164.688,154.529,172.565,170.54,184.348,171.557,164.659,160.994,162.242,161.971,162.758,152.885,170.602,170.058,183.362,167.777,163.878,172.261,157.296,156.015,156.879,161.524,150.959,160.052,190.62,158.808,176.045,167.16,167.666,157.62,183.471,157.962,169.488,171.063,187.405,175.912,173.158,179.977,178.737,166.93,179.786,170.419,173.347,174.032,190.916,172.873,175.413,161.675,NA,164.045,156.419,161.044,163.311,161.234,174.345,157.751,158.016,177.134,183.938,180.32,185.038,172.744,185.167,180.041,195.214,178.151,179.757,166.622,175.19,181.129,164.507,175.88,173.19,174.732,187.337,167.957,171.247,206.406,206.839,201.155,203.443,196.307,184.389,206.363,226.792,201.277,201.1805,197.01,192.647,190.934,192.962,173.156,173.354,194.94,209.439,191.903,192.143
"191",9.5,71.089,74.002,86.266,67.05,72.616,76.481,77.557,85.648,86.219,78.708,191.872,195.631,197.13,194.967,183.62,203.082,191.303,222.667,178.495,199.308,198.266,195.907,219.48,190.819,191.321,206.331,207.292,226.402,203.55,196.112,162.649,161.84,163.354,164.308,153.232,172.538,170.426,185.139,172.097,164.705,161.028,162.999,162.793,162.953,153.984,170.634,170.135,183.955,168.557,163.918,172.147,155.588,154.057,156.119,162.079,150.887,160.078,189.72,159.937,176.086,167.047,167.275,157.325,183.637,158.444,169.423,170.817,188.315,175.821,173.209,179.944,179.76,165.683,181.336,169.49,173.276,173.909,192.972,172.36,175.266,161.783,NA,164.379,156.98,159.815,163.312,161.115,174.146,157.866,157.956,176.923,185.913,178.709,186.178,172.935,185.118,179.956,192.809,177.866,179.827,166.505,175.324,179.789,164.33,177.411,173.318,174.637,186.465,168.504,171.211,206.387,206.488,201.358,203.565,198.528,184.425,206.234,225.627,201.411,201.242,197.213,191.989,191.605,193.107,172.736,173.253,194.868,209.238,191.957,192.189
"192",9.55,71.123,74.47,85.362,66.772,72.03,76.55,77.468,86.036,86.242,78.725,191.901,195.598,198.21,196.168,183.665,203.147,191.031,222.41,178.354,199.411,198.326,195.941,220.598,190.706,191.317,206.037,207.224,225.405,203.239,196.107,162.689,161.298,161.909,165.589,154.782,172.524,170.506,184.27,172.236,164.57,161.005,161,160.932,163.481,154.032,170.48,170.111,185.037,167.809,163.978,172.183,156.049,154.606,156.963,161.319,150.928,160.066,189.83,159.096,176.044,167.05,168.318,158.098,182.984,158.718,169.534,170.833,188.09,175.689,173.188,179.952,177.19,166.595,180.885,168.439,173.253,173.768,193.503,172.837,175.399,161.802,NA,165.119,157.05,161.918,163.33,161.028,175.108,157.762,158.011,176.917,185.326,179.642,186.176,173.871,185.158,180.108,194.54,176.982,179.916,166.497,175.206,180.819,163.857,175.491,173.257,174.553,187.718,168.752,171.255,206.323,206.083,200.072,203.355,195.28,184.324,206.104,224.988,201.673,201.242,197.079,194.567,190.138,193.082,172.477,173.24,194.671,210.612,190.748,192.089
"193",9.6,71.08,73.829,85.595,66.897,72.212,76.496,77.455,86.064,86.739,78.666,191.845,196.624,197.845,195.13,184.599,202.961,191.132,223.43,178.584,199.47,198.159,195.805,219.934,189.972,189.977,206.194,207.355,226.079,203.408,195.97,162.624,162.734,162.689,164.423,154.112,172.565,170.491,185.214,171.693,164.528,161.028,161.679,162.415,162.676,154.633,170.566,170.072,182.373,168.585,163.958,172.212,155.721,155.079,156.393,161.43,150.784,160.061,189.88,159.9,176.016,167.091,166.472,157.972,184.348,157.913,169.42,170.778,188.464,176.565,173.132,179.788,178.849,166.275,180.882,168.39,173.196,173.821,193.029,172.428,175.315,161.678,NA,164.949,156.845,160.43,163.236,161.153,174.827,157.395,157.952,177.004,184.499,180.397,186.065,172.829,185.129,180.055,194.472,177.397,179.769,166.602,174.706,180.728,164.485,176.259,173.291,174.591,186.126,168.429,171.153,206.341,204.527,199.846,203.534,195.375,184.465,206.048,225.634,201.516,201.132,197.031,192.884,190.004,192.554,171.357,173.253,194.674,210.161,191.042,191.959
"194",9.65,71.072,73.676,85.349,66.966,71.86,76.518,77.437,86.158,86.356,78.738,191.854,196.124,198.374,196.633,184.55,203.106,190.979,222.505,178.796,199.316,198.251,195.796,219.031,191.035,190.171,206.117,207.085,226.818,203.245,195.996,162.67,161.672,162.424,165.473,154.057,172.569,170.453,183.54,172.791,164.676,161.046,162.328,162.166,163.241,153.49,170.476,169.957,184.31,169.158,163.905,172.07,155.245,153.774,156.711,160.061,150.747,160.035,189.412,158.871,176.01,167.062,166.809,157.356,183.996,160.165,169.355,170.667,186.755,176.687,173.161,179.74,178.147,166.438,180.796,170.183,173.262,173.62,193.15,172.451,175.189,161.732,NA,164.222,156.874,161.2,163.261,161.132,174.41,157.43,158.107,176.768,187.024,178.754,186.28,171.563,185.182,179.855,194.962,177.553,179.939,166.484,175.784,180.589,163.806,177.099,173.346,174.719,185.787,167.904,171.125,206.567,207.176,201.212,202.966,196.849,184.314,206.453,225.582,202.397,201.099,196.872,192.251,191.062,192.801,171.781,173.084,194.628,210.161,191.51,192.061
"195",9.7,71.045,73.663,85.972,67.131,71.98,76.497,77.291,86.1,86.188,78.734,191.578,195.953,198.378,195.075,184.724,203.082,191.09,222.318,179.04,199.474,198.366,195.366,219.479,191.571,189.537,206.166,207.01,225.775,204.365,196.146,162.757,163.235,162.269,164.226,154.051,172.527,170.473,185.406,171.749,164.505,160.952,162.534,163.008,163.438,154.34,170.541,170.057,183.527,168.154,163.946,172.09,156.098,154.906,157.211,161.693,150.562,160.096,189.838,159.458,176.01,166.943,167.428,158.117,183.411,158.409,169.193,170.9,188.078,175.425,173.147,179.769,178.894,166.042,181.287,170.36,173.153,173.682,192.618,172.211,175.452,161.72,NA,163.987,156.811,161.771,163.253,161.033,173.754,158.289,158.033,176.882,184.594,178.917,185.456,173.364,185.223,179.838,195.809,177.982,179.955,166.292,175.41,180.808,164.42,175.906,173.053,174.63,186.701,169.007,171.128,206.378,205.487,200.648,203.388,197.803,184.302,206.246,225.874,201.743,201.072,196.928,191.957,189.853,192.862,171.291,173.169,194.702,209.153,190.647,192.003
"196",9.75,71.01,73.888,85.13,66.825,72.506,76.503,77.363,85.415,86.764,78.726,191.674,195.089,198.033,196.617,184.887,202.93,190.971,221.7,179.317,199.508,198.207,194.742,221.756,191.046,190.274,206.101,207.29,225.676,203.881,196.24,162.609,162.294,162.475,164.802,153.366,172.637,170.367,185.83,172.047,164.623,160.91,163.601,161.415,162.755,153.837,170.514,170.037,183.927,168.157,163.897,172.04,155.301,153.829,157.152,161.187,150.489,160.008,189.533,158.791,176.139,166.928,167.156,157.803,183.65,158.32,169.192,170.829,188.366,176.043,173.214,179.822,178.829,166.489,181.246,171.941,173.173,173.669,192.391,173.176,175.348,161.684,NA,165.142,157.38,158.727,163.136,161.227,173.654,157.503,157.98,176.811,185.466,179.46,186.698,172.669,185.208,179.724,194.366,177.091,179.676,166.423,175.29,180.092,163.677,174.427,172.972,174.621,186.643,167.619,171.03,206.431,206.071,201.96,203.518,195.46,184.351,206.084,226.907,201.943,201.088,196.917,192.375,190.312,191.806,171.027,173.033,194.453,209.452,190.963,191.939
"197",9.8,70.993,73.955,85.8,66.55,72.472,76.431,77.354,85.853,86.647,78.745,191.709,194.344,197.022,194.309,184.283,203.027,191,221.32,178.307,199.431,198.23,195.04,220.079,192.767,190.348,206.192,207.305,226.736,203.267,196.286,162.65,161.701,162.391,165.326,154.7,172.56,170.308,184.707,172.59,164.661,161.037,162.49,161.506,163.641,152.553,170.644,169.995,184.164,168.144,163.911,171.784,156.172,154.392,157.39,161.008,150.557,159.98,189.912,159.741,175.911,166.912,166.779,156.902,183.209,159.02,169.088,170.691,187.933,175.596,173.144,179.731,177.364,166.496,181.034,170.735,173.143,173.7,191.819,172.164,175.116,161.664,NA,165.582,156.68,160.887,163.327,161.059,173.737,157.661,157.97,176.769,185.642,178.208,186.585,171.69,185.005,179.768,194.568,177.328,179.611,166.231,174.344,180.913,163.899,175.158,173.067,174.623,187.283,168.011,171.013,206.442,205.645,200.861,203.217,196.844,184.352,206.23,225.833,201.568,201.107,196.814,191.001,189.43,191.71,171.35,173.032,194.776,209.438,191.71,191.933
"198",9.85,70.934,73.572,84.983,66.853,72.111,76.417,77.2,86.189,86.533,78.743,191.618,195.313,196.887,196.403,184.876,202.92,190.847,222.636,178.379,199.605,198.105,195.744,221.23,192.165,188.123,206.104,206.977,226.462,203.929,196.034,162.63,161.025,162.128,164.013,154.584,172.555,170.597,184.614,171.578,164.556,160.935,162.481,162.188,163.466,153.974,170.393,170.062,182.806,167.854,163.819,171.815,155.986,154.29,156.496,161.954,150.425,160.007,189.918,159.489,175.987,166.946,166.748,158.098,183.479,156.889,169.105,170.583,188.3,175.84,173.037,179.709,179.184,166.231,181.057,169.276,173.147,173.475,193.196,171.89,175.277,161.81,NA,163.465,156.546,161.074,163.213,161.115,174.655,157.964,158.158,176.664,184.766,178.738,186.318,172.228,185.05,179.697,195.318,177.797,179.619,166.232,176.202,180.607,163.102,176.055,172.916,174.649,187.175,168.376,171.079,206.357,206.491,202.068,202.529,195.565,184.327,206.302,225.241,202.157,201.109,196.947,191.939,191.276,193.974,171.017,173,194.555,209.662,190.996,191.982
"199",9.9,70.947,74.018,85.011,66.955,72.076,76.411,77.122,85.657,86.458,78.745,191.507,195.414,196.177,194.655,183.536,202.903,190.82,223.571,178.404,199.428,198.021,195.36,219.151,191.397,189.344,206.157,207.282,226.712,204.107,196.104,162.576,161.55,162.521,164.532,155.312,172.59,170.332,184.128,171.449,164.585,160.978,161.919,161.86,163.69,153.579,170.523,169.931,184.329,167.364,163.813,171.831,155.468,153.508,156.908,162.175,150.415,160.008,189.966,159.108,176.176,167.01,165.777,157.516,182.67,158.478,169.082,170.602,187.478,175.898,173.25,179.693,179.211,165.671,180.691,172.155,173.128,173.72,192.561,172.343,175.246,161.626,NA,165.19,156.646,161.936,163.229,161.046,173.801,157.449,158.039,176.619,185.601,179.28,185.662,172.14,185.018,179.731,193.216,177.265,179.443,166.233,174.818,180.844,163.883,176.591,172.965,174.604,186.212,167.713,170.914,206.504,204.649,199.711,203.32,197.065,184.418,206.291,225.821,200.974,201.275,196.887,191.759,190.295,192.093,171.687,172.926,194.57,207.587,191.752,191.823
"200",9.95,70.916,73.827,85.514,66.864,71.702,76.431,77.177,85.671,86.505,78.72,191.712,194.73,196.607,194.939,183.336,203.143,190.889,224.01,178.253,199.456,198.048,195.995,221.757,190.794,189.237,206.153,207.113,226.483,203.297,196.121,162.721,162.208,164.021,164.971,153.994,172.626,170.347,183.661,172.407,164.685,161.005,162.234,161.971,162.09,155.286,170.523,170.054,182.881,168.69,163.863,171.826,155.95,153.987,156.493,162.836,150.436,159.856,189.223,159.647,176.009,166.782,166.464,158.565,182.948,158.258,168.992,170.476,187.498,175.185,173.005,179.669,178.852,166.117,179.694,170.904,172.917,173.589,192.945,171.638,175.046,161.676,NA,163.733,156.313,162.679,163.324,161.038,175.681,157.196,158.028,176.61,184.414,179.175,184.508,170.676,184.885,179.785,195.553,177.595,179.42,166.287,174.551,180.434,163.713,176.302,173.089,174.367,186.121,168.377,170.864,206.558,206.081,201.027,203.457,198.074,184.45,206.1,224.829,201.269,201.117,196.781,193.45,189.747,193.402,171.138,172.854,194.341,210.076,190.961,191.763
"201",10,70.861,73.997,85.444,66.605,71.824,76.455,77.141,85.167,86.44,78.699,191.559,194.862,198.779,194.411,185.768,202.944,190.823,220.65,178.139,199.359,197.966,194.961,219.535,192.096,190.341,206.156,207.265,225.156,202.137,196.086,162.684,163.389,162.845,164.78,155.639,172.613,170.449,184.432,172.042,164.585,161.003,162.197,162.077,162.37,153.775,170.476,169.927,182.956,168.187,163.802,171.699,155.364,153.478,156.824,162.108,150.227,159.822,189.584,159.539,176.002,166.921,167.297,157.559,182.772,157.781,168.825,170.509,188.639,175.215,173.149,179.583,178.659,165.277,180.281,169.492,172.818,173.602,191.47,171.772,175.151,161.674,NA,164.307,157.392,160.908,163.182,160.942,174.673,158.196,158.007,176.332,183.557,178.236,186.388,171.721,184.967,179.704,194.781,177.705,179.676,166.086,176.344,180.248,162.83,176.276,172.769,174.453,186.458,167.279,171.071,206.348,206.171,201.471,203.119,195.702,184.325,206.264,226.215,201.669,201.028,196.854,193.575,190.559,191.791,172.554,172.894,194.454,210.013,191.309,191.751
"202",10.05,70.852,73.476,85.41,66.707,72.007,76.41,77.061,86.054,86.513,78.736,191.514,193.434,196.739,195.222,184.303,202.867,190.843,222.422,178.778,199.537,198.02,195.488,220.12,190.485,188.792,206.171,207.032,228.185,203.144,196.133,162.652,161.621,162.546,163.787,154.052,172.589,170.394,185.335,171.724,164.579,160.923,161.701,163.054,163.11,152.574,170.456,170.041,182.366,168.41,163.847,171.748,155.919,153.586,156.552,161.741,150.223,160.092,188.972,159.194,176.07,166.78,167.054,157.426,183.697,157.609,168.687,170.34,187.513,176.451,173.194,179.597,177.801,166.084,180.583,171.915,172.976,173.454,191.734,172.37,175.235,161.723,NA,163.695,157.049,161.974,163.23,161.133,175.475,157.654,157.944,176.386,185.672,178.568,185.968,172.076,184.93,179.621,194.878,177.537,179.625,166.083,174.106,180.127,163.806,177.795,172.862,174.37,186.651,167.534,170.976,206.319,205.944,199.762,202.714,195.505,184.39,206.219,224.629,201.558,201.111,196.773,191.881,189.179,192.987,172.742,172.78,194.431,208.498,190.95,191.889
"203",10.1,70.844,73.692,85.566,66.917,71.622,76.356,77.01,85.548,85.967,78.71,191.404,195.529,197.87,195.2,183.568,202.873,190.798,223.175,178.253,199.436,197.994,196.45,222.202,190.929,190.246,206.167,207.362,225.662,202.529,196.336,162.652,162.033,163.066,163.857,154.563,172.547,170.551,185.159,172.371,164.592,161.026,162.496,161.546,162.873,153.762,170.516,170.001,182.805,168.784,163.843,171.567,155.257,153.575,156.629,161.664,150.34,159.846,190.353,159.24,176.06,166.8,166.267,158.073,183.785,157.974,168.805,170.446,187.067,175.543,172.973,179.514,178.844,165.694,180.742,168.715,172.856,173.401,191.689,171.662,175.245,161.587,NA,164.309,156.458,161.708,163.246,161.144,173.745,157.995,157.929,176.359,184.014,177.939,185.198,173.057,184.8,179.661,193.462,177.797,179.545,166.017,175.982,179.651,163.775,175.358,172.777,174.214,186.562,168.39,170.98,206.247,205.077,201.747,202.673,196.641,184.305,206.109,225.533,201.247,201.154,196.773,193.112,189.443,193.294,172.001,172.83,194.306,209.011,191.509,191.629
"204",10.15,70.79,73.724,85.766,66.462,71.837,76.375,77.013,85.253,86.245,78.753,191.419,194.457,198.882,195.682,183.294,202.775,190.851,222.108,178.724,199.472,197.919,198.439,220.611,191.318,189.779,206.313,207.056,226.416,203.401,196.048,162.65,162.004,162.275,164.735,154.24,172.465,170.396,184.677,171.779,164.505,160.855,162.294,162.133,162.939,154.076,170.535,170.073,182.89,168.029,163.793,171.443,154.9,153.287,156.902,160.322,150.174,159.935,190.109,158.881,176.069,166.724,167.479,157.814,183.45,157.279,168.75,170.313,187.622,175.401,173.126,179.423,178.33,165.579,180.2,169.765,172.852,173.597,191.774,172.058,175.071,161.717,NA,164.462,157.105,160.768,163.203,161.116,174.821,158.436,157.935,176.298,185.538,178.902,185.692,172.059,184.879,179.566,195.952,177.825,179.593,166.111,174.763,179.816,163.55,175.577,172.842,174.328,185.558,167.437,170.788,206.279,205.453,200.215,202.781,197.608,184.301,206.3,225.785,201.544,201.214,196.651,193.054,190.959,193.224,171.352,172.711,194.368,208.856,190.92,191.802
"205",10.2,70.795,73.467,85.813,66.446,71.658,76.342,76.957,85.76,86.389,78.742,191.398,194.601,196.084,196.134,183.322,202.683,190.604,221.497,178.486,199.299,197.882,198.042,221.903,191.198,191.363,206.091,207.111,225.495,204.352,196.052,162.609,161.461,162.342,164.541,154.338,172.469,170.423,184.756,171.808,164.484,161.005,161.682,161.467,163.319,154.092,170.432,169.969,183.186,168.431,163.732,171.659,155.716,154.561,156.858,161.668,150.1,159.922,189.817,159.218,175.984,166.804,167.184,156.995,182.771,157.55,168.636,170.23,187.917,175.962,173.122,179.417,178.697,165.641,180.312,169.374,172.93,173.586,192.042,171.838,175.217,161.623,NA,164.291,156.067,161.776,163.237,161.228,174.015,158.137,158.041,176.175,184.301,177.979,186.165,172.569,184.84,179.507,194.063,177.037,179.553,165.988,175.281,181.833,163.408,175.604,172.778,174.223,186.099,167.278,170.742,206.471,206.988,198.982,202.373,196.031,184.347,206.31,225.579,201.886,201.157,196.678,191.622,188.822,192.687,170.464,172.54,194.305,208.133,190.496,191.518
"206",10.25,70.751,73.772,85.71,66.433,71.531,76.313,76.918,85.78,86.115,78.706,191.423,196.266,199.605,194.462,182.558,202.834,190.814,222.782,177.968,199.314,197.907,195.361,220.649,191.552,191.827,206.145,207.172,226.47,203.33,196.035,162.613,162.223,162.442,164.759,153.609,172.594,170.418,184.255,172.135,164.605,160.919,162.802,161.637,162.294,153.298,170.515,169.928,183.63,168.446,163.866,171.555,155.147,153.757,157.235,162.502,150.141,159.904,189.093,159.028,176.02,166.839,166.674,156.232,182.818,157.307,168.752,170.352,187.49,176.112,173.083,179.479,177.883,165.369,180.786,171.889,172.735,173.278,191.997,171.849,174.96,161.692,NA,163.816,156.801,160.826,163.239,161.147,174.753,158.089,158.028,176.356,185.393,177.898,185.732,169.82,184.792,179.661,194.916,176.601,179.487,166.029,174.434,180.106,163.573,175.656,172.793,174.153,186.533,167.229,170.809,206.429,207.278,200.773,202.517,198.182,184.298,206.14,225.326,200.821,201.26,196.558,192.521,189.737,192.718,171.288,172.485,194.124,208.934,190.926,191.487
"207",10.3,70.707,73.679,84.823,66.341,71.863,76.28,76.818,85.355,86.1,78.717,191.461,195.827,196.751,194.912,184.279,202.735,190.681,220.202,178.473,199.437,197.881,196.767,219.245,191.495,190.885,206.181,207.277,223.919,203.021,196.154,162.592,161.605,162.063,164.676,154.256,172.447,170.357,185.037,172.099,164.492,160.818,161.893,161.103,163.351,154.355,170.434,170.019,183.454,168.726,163.907,171.467,155.447,154.065,156.577,160.468,150.098,159.794,190.621,158.879,175.921,166.854,167.281,156.497,182.436,156.465,168.586,170.218,187.76,174.561,173.156,179.377,177.985,166.582,180.406,170.644,172.799,173.373,192.096,171.413,175.062,161.688,NA,165.293,156.804,161.357,163.281,160.982,174.034,157.458,157.901,176.145,184.942,177.989,186.428,171.284,184.886,179.353,192.271,176.86,179.391,165.886,173.686,180.682,163.553,176.222,172.872,174.244,186.709,167.259,170.87,206.425,206.571,202.667,202.598,197.129,184.242,206.206,226.692,201.71,201.23,196.58,191.612,190.199,192.537,171.708,172.498,194.081,208.71,190.957,191.469
"208",10.35,70.728,73.842,85.291,66.309,71.937,76.259,76.763,85.84,86.143,78.741,191.321,194.846,197.546,194.604,183.279,202.814,190.485,221.408,177.759,199.38,198.013,195.549,222.424,192.067,189.186,206.157,207.253,224.319,204.379,196.173,162.674,161.326,163.098,164.316,153.852,172.506,170.407,184.222,171.969,164.435,160.924,161.687,160.576,163.044,152.845,170.402,169.912,183.041,168.729,163.826,171.395,154.602,152.318,156.447,162.257,150.152,159.952,189.325,158.803,175.923,166.572,167.872,156.043,183.131,157.22,168.4,170.165,186.176,175.32,173.136,179.415,178.648,165.396,179.858,169.32,172.742,173.265,191.55,171.325,174.949,161.633,NA,163.344,157.298,159.044,163.248,160.952,175.01,158.591,157.913,176.092,184.54,177.799,186.514,172.365,184.896,179.42,194.599,177.106,179.276,165.853,175.025,181.552,163.731,175.46,172.526,174.107,185.736,167.185,170.674,206.439,205.554,200.745,202.938,196.341,184.34,206.219,225.141,201.339,201.262,196.518,190.579,190.603,192.462,170.143,172.4,193.975,209.356,190.504,191.698
"209",10.4,70.671,73.633,85.501,66.208,71.782,76.248,76.797,85.57,86.117,78.729,191.198,195.321,196.967,195.144,183.175,202.689,190.691,222.109,177.832,199.413,197.838,195.691,221.219,191.052,191.114,206.234,207.398,224.116,202.991,196.143,162.649,161.202,162.287,164.306,154.25,172.545,170.367,184.853,171.421,164.535,160.899,161.813,161.959,163.029,152.446,170.473,170.038,183.87,168.39,163.789,171.282,155.717,154.094,156.794,161.885,150.043,159.737,189.312,159.47,176.034,166.583,166.123,157.116,183.781,158.578,168.429,170.073,186.685,175.334,173.137,179.282,178.499,165.526,180.205,170.675,172.803,173.363,193.579,171.743,175.009,161.668,NA,164.291,156.434,161.775,163.163,161.109,174.998,157.575,157.866,176.059,184.536,178.218,184.999,171.865,184.698,179.656,194.063,176.895,179.304,165.822,174.584,180.312,163.681,174.37,172.606,173.959,186.338,167.195,170.646,206.286,207.175,200.475,203.275,196.471,184.46,206.231,226.26,201.174,201.068,196.688,192.345,190.127,191.903,171.606,172.394,194.177,209.722,191.792,191.511
"210",10.45,70.647,73.5,84.712,66.556,70.634,76.253,76.696,85.338,85.697,78.709,191.262,194.812,198.153,194.865,181.811,202.751,190.586,223.211,177.941,199.375,197.874,197.205,220.693,190.777,187.476,206.247,207.157,224.103,202.571,196.057,162.563,160.502,162.292,164.506,155.432,172.509,170.489,184.153,171.827,164.675,160.983,162.863,161.336,162.534,153.394,170.507,170.045,183.344,168.109,163.762,171.296,155.409,152.589,156.629,161.113,149.808,159.649,189.833,159.095,176.078,166.442,165.907,157.096,183.155,157.071,168.438,169.931,185.688,175.975,173.029,179.393,176.286,165.54,180.305,169.152,172.597,173.319,192.532,171.559,175.091,161.578,NA,163.97,157.161,160.839,163.258,160.938,174.064,157.766,157.933,175.914,184.613,177.907,185.754,171.25,184.74,179.346,194.172,177.072,179.345,165.883,174.08,180.167,162.233,176.815,172.518,174.047,185.798,167.735,170.75,206.369,204.653,201.569,202.751,197.259,184.281,206.201,227.164,202.001,201.132,196.395,192.231,189.659,192.609,171.182,172.351,194.067,209.175,190.865,191.416
"211",10.5,70.604,74.093,85.081,66.495,71.841,76.241,76.633,85.647,86.066,78.73,191.083,194.054,197.194,194.444,184.03,202.6,190.431,222.032,177.855,199.322,198.046,196.507,221.057,190.297,190.481,206.092,207.178,226.029,203.627,196.105,162.535,161.046,162.607,164.033,155.2,172.446,170.202,183.77,172.4,164.477,160.899,161.814,161.296,163.343,153.724,170.328,169.83,183.654,167.82,163.832,171.407,155.753,152.512,157.178,160.844,149.79,159.742,190.659,159.237,175.968,166.558,166.382,156.603,182.585,157.878,168.399,170.026,188.008,175.702,173.135,179.241,178.341,165.251,178.926,170.209,172.49,173.219,193.41,172.253,175.092,161.651,NA,165.072,156.784,161.029,163.128,160.874,175.007,158.005,157.975,175.835,183.332,178.633,185.627,171.705,184.718,179.654,193.854,176.857,179.31,165.887,174.893,180.657,162.748,176.205,172.519,174.15,185.481,166.99,170.775,206.387,206.64,201.097,203.652,196.688,184.472,206.246,227.25,201.968,201.123,196.601,191.985,189.395,192.007,171.221,172.146,193.988,208.329,191.142,191.419
"212",10.55,70.578,73.319,86.09,66.421,71.728,76.254,76.65,85.458,86.137,78.725,191.204,192.565,196.64,195.236,182.116,202.618,190.685,221.092,177.731,199.495,197.687,195.468,223.262,191.099,190.101,206.287,207.126,226.335,202.597,196.091,162.511,161.022,161.246,164.027,154.324,172.62,170.356,185.279,170.951,164.388,160.87,162.431,162.083,162.913,152.372,170.423,169.867,183.984,167.843,163.85,171.208,156.307,153.427,156.293,160.136,149.849,159.721,188.75,159.164,175.984,166.661,166.724,155.998,181.966,156.6,168.419,170.036,187.117,174.984,173.033,179.274,178.003,165.382,180.916,169.52,172.575,173.331,192.091,170.879,175.038,161.556,NA,164.716,157.41,160.596,163.08,160.958,173.803,157.31,157.876,175.835,184.701,177.398,185.719,171.656,184.769,179.395,193.748,177.196,179.383,165.759,173.853,180.927,163.687,176.854,172.493,174.197,185.214,167.126,170.687,206.278,206.564,200.393,203.398,198.088,184.302,206.347,224.812,200.603,201.154,196.682,190.18,189.926,192.553,170.589,172.252,193.963,208.176,190.574,191.476
"213",10.6,70.58,73.537,85.376,66.232,71.367,76.169,76.624,85.225,86.067,78.755,191.257,196.168,196.348,194.125,183.584,202.504,190.631,221.461,177.902,199.332,197.781,194.888,219.641,190.421,192.042,206.333,207.224,223.933,204.144,196.219,162.671,161.562,162.169,163.819,154.507,172.578,170.299,184.346,171.943,164.38,160.907,161.506,159.971,162.307,152.977,170.51,170.009,183.616,167.989,163.893,171.158,156.714,153.257,156.722,160.583,149.706,159.64,188.222,158.342,176.013,166.659,166.555,157.085,182.827,158.009,168.415,169.864,187.173,174.978,173.056,179.178,178.648,165.406,179.596,168.843,172.601,173.224,193.213,171.018,174.799,161.606,NA,164.905,156.229,161.097,163.166,160.884,173.792,157.969,157.829,175.746,183.984,177.388,185.77,170.892,184.775,179.39,194.895,176.458,179.332,165.575,174.834,180.349,162.332,175.697,172.509,174.121,185.419,167.42,170.624,206.53,204.764,200.826,202.785,195.672,184.307,206.252,224.774,201.388,201.252,196.442,193.046,190.207,192.015,170.4,172.227,194.064,208.615,191.164,191.455
"214",10.65,70.568,73.334,85.172,66.085,71.313,76.219,76.502,85.59,86.397,78.708,191.067,193.677,198.234,195.325,184.275,202.567,190.382,221.914,177.938,199.434,197.704,196.58,219.057,191.069,191.73,206.176,207.252,226.165,203.993,196.096,162.597,161.705,162.219,165.256,153.81,172.448,170.593,184.506,171.458,164.508,160.703,161.888,162.075,163.061,154.324,170.382,169.952,185.795,168.371,163.894,171.117,155.718,152.77,156.005,158.9,149.803,159.673,189.106,158.136,176.041,166.509,165.787,156.723,182.517,156.234,168.33,169.845,187.778,175.232,173.026,179.064,177.65,165.789,180.414,169.749,172.556,173.05,191.996,171.726,174.956,161.443,NA,163.906,155.763,160.64,163.223,160.908,173.008,158.201,157.854,175.701,185.089,177.354,185.407,171.876,184.675,179.326,194.432,177.26,179.143,165.65,173.563,179.987,162.714,176.14,172.345,174.065,186.572,167.475,170.542,206.347,206.485,201.509,202.795,197.224,184.409,206.301,224.957,202.443,201.089,196.563,191.308,189.499,192.339,170.36,172.139,193.834,210.018,190.365,191.445
"215",10.7,70.537,73.863,85.083,66.122,70.688,76.189,76.485,85.856,85.784,78.737,191.107,195.218,196.531,195.522,182.728,202.594,190.349,222.531,177.795,199.384,197.567,195.26,220.072,191.559,190.468,206.262,207.165,223.601,203.567,196.206,162.533,162.799,163.353,164.985,152.334,172.47,170.263,184.278,171.736,164.385,160.853,162.134,162.57,163.048,153.382,170.39,169.983,184.285,167.814,163.8,171.082,154.633,153.383,156.455,161.701,149.52,159.62,189.687,158.416,175.958,166.534,165.801,156.52,182.5,157.677,168.052,169.767,186.645,174.596,173.03,179.045,178.055,166.171,180.038,171.025,172.536,173.299,191.774,171.93,174.954,161.618,NA,165.193,155.987,161.229,163.129,161.001,174.18,158.059,157.893,175.704,183.622,178.542,185.362,170.431,184.832,179.398,193.103,176.917,179.164,165.633,174.832,178.361,163.013,177.1,172.412,173.987,185.462,166.887,170.669,206.394,204.924,199.686,203.704,196.496,184.261,206.448,225.614,200.957,201.266,196.366,191.55,190.036,192.42,169.432,171.913,194.01,209.991,190.741,191.41
"216",10.75,70.508,73.137,84.732,66.53,71.123,76.165,76.506,85.546,86.105,78.714,191.126,195.933,197.998,194.567,184.357,202.524,190.259,221.414,176.873,199.269,197.653,194.911,221.488,191.187,190.329,206.181,207.432,225.156,203.255,196.255,162.615,161.86,162.09,164.537,153.628,172.517,170.252,185.333,171.024,164.507,160.848,161.739,162.27,163.716,153.316,170.36,169.912,183.187,168.246,163.817,170.925,154.533,152.614,156.356,160.398,149.629,159.579,188.894,158.943,175.864,166.525,166.79,157.093,182.429,157.089,168.119,169.791,187.65,175.184,172.898,178.968,179.096,166.025,180.441,169.685,172.587,173.074,191.092,171.734,174.932,161.533,NA,165.392,156.117,161.646,163.19,160.861,174.979,157.899,157.978,175.676,183.456,177.691,185.508,169.549,184.642,179.273,194.655,176.297,179.112,165.61,174.748,180.194,163.202,177.81,172.444,174.027,185.85,167.404,170.62,206.435,204.866,200.794,203.395,196.169,184.347,206.323,225.711,201.725,201.148,196.354,191.802,189.611,192.728,169.53,171.98,193.689,209.09,190.368,191.293
"217",10.8,70.479,73.406,84.887,66.192,71.074,76.133,76.468,85.965,85.96,78.733,190.817,195.137,195.412,193.574,185.469,202.503,190.28,221.191,178.16,199.373,197.614,196.608,219.395,191.515,190.278,206.144,207.087,224.682,203.114,196.058,162.529,161.846,163.487,164.497,155.345,172.503,170.506,184.825,171.304,164.419,160.836,162.902,163.367,162.705,152.466,170.374,170.076,183.869,167.985,163.781,170.894,155.689,152.903,155.919,160.924,149.452,159.519,189.118,158.4,175.926,166.412,166.568,156.378,183.273,155.847,168.211,169.77,186.69,175.162,172.925,179.11,177.258,165.552,180.119,168.539,172.427,173.034,191.316,171.69,174.87,161.556,NA,163.105,156.127,162.083,163.124,161.055,174.496,157.848,157.873,175.491,184.148,177.6,185.782,172.088,184.721,179.075,194.375,177.289,179.161,165.606,173.624,180.136,162.763,176.402,172.183,174.054,185.633,167.123,170.564,206.365,206.534,200.13,202.883,197.989,184.24,206.232,224.866,201.436,201.219,196.444,190.532,189.339,192.749,169.739,171.979,193.625,208.183,191.666,191.312
"218",10.85,70.461,73.134,84.732,65.813,71.142,76.095,76.451,85.895,85.612,78.694,190.811,194.867,196.764,194.437,183.184,202.36,190.285,222.357,176.692,199.333,197.569,195.638,220.717,191.597,190.951,206.161,207.262,225.572,203.256,196.203,162.617,161.178,162.112,164.497,155.511,172.457,170.488,185.372,171.484,164.491,160.818,162.2,161.026,162.95,153.681,170.423,169.974,183.44,168.821,163.717,170.924,155.758,152.542,156.941,162.838,149.358,159.55,190.201,158.389,176.138,166.433,165.84,156.618,181.884,157.068,168.179,169.668,186.88,175.061,173.043,178.961,178.163,164.726,180.465,168.669,172.451,173.167,192.975,171.389,174.997,161.491,NA,164.866,156.784,160.024,163.154,160.911,174.663,157.373,157.881,175.464,183.459,177.23,185.373,171.722,184.69,179.213,193.807,177.264,179.061,165.612,172.835,181.717,162.975,176.052,172.29,174.196,184.78,167.1,170.551,206.386,205.687,201.064,202.18,195.466,184.36,206.313,225.523,201.14,201.146,196.283,192.301,190.381,192.219,171.212,171.876,193.786,209.571,191.139,191.263
"219",10.9,70.442,73.473,84.899,66.03,71.072,76.107,76.518,85.032,86.297,78.746,190.965,194.805,197.231,194.115,183.569,202.339,190.317,221.726,177.099,199.255,197.677,196.382,220.776,190.542,189.157,206.279,207.194,225.167,203.181,196.228,162.591,161.506,163.141,164.989,153.933,172.693,170.329,184.509,172.059,164.454,160.818,161.485,161.941,161.911,153.894,170.4,170.15,184.038,168.663,163.793,170.752,155.658,153.518,155.837,159.224,149.381,159.537,189.057,159.641,175.937,166.347,166.829,156.528,182.05,157.194,168.002,169.792,185.927,174.637,173.116,178.997,177.984,163.823,179.958,168.559,172.522,172.951,192.32,171.632,174.878,161.549,NA,165.419,156.285,159.196,163.298,160.935,173.467,157.858,157.896,175.451,185.59,177.307,184.857,170.883,184.615,179.028,193.582,176.714,179.058,165.492,173.728,179.371,163.173,174.425,172.233,174.108,185.757,167.304,170.562,206.422,205.895,200.848,203.99,193.768,184.36,206.243,224.696,201.491,201.271,196.287,192.286,189.541,192.715,170.085,171.813,193.753,208.14,190.465,191.157
"220",10.95,70.439,73.458,84.547,65.903,70.909,76.066,76.444,85.481,86.015,78.709,190.768,193.949,197.118,193.603,184.101,202.358,190.127,222.088,177.095,199.302,197.455,194.907,221.987,191.872,189.815,206.144,207.13,226.125,204.145,196.16,162.622,162.076,162.12,164.316,153.981,172.497,170.25,184.062,171.944,164.437,160.68,162.009,161.443,163.583,153.388,170.358,170.033,184.216,168.69,163.801,170.795,155.401,152.703,156.049,160.545,149.391,159.531,188.788,158.307,175.933,166.49,166.599,155.887,183.088,157.533,167.99,169.61,186.38,175.638,172.896,178.863,177.183,164.798,178.923,169.931,172.323,173.034,191.347,171.943,174.793,161.569,NA,165.09,156.155,159.448,163.168,160.904,173.683,157.66,157.776,175.268,183.826,176.719,185.778,170.477,184.678,178.999,194.568,176.649,179.201,165.46,173.704,178.997,162.682,176.382,172.065,174.118,185.298,167.026,170.443,206.384,205.496,201.703,203.559,196.91,184.263,206.149,225.294,202.158,201.043,196.3,192.991,188.03,191.418,169.5,171.8,193.77,209.338,190.66,191.24
"221",11,70.426,73.586,85.064,66.05,71.395,76.101,76.425,85.405,85.363,78.725,190.703,195.369,196.087,195.463,183.64,202.198,190.352,222.028,177.295,199.324,197.541,194.29,221.563,191.701,188.799,206.185,207.357,226.277,203.553,196.221,162.549,161.12,163.721,165.145,154.538,172.517,170.467,183.588,171.503,164.573,160.816,160.732,161.875,161.823,152.338,170.459,170.102,183.274,168.347,163.804,170.665,154.583,152.549,156.16,161.098,149.279,159.483,188.825,157.969,175.913,166.365,166.99,155.817,182.971,156.547,167.875,169.431,186.64,175.103,173.016,178.991,176.825,164.639,180.72,168.307,172.322,172.825,192.842,170.927,174.735,161.379,NA,164.479,156.267,161.353,163.095,160.93,175.552,156.87,157.914,175.38,185.679,177.469,185.263,172.489,184.556,179.109,193.887,176.736,179.119,165.357,174.339,179.848,162.489,174.509,172.144,174.209,186.528,166.563,170.381,206.353,205.294,200.744,203.274,195.655,184.245,206.027,225.721,201.339,201.186,196.236,192.133,189.591,191.865,169.126,171.781,193.668,207.914,190.791,191.225
"222",11.05,70.349,72.952,83.959,65.898,71.025,76.088,76.341,85.745,85.641,78.752,190.703,195.086,196.988,195.215,182.694,202.196,190.184,220.501,177.371,199.281,197.424,194.466,221.665,191.273,189.836,206.209,207.288,225.38,202.243,196.208,162.583,161.895,163.086,164.697,153.443,172.688,170.344,185.069,171.882,164.439,160.898,162.084,161.875,162.498,152.682,170.451,169.905,184.243,168.474,164.005,170.548,155.086,152.922,156.338,160.766,149.279,159.552,188.877,158.288,176.008,166.4,165.291,156.005,182.584,156.101,167.774,169.519,186.801,174.922,172.942,178.839,177.592,164.404,179.292,170.171,172.223,172.657,190.697,171.036,174.714,161.561,NA,164.282,156.77,161.275,163.066,161.021,173.946,157.06,157.897,175.254,184.916,177.644,184.891,168.884,184.398,179.041,193.868,176.283,178.966,165.306,173.853,178.794,162.674,175.12,172.004,173.906,184.934,166.889,170.493,206.3,207.818,200.697,202.937,196.282,184.406,206.172,225.096,201.356,201.257,196.274,192.665,190.045,191.183,169.843,171.876,193.384,209.293,190.711,191.218
"223",11.1,70.341,73.251,84.986,65.999,71.246,76.031,76.321,85.456,85.739,78.714,190.641,194.679,197.591,194.317,183.063,202.346,190.135,222.192,177.481,199.422,197.551,196.337,221.119,191.256,187.482,206.322,207.113,224.896,203.582,196.22,162.531,163.169,162.139,163.92,154.609,172.461,170.371,184.19,171.754,164.435,160.798,162.575,161.854,162.918,153.338,170.458,169.804,182.647,168.48,163.602,170.691,155.094,151.761,156.172,159.384,149.283,159.377,189.639,159.167,176.014,166.401,166.196,155.692,183.314,157.784,167.789,169.537,186.579,174.37,172.952,178.908,177.442,165.748,179.135,167.838,172.31,172.863,191.017,170.918,174.841,161.484,NA,164.012,156.978,160.525,163.134,161.079,173.641,157.469,157.82,175.238,183.647,176.939,186.565,170.495,184.415,178.781,193.127,176.839,179.039,165.318,173.955,178.684,162.083,174.804,172.111,173.976,185.735,166.884,170.291,206.302,205.233,200.597,205.078,196.188,184.218,206.416,226.528,201.643,201.138,196.233,190.522,189.399,191.322,168.375,171.758,193.403,208.462,190.97,191.118
"224",11.15,70.361,73.487,85.121,66.029,71.106,76.063,76.336,85.623,85.759,78.733,190.655,194.54,197.239,195.523,182.279,202.319,190.085,221.891,177.243,199.229,197.529,196.384,220.98,190.186,189.217,206.188,207.087,224.88,202.925,196.042,162.733,162.032,163.138,164.468,155.302,172.496,170.359,184.478,171.854,164.43,160.768,162.631,161.729,162.671,153.156,170.456,169.983,183.62,169.022,163.698,170.56,155.49,152.115,156.007,161.051,149.248,159.409,189.804,158.51,175.844,166.312,165.202,156.24,182.439,158.135,167.591,169.297,186.48,174.561,172.993,178.858,177.312,164.595,179.574,169.208,172.258,172.744,191.676,170.819,174.781,161.462,NA,164.254,156.887,162.074,163.043,160.932,174.492,157.348,157.845,175.195,183.735,177.296,185.995,171.622,184.582,178.901,193.513,176.947,178.916,165.296,173.795,178.713,162.873,175.669,172.044,173.795,185.525,166.649,170.276,206.309,205.734,201.879,202.794,195.793,184.425,206.213,224.144,201.82,201.117,196.183,191.552,189.021,191.825,172.389,171.579,193.509,208.815,191.014,191.162
"225",11.2,70.3,73.54,85.263,65.692,70.912,76.046,76.312,85.221,85.539,78.723,190.775,195.049,196.108,194.977,182.066,202.227,189.96,222.915,176.242,199.346,197.449,194.425,220.708,191.07,190.46,206.089,207.05,226.617,203.739,196.115,162.627,161.311,161.635,164.333,154.713,172.409,170.323,185.41,171.1,164.441,160.797,161.726,162.358,163.169,153.142,170.429,170.086,183.435,167.791,163.717,170.517,154.881,152.427,156.448,159.512,149.169,159.506,188.984,157.797,175.976,166.463,166.469,156.471,183.046,156.693,167.702,169.488,186.56,175.704,172.981,178.834,177.257,165.035,180.022,167.27,172.278,172.906,192.415,171.002,174.812,161.51,NA,164.301,156.154,160.713,163.091,160.963,174.655,158.04,157.865,175.031,182.904,177.931,185.068,169.638,184.483,179.152,194.265,176.366,178.988,165.331,174.435,181.644,162.313,176.371,172.115,173.587,184.562,166.511,170.363,206.424,205.297,201.626,204.146,195.506,184.433,206.321,227.057,202.064,201.177,196.412,192.285,189.054,191.885,169.742,171.559,193.31,208.148,190.057,191.052
"226",11.25,70.251,73.763,84.201,65.495,71.437,75.968,76.261,85.324,85.789,78.711,190.649,195.365,196.629,193.29,182.731,202.283,189.917,220.509,177.478,199.228,197.413,195.854,219.732,191.53,191.761,206.33,207.186,225.455,202.642,196.166,162.535,161.954,162.254,163.758,154.686,172.497,170.221,184.359,171.108,164.474,160.791,162.269,162.207,163.136,153.409,170.397,169.895,183.798,168.502,163.729,170.519,155.193,151.535,156.319,159.187,149.103,159.519,190.004,158.716,176.001,166.349,166.332,156.059,182.654,156.081,167.645,169.289,185.983,174.867,173.001,178.786,177.695,165.71,180.103,170.355,172.221,172.876,191.737,171.425,174.707,161.446,NA,164.218,156.679,161.361,162.941,160.901,174.161,156.683,157.785,175.006,184.741,176.897,183.952,170.274,184.457,178.935,193.881,175.951,178.897,165.14,173.517,179.316,162.867,176.262,172.091,173.693,186.393,166.588,170.376,206.493,204.832,200.18,202.772,196.709,184.175,206.204,226.071,201.592,201.241,196.278,191.289,189.143,191.63,169.727,171.458,193.201,208.585,190.595,190.929
"227",11.3,70.271,73.577,84.709,65.527,71.365,75.968,76.191,85.455,85.903,78.701,190.624,195.995,196.632,194.262,182.093,202.253,189.999,220.935,176.697,199.42,197.487,194.089,221.918,190.894,189.995,206.197,207.276,225.353,202.937,196.171,162.603,161.514,162.714,164.688,153.053,172.507,170.485,185.269,170.975,164.505,160.738,161.816,161.367,162.474,154.16,170.376,169.969,183.838,169.054,163.733,170.408,154.891,151.988,156.272,161.391,149.074,159.496,188.766,158.713,175.852,166.225,166.503,155.41,182.963,157.107,167.567,169.162,186.243,175.005,172.949,178.624,180.277,164.664,180.395,168.72,172.161,172.687,191.945,170.618,174.871,161.48,NA,164.578,156.54,161.486,163.086,161.006,173.625,157.544,157.857,175.008,184.33,177.341,185.545,170.877,184.521,178.86,194.263,176.62,178.783,165.034,173.115,180.397,162.165,175.449,171.862,173.775,185.336,166.517,170.163,206.2,205.988,200.619,203.203,194.673,184.391,206.305,226.234,202.053,201.153,196.053,190.052,190.011,192.062,168.469,171.542,193.582,208.688,190.56,190.965
"228",11.35,70.238,73.67,84.991,65.711,71.27,75.989,76.103,85.321,85.894,78.731,190.532,194.492,196.28,194.09,183.822,202.245,190.136,221.619,177.54,199.491,197.442,194.806,222.964,192.163,190.091,206.31,207.289,225.083,202.939,196.159,162.522,161.488,163.186,164.723,155.458,172.477,170.324,184.836,171.614,164.553,160.832,162.367,161.171,163.81,152.89,170.494,169.798,184.161,167.827,163.676,170.416,155.018,151.887,155.906,161.907,149.072,159.222,188.489,158.31,175.996,166.173,166.536,155.917,183.121,156.683,167.695,169.127,186.837,175.292,173.014,178.618,179.151,164.553,178.975,170.105,172.169,172.892,191.792,170.99,174.812,161.443,NA,164.209,157.032,160.168,162.983,160.971,174.182,157.605,157.772,174.99,184.331,177.64,184.154,171.592,184.346,178.87,193.602,176.137,178.978,165.172,174.734,180.741,162.199,175.671,172.002,173.687,185.076,166.231,170.365,206.361,206.917,200.236,202.953,197.798,184.313,206.329,225.682,200.666,201.105,196.183,191.441,189.316,190.933,169.702,171.415,193.33,208.255,190.966,190.97
"229",11.4,70.216,73.505,84.916,65.762,71.115,75.975,76.148,85.482,85.743,78.726,190.561,195.224,196.03,194.807,183.467,202.042,189.998,221.326,176.853,199.325,197.452,194.192,219.773,190.672,189.622,206.281,207.283,225.686,203.028,195.938,162.635,161.864,162.332,164.091,152.776,172.368,170.329,184.486,171.322,164.59,160.726,162.323,161.487,162.721,153.405,170.398,169.871,184.321,168.576,163.751,170.339,155.037,152.249,155.774,159.24,148.739,159.356,188.965,158.348,175.892,166.185,166.128,157.229,183.313,155.572,167.547,169.107,186.374,174.902,172.964,178.615,177.681,165.32,179.803,169.068,172.179,172.827,191.451,171.815,174.656,161.415,NA,165.294,156.323,160.246,163.164,160.888,173.075,157.703,157.847,174.79,183.082,176.446,184.559,168.219,184.317,178.9,192.22,176.353,178.906,165.119,174.378,180.458,162.392,174.555,171.775,173.823,184.986,166.195,170.289,206.368,205.293,199.391,202.874,197.05,184.313,206.364,225.071,201.303,201.163,196.059,192.139,189.225,191.699,169.929,171.356,193.343,207.628,190.355,190.933
"230",11.45,70.18,73.526,84.501,65.483,70.66,75.954,76.068,85.819,85.572,78.708,190.564,194.589,196.819,195.007,183.071,202.072,189.828,220.68,177.04,199.253,197.456,195.456,220.545,192.035,188.726,206.114,207.094,225.808,202.584,196.124,162.572,161.41,163.235,163.62,154.484,172.429,170.386,184.992,172.166,164.372,160.757,162.223,161.385,163.141,153.288,170.335,170.005,182.916,167.968,163.866,170.157,156.074,152.36,155.581,162.116,148.86,159.477,189.059,158.693,175.976,166.178,165.321,155.744,181.493,156.892,167.458,169.155,186.628,175.054,172.92,178.603,178.065,163.684,179.479,170.547,172.105,172.568,190.588,171.055,174.698,161.468,NA,163.887,157.415,161.093,163.015,161.029,173.991,157.027,157.808,174.867,183.303,177.256,185.684,172.378,184.307,178.786,192.343,176.602,178.855,165.087,174.145,180.429,162.045,175.965,171.848,173.773,185.578,167.027,170.243,206.318,206.402,200.791,202.623,197.921,184.296,206.216,226.02,202.589,201.173,196.112,189.923,188.418,191.054,167.794,171.214,193.215,208.074,191.067,190.914
"231",11.5,70.155,73.604,84.638,65.692,71.268,75.944,76.099,85.452,85.857,78.73,190.457,195.069,196.985,194.017,182.167,202.017,189.868,222.408,176.899,199.537,197.289,195.56,220.445,191.979,189.224,206.384,207.337,224.527,203.549,196.198,162.444,162.197,161.637,163.597,153.94,172.614,170.242,185.016,170.765,164.401,160.751,162.144,161.948,162.963,153.549,170.412,169.934,183.958,168.294,163.645,170.251,155.094,151.552,156.17,160.28,148.845,159.313,189.954,157.556,176.001,166.129,165.197,155.314,182.09,156.456,167.433,169.15,186.254,174.171,173.051,178.578,177.902,164.74,180.509,167.972,172.138,172.772,191.499,170.294,174.81,161.496,NA,165.003,156.384,160.805,162.997,160.89,174.265,156.948,157.86,174.806,183.896,177.11,185.281,169.752,184.234,178.741,193.634,176.228,178.963,165.092,173.73,178.708,161.908,175.068,171.847,173.695,184.805,166.576,170.213,206.343,206.207,200.335,203.276,194.504,184.468,206.376,224.55,201.413,201.159,196.101,190.588,188.979,190.888,169.231,171.248,193.162,208.305,190.575,190.968
"232",11.55,70.139,73.301,84.462,65.269,71.572,75.89,76.003,85.469,85.858,78.717,190.365,193.783,196.165,193.957,183.595,201.91,189.852,221.65,176.717,199.164,197.33,195.317,220.687,190.958,191.134,206.045,207.166,226.009,203.857,196.221,162.488,162.212,162.41,164.217,153.622,172.429,170.377,185.189,171.464,164.495,160.894,161.643,161.782,161.912,153.282,170.37,169.917,183.867,168.114,163.73,170.203,154.461,150.988,155.561,161.246,148.752,159.303,189.414,157.389,175.773,166.208,165.703,155.174,182.3,156.356,167.286,169.182,185.537,173.884,173.041,178.51,177.901,164.825,179.529,168.924,172.245,172.771,190.625,170.677,174.609,161.513,NA,163.757,156.962,160.33,163.109,160.925,174.224,157.263,157.714,174.681,183.78,177.039,184.209,169.917,184.281,178.684,193.86,177.362,178.845,165.064,175.123,179.321,162.346,175.052,171.881,173.577,185.158,166.848,170.201,206.395,206.651,200.117,203.769,195.546,184.213,206.428,223.394,201.353,201.234,195.885,191.167,190.044,190.442,170.025,171.181,193.267,208.794,190.865,190.839
"233",11.6,70.12,73.204,85.52,65.629,71.286,75.923,75.986,85.099,85.982,78.735,190.304,193.134,197.589,194.951,181.951,202.019,189.773,222.898,176.766,199.404,197.228,195.391,220.06,190.796,190.079,206.288,207.293,225.636,203.856,196.157,162.499,161.459,162.294,164.184,154.616,172.604,170.235,184.859,171.249,164.449,160.783,160.711,162.402,162.285,154.511,170.386,169.908,184.107,167.822,163.647,170.119,154.456,150.971,156.45,161.754,148.665,159.403,188.926,158.317,175.841,166.044,165.451,156.298,182.854,156.843,167.22,169.087,186.472,174.814,172.939,178.38,177.117,164.724,180.296,168.405,171.883,172.403,191.417,171.162,174.665,161.481,NA,165.245,157.095,159.283,163.063,161.001,173.966,157.11,157.751,174.492,183.27,176.706,184.891,172.702,184.254,178.848,192.93,177.069,178.731,164.95,174.411,179.216,161.537,175.5,171.538,173.633,184.653,166.126,170.129,206.328,205.597,200.598,203.81,197.114,184.352,206.342,226.856,202.075,201.009,195.962,190.975,190.824,190.754,169.51,171.231,193.099,208.442,190.232,190.89
"234",11.65,70.114,73.311,84.649,65.559,70.917,75.909,75.956,85.176,85.58,78.694,190.313,194.747,195.846,194.903,182.512,201.898,189.896,221.585,176.445,199.356,197.346,193.608,220.631,191.663,189.622,206.207,207.162,225.958,204.107,196.16,162.473,161.928,161.598,163.453,154.471,172.524,170.334,184.001,171.592,164.502,160.773,161.886,162.699,163.688,153.003,170.353,169.869,183.722,169.171,163.695,170.167,155.608,150.545,156.19,159.428,148.759,159.145,188.635,157.482,175.928,165.96,166.073,155.517,183.293,156.879,167.122,169.111,185.338,174.664,172.933,178.39,176.988,164.445,179.18,169.209,171.927,172.562,191.397,170.675,174.705,161.492,NA,164.59,156.134,161.521,163.039,160.957,173.984,156.897,157.844,174.505,184.003,176.486,184.704,169.884,184.294,178.703,193.33,176.758,178.645,165.001,174.456,178.044,161.758,177.106,171.725,173.612,184.922,166.637,170.136,206.467,206.341,200.514,203.079,195.456,184.355,206.32,226.291,200.765,201.062,196.051,192.232,187.89,191.614,168.508,171.276,192.941,207.258,190.092,190.84
"235",11.7,70.102,73.516,84.692,65.654,70.803,75.896,76.005,85.213,85.615,78.687,190.33,193.486,196.12,193.654,183.348,202.036,189.886,222.084,176.599,199.359,197.162,194.49,220.155,192.083,189.914,206.199,207.241,223.865,202.771,196.228,162.416,162.257,163.186,164.664,156.038,172.303,170.222,184.231,171.586,164.534,160.704,161.509,161.932,163.348,151.674,170.369,170.01,183.986,168.825,163.728,169.86,156.212,151.33,155.773,161.013,148.76,159.303,187.798,158.246,175.864,165.98,166.743,154.693,182.182,155.296,167.284,169.056,186.692,174.548,172.946,178.339,177.68,165.405,179.975,167.874,171.971,172.446,191.883,170.787,174.73,161.382,NA,163.421,156.843,160.162,162.991,160.92,174.677,157.212,157.822,174.503,183.309,176.723,184.483,170.997,184.243,178.641,193.252,176.41,178.607,164.917,173.655,179.209,162.24,173.86,171.651,173.639,185.099,166.235,170.236,206.376,206.397,200.745,203.615,196.702,184.482,206.188,225.338,201.342,201.214,195.858,191.133,189.176,190.877,168.031,171.091,193.043,209.01,190.078,190.814
"236",11.75,70.041,73.417,84.843,65.154,70.757,75.864,75.992,84.975,85.091,78.741,190.345,193.658,195.211,194.304,182.677,201.913,189.82,220.284,176.051,199.466,197.232,195.429,221.938,191.701,190.142,206.188,207.167,226.304,203.127,195.982,162.479,161.935,162.927,163.457,154.355,172.539,170.245,183.659,172.032,164.45,160.774,161.337,162.194,163.003,152.818,170.355,170.008,183.722,167.672,163.712,170.018,154.12,152.188,155.184,160.771,148.457,159.131,188.503,158.207,175.886,166.026,166.734,155.956,182.573,155.055,167.222,168.811,185.359,174.569,172.906,178.25,178.123,163.789,179.382,169.171,171.859,172.447,190.961,171.244,174.584,161.536,NA,164.11,156.911,160.909,163.096,161.022,173.799,157.423,157.846,174.341,183.966,176.38,184.392,169.418,184.23,178.575,193.973,176.135,178.823,164.844,173.132,178.541,162.182,173.988,171.614,173.741,184.37,166.64,169.987,206.352,205.571,199.47,202.497,195.781,184.377,206.292,224.94,201.657,201.12,195.814,191.022,187.34,192.778,168.622,171,192.864,207.603,190.182,190.746
"237",11.8,70.043,73.462,84.518,65.472,71.457,75.861,76.047,85.355,85.321,78.693,190.327,194.836,196.422,194.416,182.906,201.943,189.693,221.168,175.97,199.279,197.198,194.428,219.097,190.663,190.088,206.231,207.16,224.777,204.626,196.119,162.472,161.527,162.742,163.63,152.887,172.527,170.29,183.666,171.245,164.451,160.795,161.675,160.69,163.576,152.205,170.306,169.959,184.026,168.55,163.571,169.88,154.604,150.755,155.955,161.697,148.503,159.102,189.068,158.335,175.926,166.196,166.01,155.36,181.798,156.463,167.186,168.939,185.928,174.638,172.965,178.412,177.124,164.232,178.535,168.592,171.849,172.355,190.582,170.556,174.551,161.362,NA,163.318,156.722,162.083,163.053,165.532,174.137,156.333,157.707,174.304,183.237,177.114,184.102,170.62,184.158,178.338,193.375,175.919,178.635,164.883,173.631,178.803,162.252,175.521,171.686,173.717,185.545,166.234,170.118,206.352,207.733,200.796,204.172,195.115,184.456,206.215,226.185,201.15,201.164,195.913,191.172,188.285,191.017,167.954,170.988,192.852,208.672,190.009,190.731
"238",11.85,70.043,73.438,84.555,65.314,70.989,75.838,75.949,85.133,85.507,78.693,190.195,194.749,196.333,193.932,182.822,201.957,189.574,222.118,175.715,199.273,197.1,193.779,221.201,191.615,189.637,206.168,207.151,226.127,203.387,196.165,162.548,161.614,163.052,164.319,154.624,172.493,170.327,184.183,171.056,164.526,160.704,162.163,161.459,163.307,153.905,170.36,169.973,183.457,168.119,163.646,169.756,154.553,150.85,155.272,162.544,148.424,159.271,188.498,158.342,175.782,165.977,165.869,155.745,181.514,154.752,167.137,168.702,185.54,174.192,172.783,178.466,177.445,164.167,180.263,171.401,171.755,172.434,191.611,170.695,174.471,161.402,NA,163.1,156.089,160.91,163.07,164.892,174.308,156.927,157.765,174.23,182.728,176.926,184.541,169.014,184.123,178.436,192.957,176.546,178.717,164.848,173.936,179.331,161.833,176.414,171.511,173.834,184.216,165.823,169.935,206.458,205.309,200.335,202.845,197.771,184.403,206.271,225.193,201.445,201.247,195.728,191.928,188.418,191.665,168.059,170.908,192.857,207.121,190.483,190.694
"239",11.9,70,73.846,84.83,65.215,71.06,75.839,75.928,85.299,85.497,78.733,190.138,194.224,197.643,194.073,183.883,201.914,189.569,220.915,175.671,199.325,197.187,194.76,219.829,191.202,189.589,206.296,207.273,224.652,203.093,196.13,162.566,161.691,161.953,164.198,154.547,172.514,170.421,184.65,170.901,164.486,160.732,162.581,161.039,162.736,154.231,170.334,169.885,183.415,168.322,163.752,169.812,154.932,150.946,155.491,159.496,148.395,159.269,190.334,157.877,175.857,166.047,166.32,155.267,182.606,155.894,167.101,168.719,186.114,173.943,172.963,178.214,178.494,164.734,178.115,170.213,171.738,172.59,190.936,170.639,174.533,161.409,NA,164.354,155.766,160.184,162.899,161.63,173.94,157,157.721,174.113,184.023,177.918,184.365,171.603,184.225,178.49,194.13,176.235,178.579,164.685,174.332,179.867,161.603,173.558,171.359,173.858,185.608,165.459,169.983,206.313,205.055,200.414,203.407,196.394,184.363,206.381,224.998,201.874,201.105,195.733,191.491,188.464,191.037,168.521,170.878,192.671,208.751,189.861,190.612
"240",11.95,69.99,73.217,84.661,65.157,71.5,75.788,75.937,85.717,85.338,78.679,190.129,193.619,196.619,194.126,182.106,201.776,189.679,219.52,177.131,199.41,197.191,194.786,220.133,191.478,189.963,205.987,207.293,226.032,203.618,196.044,162.551,161.845,163.492,164.339,155.313,172.493,170.353,185.201,171.222,164.379,160.762,161.763,160.458,163.25,153.276,170.329,169.878,182.494,168.646,163.687,169.694,154.819,150.972,155.732,159.917,148.39,159.133,188.521,157.955,175.784,165.942,166.171,154.889,181.377,154.726,167.034,168.743,185.601,174.001,172.917,178.284,178.157,165.769,177.993,169.493,171.647,172.344,191.644,170.386,174.539,161.366,NA,163.141,156.402,161.345,162.874,161.165,174.143,157.304,157.736,174.309,183.605,176.398,185.803,170.467,184.206,178.627,193.717,176.233,178.398,164.75,173.673,179.267,161.342,172.876,171.402,173.811,185.26,165.672,169.968,206.327,205.155,201.669,202.379,199.314,184.406,206.418,226.113,201.469,201.049,195.686,190.849,187.876,190.53,167.836,170.862,192.91,208.764,189.531,190.739
"241",12,69.951,73.86,84.515,65.201,70.728,75.813,75.895,85.219,84.947,78.75,190.138,194.354,195.744,193.52,181.95,201.796,189.664,220.478,176.381,199.125,197.111,194.506,221.207,191.885,191.68,206.212,207.271,225.474,203.736,196.115,162.461,162.846,163.081,164.49,154.084,172.491,170.435,184.862,170.739,164.387,160.756,163.005,162.022,162.475,152.794,170.35,170.118,184.368,167.834,163.805,169.759,154.735,151.654,156.257,160.428,148.341,159.239,189.185,157.172,175.942,166.003,166.35,155.525,181.096,155.233,166.927,168.521,186.645,173.96,172.922,178.217,177.94,164.149,179.501,167.542,171.703,172.369,191.036,170.866,174.593,161.284,NA,163.585,157.146,158.805,162.98,161.188,175.176,157.115,157.738,174.076,182.5,177.31,183.776,169.696,184.021,178.611,192.99,176.602,178.656,164.694,172.825,179.62,161.494,175.178,171.395,173.887,184.845,165.898,169.906,206.242,206.921,200.971,203.308,196.813,184.311,206.352,227.543,200.362,201.168,195.747,191.09,189.251,191.41,167.632,170.588,192.853,207.29,190.346,190.615
"242",12.05,69.932,73.035,84.787,65.487,70.477,75.791,75.865,85.628,85.508,78.737,189.934,192.763,195.925,193.119,182.488,201.716,189.715,218.89,176.514,199.298,197.066,195.275,221.033,191.387,190.216,206.135,207.31,225.492,204.19,196.017,162.412,162.611,163.194,164.253,153.241,172.342,170.233,184.381,171.17,164.303,160.686,161.969,161.402,163.09,154.552,170.356,169.965,183.672,168.001,163.616,169.632,154.454,150.733,155.325,160.578,148.274,159.092,186.48,157.831,175.962,165.828,165.673,155.255,182.279,155.393,166.744,168.744,185.59,175.191,172.973,178.126,178.495,164.37,179.192,169.847,171.657,172.504,190.634,170.976,174.569,161.345,NA,164.06,157.536,160.727,162.906,161.026,173.604,156.89,157.708,174.094,184.379,175.67,183.833,171.439,184.177,178.448,192.883,176.452,178.605,164.727,173.255,178.752,161.433,175.963,171.423,173.755,186.001,165.466,169.85,206.391,205.694,200.395,202.963,197.892,184.394,206.401,225.112,201.99,201.326,195.732,189.518,189.189,191.296,166.824,170.696,192.803,208.643,190.037,190.692
"243",12.1,69.913,73.494,84.264,65.402,71.115,75.706,75.889,84.859,85.262,78.714,190.085,192.675,195.635,194.354,182.835,201.691,189.411,220.303,175.979,199.325,197.176,195.439,220.524,191.117,188.952,206.191,207.283,225.631,203.246,196.268,162.469,161.86,163.148,165.27,154.322,172.368,170.278,185.731,170.244,164.399,160.689,163.103,161.147,162.356,153.21,170.394,169.901,184.465,168.626,163.624,169.515,154.457,150.63,156.319,160.922,148.234,159.186,188.588,157.669,175.983,165.845,165.66,155.78,182.397,155.874,166.846,168.627,185.125,173.766,172.848,178.178,178.045,164.315,179.195,170.347,171.65,172.412,191.515,170.514,174.561,161.386,NA,163.292,156.208,160.914,162.865,160.974,174.093,156.757,157.825,174.121,184.361,177.271,184.065,167.912,184.132,178.274,192.355,175.366,178.601,164.623,174.614,179.212,161.354,175.069,171.2,173.723,184.293,165.918,169.853,206.466,207.373,200.754,203.729,197.792,184.265,206.041,225.594,201.079,201.134,195.708,190.543,188.771,189.733,167.737,170.804,192.837,208.262,190.569,190.631
"244",12.15,69.887,73.003,85.258,65.166,71.226,75.814,75.82,85.387,85.576,78.703,190.009,194.421,197.127,193.63,183.695,201.783,189.416,219.865,175.34,199.182,197.027,194.829,219.077,191.472,189.656,206.139,207.394,224.779,204.298,196.085,162.403,162.482,162.216,163.771,153.745,172.347,170.185,184.61,170.995,164.378,160.628,161.758,161.577,162.286,152.534,170.354,170.064,183.32,168.197,163.585,169.472,154.784,150.945,155.589,160.179,148.196,159.19,188.192,157.923,175.935,165.94,166.003,154.631,181.341,155.721,166.744,168.375,185.136,175.593,172.814,178.146,178.052,164.454,179.83,167.969,171.686,172.295,190.78,170.012,174.474,161.331,NA,164.111,156.636,160.48,163.016,161.026,174.316,157.001,157.751,173.954,182.935,177.859,184.386,170.811,183.975,178.406,193.19,175.856,178.616,164.753,174.61,180.007,161.084,173.505,171.231,173.579,183.834,165.449,169.813,206.309,206.619,201.092,202.053,195.667,184.296,206.354,224.76,201.252,201.272,195.752,190.378,188.942,190.737,166.973,170.659,192.742,208.11,189.383,190.58
"245",12.2,69.853,72.735,84.197,65.221,70.547,75.78,75.711,85.416,84.937,78.694,190.083,193.301,195.727,194.574,182.401,201.702,189.532,222.068,176.051,199.355,197.014,193.44,219.81,191.029,190.451,206.316,207.239,224.565,203.586,196.139,162.416,161.825,161.747,163.942,154.634,172.449,170.328,183.213,171.158,164.399,160.684,161.478,161.239,162.921,152.15,170.388,169.957,182.73,168.447,163.607,169.573,154.516,150.439,155.89,160.951,147.954,159.166,188.649,157.4,175.832,165.888,166.734,154.392,183.239,156.905,166.756,168.511,184.771,175.188,172.928,178.062,176.064,163.852,179.057,168.296,171.588,171.973,191.518,170.3,174.471,161.282,NA,163.591,156.183,159.764,162.898,161.094,174.323,157.043,157.702,173.858,182.364,175.685,183.839,170.292,184.108,178.354,192.329,175.834,178.444,164.406,172.38,179.238,161.272,174.673,171.226,173.515,184.53,165.679,169.738,206.308,204.952,202.009,202.327,196.098,184.357,206.366,226.52,201.085,201.3,195.571,191.117,189.553,190.347,167.971,170.593,192.714,206.819,190.247,190.484
"246",12.25,69.791,73.174,84.41,65.022,70.586,75.737,75.685,85.391,85.389,78.727,189.984,193.266,195.905,192.88,183.15,201.666,189.289,220.448,176.16,199.262,197.023,194.511,220.37,191.43,189.407,206.203,207.345,224.566,202.982,196.108,162.569,161.471,163.669,164.258,153.307,172.544,170.335,184.3,171.697,164.36,160.725,162.007,162.145,163.26,154.242,170.326,169.938,184.283,168.348,163.65,169.451,154.72,151.365,155.034,160.815,148.01,159.162,188.818,157.911,175.833,165.699,165.566,153.608,181.746,156.462,166.653,168.353,185.92,174.315,172.899,178.174,177.519,164.146,179.256,169.809,171.513,172.189,189.36,170.727,174.374,161.295,NA,163.513,156.75,160.338,162.922,160.898,173.442,157.277,157.779,173.822,183,176.147,184.463,169.916,184.067,178.409,192.711,175.799,178.54,164.363,172.935,178.899,161.063,174.593,171.152,173.429,184.842,165.624,169.813,206.299,204.129,200.681,203.116,196.971,184.35,206.367,224.813,200.234,201.054,195.671,191.111,189.269,190.326,165.952,170.621,192.74,208.17,190.037,190.347
"247",12.3,69.841,73.176,83.99,65.272,70.569,75.726,75.712,85.311,85.313,78.705,189.919,194.903,196.236,193.978,180.303,201.678,189.519,220.652,176.852,199.251,197.03,194.724,221.579,192.107,189.604,206.257,207.394,224.607,202.987,196.264,162.461,161.693,161.956,163.462,153.331,172.557,170.359,185.184,171.123,164.518,160.66,161.926,161.841,162.956,153.335,170.298,169.841,182.966,167.506,163.696,169.481,154.694,150.507,154.704,159.926,147.944,159.115,188.157,157.952,175.867,165.794,165.901,154.322,182.195,154.326,166.704,168.448,184.796,174.413,172.938,177.975,176.633,164.491,178.189,168.936,171.427,172.218,191.345,170.978,174.495,161.394,NA,164.772,155.927,160.574,162.956,161.011,172.41,157.059,157.666,173.747,183.048,175.753,183.747,168.258,184.148,178.414,192.694,176.645,178.463,164.362,173.087,178.996,161.085,173.949,171.163,173.561,185.114,165.877,169.839,206.337,206.103,200.154,202.379,196.243,184.249,206.313,227.486,201.376,201.028,195.657,191.21,187.03,191.816,168.019,170.406,192.615,208.551,189.69,190.415
"248",12.35,69.819,73.349,84.286,65.138,71.013,75.673,75.685,85.234,85.35,78.724,189.884,192.511,196.086,193.383,181.74,201.602,189.412,220.842,175.524,199.229,197.007,194.843,220.86,192.582,189.135,206.365,207.399,224.931,203.376,196.036,162.373,161.033,162.946,164.977,155.437,172.357,170.192,183.862,171.085,164.369,160.638,162.107,161.364,162.998,153.145,170.436,169.913,183.714,167.384,163.573,169.272,154.394,150.65,156.192,160.408,147.956,159.083,188.453,158.016,175.956,165.653,164.502,155.385,181.849,155.413,166.696,168.353,186.191,173.989,172.988,177.954,176.985,163.444,179.111,169.136,171.567,172.093,190.515,170.587,174.448,161.385,NA,164.43,156.887,162.02,162.788,161.181,174.107,157.078,157.775,173.7,183.539,176.737,183.58,170.627,183.971,178.348,193.479,176.253,178.399,164.324,172.676,178.051,161.58,173.765,171.112,173.445,184.196,165.712,169.758,206.279,204.784,200.07,203.174,196.831,184.376,206.49,226.705,201.322,201.219,195.503,189.615,188.461,191.203,166.658,170.319,192.551,207.044,190.183,190.393
"249",12.4,69.805,72.949,84.068,64.924,71.074,75.684,75.691,85.159,85.317,78.74,189.777,193.551,196.321,193.344,181.393,201.514,189.388,221.342,175.06,199.294,197.135,194.211,221.899,190.569,187.077,206.173,207.262,227.022,203.858,196.13,162.555,161.842,161.994,164.212,153.907,172.402,170.235,183.808,171.288,164.26,160.635,162.187,161.64,163.53,152.519,170.241,170.06,183.981,168.278,163.672,169.314,154.101,151.004,155.065,161.519,147.927,159.016,188.15,157.558,175.883,165.681,165.458,155.685,182.512,155.429,166.656,168.192,186.264,173.649,172.88,177.99,179.192,163.701,179.713,168.541,171.445,172.035,190.925,170.028,174.432,161.311,NA,164.214,156.868,160.415,162.807,161.117,174.752,157.392,157.756,173.722,183.662,176.809,184.802,169.304,184.025,178.162,193.168,176.475,178.335,164.326,172.194,179.223,161.103,174.509,171.095,175.183,183.656,165.972,173.058,206.367,206.52,201.576,203.074,195.463,184.45,206.136,225.234,200.901,201.006,195.566,190.95,191.032,190.82,166.397,170.347,192.471,206.69,190.005,190.485
"250",12.45,69.768,72.899,83.967,64.937,71.151,75.697,75.587,84.727,85.139,78.727,189.788,192.923,195.242,194.347,183.655,201.627,189.328,220.631,175.297,199.491,196.808,194.612,222.426,191.684,189.989,206.122,207.286,225.494,203.668,196.091,162.385,161.833,162.675,164.96,154.937,172.481,170.2,184.267,171.108,164.489,160.611,163.29,161.492,162.615,152.301,170.354,169.823,182.609,169.168,163.61,169.265,154.883,151.226,155.584,159.148,147.808,159.051,189.163,157.812,175.934,165.736,165.986,154.662,182.067,155.917,166.498,168.263,185.463,173.821,172.854,177.997,176.755,163.526,179.294,169.452,171.522,171.934,190.646,170.113,174.377,161.252,NA,164.85,156.353,160.766,162.827,160.986,173.963,157.036,157.793,173.547,182.463,175.029,184.753,169.345,184.048,178.326,193.492,175.94,178.27,164.291,174.15,179.529,161.176,175.227,170.951,173.022,184.703,165.065,175.876,206.25,205.193,199.374,203.637,197.21,184.42,206.447,226.349,201.632,200.948,195.62,190.678,188.313,189.468,167.34,170.144,192.356,207.39,190.107,190.406
"251",12.5,69.774,73.285,84.547,64.92,70.65,75.649,75.494,85.368,85.287,78.731,189.841,193.931,196.52,193.722,181.941,201.592,189.344,222.134,175.936,199.331,196.97,195.575,220.905,191.111,189.638,206.3,207.09,224.937,203.106,196.059,162.418,160.915,162.209,164.369,153.948,172.387,170.265,183.825,170.304,164.355,160.616,162.105,161.552,162.735,154.818,170.348,169.92,183.581,167.641,163.578,169.359,153.676,149.78,154.667,159.87,147.721,159.072,187.735,157.287,175.911,165.754,166.092,156.456,181.318,155.102,166.538,168.298,184.578,173.919,172.947,177.85,178.035,163.105,178.628,169.311,171.443,172.017,191.016,170.079,174.391,161.346,NA,164.261,156.747,161.345,162.879,161.093,174.442,157.209,157.68,173.605,184.569,175.217,184.543,168.488,183.885,178.099,193.173,176.081,178.257,164.191,172.874,180.075,161.045,175.389,171.085,172.424,183.403,165.763,174.162,206.318,205.911,200.605,202.147,197.714,184.413,206.157,225.132,201.508,201.167,195.425,191.85,189.385,189.925,166.964,170.222,192.402,207.93,190.759,190.259
"252",12.55,69.723,73.569,83.703,64.643,70.801,75.67,75.509,85.289,84.893,78.74,189.66,193.842,196.17,192.809,180.746,201.542,189.107,219.966,174.808,199.292,197.011,193.47,221.571,190.513,190.365,206.302,207.213,224.32,202.819,196.152,162.511,160.867,162.411,164.43,154.996,172.47,170.23,186.378,170.849,164.454,160.572,162.923,160.964,162.723,152.76,170.399,170.037,183.976,168.828,163.653,169.2,154.579,149.43,155.35,159.524,147.833,159.069,188.386,157.941,175.765,165.677,165.646,154.289,181.783,156.518,166.5,168.139,185.374,173.603,172.826,177.89,176.594,163.679,178.644,169.706,171.346,172.003,190.062,169.933,174.457,161.404,NA,163.119,156.549,158.543,162.802,161.05,173.538,157.182,157.636,173.528,183.667,174.829,184.559,169.393,183.758,178.019,192.494,176.136,178.247,164.233,172.744,179.698,161.1,173.943,170.942,172.562,183.798,165.978,171.957,206.363,205.187,199.814,202.431,195.933,184.32,206.154,226.409,201.574,201.229,195.544,190.598,188.076,190.414,166.302,170.181,192.118,208.707,189.763,190.067
"253",12.6,69.707,73.042,84.731,64.823,70.679,75.68,75.475,84.837,85.499,78.704,189.6,192.014,196.154,194.535,182.131,201.404,189.308,219.217,175.568,199.28,196.887,193.366,220.92,190.26,188.226,206.126,207.183,226.221,203.975,196.087,162.398,162.059,162.155,164.019,153.217,172.535,170.259,185.172,171.268,164.304,160.616,161.837,161.015,162.753,152.61,170.136,169.891,184.209,168.03,163.59,169.277,154.822,150.203,154.949,158.987,147.736,158.823,188.172,157.947,175.799,165.772,166.653,154.154,181.843,154.077,166.343,168.195,186.077,173.591,172.889,177.697,178.137,163.236,179.657,169.358,171.386,171.823,190.459,169.936,174.441,161.319,NA,163.763,156.092,159.894,162.778,161.096,174.069,157.049,157.628,173.489,183.173,176.277,184.931,169.426,183.892,178.139,191.788,175.485,178.165,164.222,172.971,177.145,161.584,174.098,170.851,172.447,184.544,165.451,170.949,206.311,206.653,199.87,202.871,195.542,184.392,206.522,226.48,201.739,201.017,195.581,189.883,187.158,190.341,167.083,170.147,192.5,207.167,189.759,190.29
"254",12.65,69.655,72.708,84.001,64.769,70.999,75.64,75.411,85.113,85.386,78.711,189.64,193.664,195.941,193.344,180.335,201.557,189.318,220,175.088,199.217,196.926,193.462,220.111,190.279,190.842,206.078,207.323,224.103,202.012,196.139,162.413,160.904,162.322,163.683,153.86,172.329,170.378,185.346,170.876,164.361,160.64,162.322,161.785,162.299,152.777,170.297,170.026,183.457,168.564,163.617,169.048,153.788,150.869,154.73,161.275,147.784,158.961,187.337,158.079,175.953,165.549,165.74,154.69,182.57,155.277,166.268,167.936,185.555,174.536,172.757,177.84,179.022,163.111,178.103,168.309,171.385,171.877,190.798,170.303,174.351,161.358,NA,163.452,157.097,160.39,162.878,161.161,173.835,157.662,157.688,173.453,183.144,175.798,184.922,169.43,183.759,178.166,192.405,176.417,178.104,164.076,173.337,179.449,161.706,174.348,170.829,172.458,183.991,164.799,170.341,206.266,205.896,201.199,203.625,194.994,184.416,206.27,225.94,202.331,201.145,195.441,189.725,188.056,189.532,168.463,170.064,192.419,206.676,190.557,190.181
"255",12.7,69.611,72.864,84.13,64.82,71.166,75.651,75.373,85.599,84.918,78.734,189.57,192.261,196.277,193.591,180.627,201.32,189.101,220.134,175.891,199.208,196.763,193.167,219.354,191.153,190.895,206.269,207.253,225.472,203.017,196.143,162.406,160.648,161.731,164.679,153.394,172.456,170.285,185.206,171.3,164.277,160.626,162.43,161.434,163.346,151.902,170.215,170.03,183.473,168.173,163.585,168.957,154.419,150.761,155.301,160.339,147.598,158.863,187.087,157.428,175.929,165.618,165.701,153.074,181.313,155.951,166.214,168.047,184.573,174.465,172.808,177.773,178.299,163.546,178.691,170.003,171.346,171.937,189.197,170.022,174.392,161.325,NA,163.812,156.683,161.155,162.921,161.048,173.594,157.46,157.737,173.304,182.549,176.129,185.233,167.922,183.658,178.104,191.758,175.811,178.214,164.157,172.496,178.534,161.685,173.582,170.847,172.429,183.426,165.384,170.006,206.244,205.563,201.547,202.116,196.66,184.367,206.481,225.801,200.992,201.25,195.56,191.311,188.273,190.56,165.672,170.024,192.187,206.855,190.404,190.134
"256",12.75,69.599,73.51,83.811,64.735,71.068,75.6,75.354,85.23,85.049,78.684,189.575,192.642,196.384,192.736,181.284,201.302,188.95,220.198,175.412,199.206,196.817,192.412,222.217,190.963,188.738,206.09,207.293,224.452,202.798,196.144,162.428,161.645,162.777,164.283,155.488,172.386,170.271,184.201,170.989,164.376,160.522,162.171,161.283,162.04,152.28,170.321,169.83,184.057,167.529,163.617,169.039,153.611,150.152,154.857,158.224,147.587,158.823,187.693,157.459,175.996,165.672,166.208,153.643,182.583,155.135,166.234,167.816,184.539,173.165,172.888,177.738,177.562,163.492,177.822,168.922,171.253,171.879,191.4,169.904,174.328,161.294,NA,163.18,155.694,160.034,162.931,161.106,172.843,156.535,157.613,173.21,182.11,176.678,184.317,169.554,183.803,178.177,191.379,175.481,178.013,164.062,174.129,179.383,160.691,174.62,170.837,172.495,184.36,165.64,170.021,206.369,206.909,200.992,203.449,196.555,184.384,206.354,226.013,201.479,201.161,195.466,189.443,189.167,190.785,167.278,169.983,192.081,207.45,189.877,190.168
"257",12.8,69.545,72.832,83.874,64.678,70.692,75.623,75.362,84.85,84.847,78.686,189.523,193.83,194.675,194.204,182.097,201.342,189.079,220.125,175.16,199.091,196.714,193.095,221.19,191.308,189.333,206.188,207.342,226.107,203.862,196.122,162.382,160.922,161.215,164.571,153.002,172.413,170.254,184.251,170.836,164.41,160.668,162.136,162.138,162.87,153.26,170.185,169.991,184.254,168.269,163.629,168.961,153.451,149.989,154.417,161.515,147.468,158.901,187.391,157.725,175.733,165.627,165.53,154.346,181.835,154.864,166.306,167.867,184.745,174.076,172.996,177.865,176.855,162.643,179.17,169.433,171.223,171.895,191.755,169.421,174.239,161.455,NA,163.531,156.756,159.791,162.794,161.186,173.872,156.564,157.643,173.067,182.734,176.209,185.525,170.02,183.711,178.01,192.33,175.9,178.136,163.947,171.861,179.216,160.573,175.137,170.832,172.285,184.057,166.024,170.163,206.246,206.84,201.442,203.13,198.1,184.467,206.154,224.952,201.482,201.156,195.376,189.841,186.823,190.698,165.702,170.028,192.077,207.356,189.967,189.954
"258",12.85,69.564,73.107,84.079,64.776,71.078,75.614,75.302,85.403,85.186,78.708,189.397,193.796,196.294,193.926,182.841,201.322,189.058,219.339,175.293,199.221,196.793,192.814,222.593,191.786,188.071,206.235,207.336,226.452,203.642,196.077,162.459,160.931,161.981,164.944,151.925,172.44,170.346,184.417,170.805,164.315,160.487,161.776,160.59,161.993,152.021,170.226,169.868,183.384,167.646,163.579,168.866,153.642,150.083,154.717,160.413,147.503,158.893,189,157.751,175.773,165.619,165.929,154.764,181.837,155.629,166.168,167.829,184.006,173.056,172.829,177.636,178.054,162.889,178.487,169.44,171.215,171.848,190.738,171.068,174.279,161.31,NA,165.172,156.586,160.318,162.861,161.113,173.764,157.259,157.656,173.003,181.788,176.648,183.44,169.95,183.601,177.931,192.158,175.666,178.169,163.965,172.142,179.452,160.818,172.22,170.796,172.372,183.972,165.468,170.155,206.333,205.712,202.586,202.863,196.312,184.313,206.329,226.026,201.641,201.156,195.386,189.791,188.078,190.645,166.902,169.916,192.141,206.477,189.285,190.007
"259",12.9,69.562,72.953,84.123,64.32,70.789,75.586,75.245,85.192,85.117,78.73,189.392,194.328,196.79,193.582,179.923,201.356,189,219.623,174.737,199.156,196.846,194.055,219.839,190.733,190.463,206.169,207.434,225.982,203.588,196.121,162.384,160.918,163.156,163.772,153.587,172.389,170.419,184.025,170.552,164.303,160.503,161.502,162.019,163.08,152.996,170.339,169.907,183.564,167.714,163.654,168.94,153.61,149.545,154.85,160.272,147.432,158.723,188.421,156.923,175.903,165.497,166.376,154.198,180.37,155.487,166.024,167.839,185.273,174.031,172.885,177.797,177.425,162.704,177.974,170.297,171.19,171.781,189.433,169.569,174.135,161.25,NA,164.191,156.429,159.588,162.798,161.073,173.836,157.034,157.615,172.912,183.493,175.472,184.943,167.8,183.682,177.876,191.918,175.545,178.045,163.871,172.598,178.434,160.88,174.873,170.619,172.373,183.897,165.729,172.564,206.413,205.91,200.853,203.013,196.157,184.436,206.373,225.398,201.763,201.032,195.336,190.291,187.925,190.971,165.91,169.964,192.051,206.1,190.46,189.97
"260",12.95,69.51,73.054,84.417,64.447,70.404,75.591,75.26,85.01,84.96,78.734,189.395,192.833,194.113,194.483,180.907,201.417,188.954,219.782,175.257,199.084,196.719,192.707,221.995,190.433,188.893,206.211,207.228,226.539,203.795,196.094,162.336,161.86,163.129,163.945,154.354,172.341,170.316,184.931,170.729,164.457,160.573,161.459,161.259,162.322,152.922,170.345,170.115,184.157,168.178,163.547,168.834,154.72,150.188,155.009,160.055,147.35,158.715,188.382,157.273,175.84,165.369,165.06,153.984,180.902,155.768,166.002,167.727,185.756,173.371,172.716,177.544,177.328,163.778,177.783,167.36,171.211,171.833,191.077,170.2,174.189,161.195,NA,164.356,156.915,159.116,162.7,161.048,174.454,156.729,157.696,172.973,182.931,175.337,183.144,169.982,183.56,177.928,192.156,175.496,178.028,163.92,172.846,178.159,160.916,173.468,170.718,172.475,184.166,165.427,171.206,206.274,206.077,200.137,203.919,197.276,184.408,206.487,225.691,201.302,201.167,195.243,189.212,188.005,190.608,165.835,169.815,192.264,206.361,188.979,190.007
"261",13,69.504,73.134,83.608,64.559,70.678,75.604,75.254,85.453,84.999,78.691,189.344,193.211,195.712,193.278,182.176,201.055,188.928,221.214,175.651,199.206,196.646,194.472,221.05,191.427,187.643,206.358,207.242,226.231,202.724,196.081,162.25,161.16,162.236,164.323,155.886,172.391,170.299,184.988,170.668,164.369,160.583,162.519,162.35,161.82,153.524,170.24,169.878,183.638,167.776,163.572,168.728,153.791,148.789,154.489,159.031,147.224,158.708,188.242,157.71,175.794,165.315,164.218,153.566,183.214,155.521,165.924,167.812,184.207,174.092,172.734,177.626,177.629,162.786,178.686,168.059,171.272,171.712,190.385,170.11,174.083,161.151,NA,163.698,156.382,160.39,162.843,161.058,174.723,157.053,157.596,172.836,182.409,175.66,184.095,169.685,183.584,177.666,191.662,175.46,177.951,163.871,172.71,178.127,161.016,172.38,170.644,172.481,183.224,165.36,170.56,206.241,207.037,202.225,203.574,195.415,184.279,206.543,226.269,201.557,201.048,195.317,189.96,187.673,189.661,165.4,169.863,192.064,206.252,189.654,190.023
"262",13.05,69.467,72.536,83.464,64.795,70.889,75.572,75.212,84.844,85.016,78.734,189.275,192.769,195.534,194.645,182.619,201.294,188.74,220.087,175.025,199.287,196.647,195.114,221.294,191.251,188.776,206.22,207.256,225.906,203.572,196.109,162.385,161.359,162.537,164.655,154.493,172.404,170.383,184.546,170.396,164.278,160.645,162.655,161.284,162.3,153.361,170.383,169.998,183.919,167.69,163.53,168.786,153.227,149.265,154.488,159.648,147.23,158.847,188.54,156.761,175.819,165.458,165.623,155.805,182.074,153.551,165.919,167.532,184.582,174.014,172.807,177.467,177.368,162.644,177.873,169.224,171.08,171.529,190.558,169.795,174.175,161.171,NA,163.915,156.408,159.982,162.902,160.946,174.162,156.891,157.719,172.859,182.101,175.267,183.209,167.334,183.6,177.751,191.803,175.144,177.892,163.825,172.985,179.189,160.709,173.903,170.571,172.22,183.889,165.5,170.286,206.437,206.203,200.72,202.79,196.291,184.419,206.26,225.93,200.746,201.089,195.189,190.616,188.132,189.87,167.306,169.791,191.727,207.143,189.981,189.902
"263",13.1,69.474,73.358,83.956,64.696,70.053,75.545,75.157,85.472,85.083,78.669,189.266,193.831,196.501,193.683,180.805,201.203,188.922,219.899,174.119,199.262,196.677,193.265,221.952,190.714,189.352,206.293,207.324,224.473,203.55,196.139,162.327,161.776,163.196,164.518,153.373,172.383,170.421,184.741,171.064,164.279,160.641,163.885,161.499,162.762,152.871,170.25,169.954,182.973,168.091,163.598,168.733,152.915,149.636,154.969,159.384,147.108,158.664,188.572,157.766,175.878,165.426,165.324,153.827,181.708,154.102,165.916,167.443,183.856,173.643,172.811,177.575,176.921,163.111,178.628,169.126,171.116,171.546,191.303,168.516,174.29,161.4,NA,164.069,156.26,160.248,162.861,161.136,174.598,156.121,157.762,172.741,182.256,175.275,184.188,169.13,183.568,177.913,191.127,175.658,177.991,163.925,172.569,179.399,160.887,174.56,170.579,172.339,183.936,165.227,170.158,206.343,205.847,199.823,203.113,198.234,184.406,206.184,225.976,201.872,201.159,195.395,189.799,186.908,189.398,166.862,169.628,192.008,207.447,189.347,189.871
"264",13.15,69.447,73.285,83.331,64.756,70.699,75.555,75.248,85.098,84.606,78.703,189.374,193.313,197.653,192.93,182.415,201.129,188.896,219.569,174.776,199.259,196.563,192.523,220.384,191.179,190.114,206.254,207.487,224.586,203.224,196.155,162.413,161.77,161.867,163.807,154.039,172.431,170.252,183.623,170.007,164.299,160.7,162.278,162.39,163.301,152.977,170.368,169.864,183.563,167.805,163.612,168.814,154.289,148.543,154.579,161.853,147.094,158.695,188.794,156.843,175.702,165.422,165.748,153.248,181.447,155.69,165.824,167.498,184.172,173.253,172.895,177.301,177.49,163.148,177.391,169.46,171.073,171.519,190.389,169.836,174.073,161.307,NA,163.652,156.215,161.699,162.708,161.145,174.142,157.276,157.606,172.617,182.47,174.487,183.032,168.202,183.586,177.735,192.319,174.857,177.979,163.757,172.5,179.214,160.84,175.141,170.497,172.198,184.383,164.37,170.295,206.365,205.847,200.136,201.532,197.96,184.287,206.312,225.366,201.723,201.147,195.142,189.137,187.01,190.371,165.931,169.716,191.786,206.567,189.908,189.992
"265",13.2,69.433,73.206,83.845,64.694,70.983,75.507,75.115,85.085,85.171,78.712,189.142,192.748,196.278,193.083,181.779,201.138,188.87,220.37,175.054,199.197,196.593,193.305,222.254,191.02,189.096,206.149,207.436,225.275,203.45,196.244,162.377,161.307,162.684,164.068,153.591,172.373,170.212,183.376,170.049,164.203,160.494,161.005,160.33,162.501,152.514,170.199,169.981,183.829,168.24,163.569,168.594,153.585,149.658,155.077,159.523,147.168,158.811,187.951,157.187,175.817,165.304,165.708,154.389,180.325,155.345,165.79,167.529,184.132,173.64,172.871,177.461,177.833,162.459,178.374,167.664,171.096,171.444,190.407,169.433,174.227,161.243,NA,163.793,155.498,161.451,162.863,161.021,173.223,156.975,157.48,172.629,183.033,174.294,184.369,168.622,183.56,177.906,192.028,175.203,177.983,163.818,172.579,179.447,160.57,172.839,170.569,172.317,183.601,165.415,170.203,206.202,206.166,200.381,203.47,198.277,184.333,206.2,226.797,200.454,201.097,195.07,190.836,186.088,189.904,165.304,169.644,191.779,206.178,189.213,189.866
"266",13.25,69.407,73.3,83.33,64.627,70.307,75.532,75.056,85.26,84.913,78.673,189.147,192.711,195.645,192.978,180.459,201.257,188.89,219.417,174.314,199.13,196.538,194.119,220.927,191.411,187.28,206.172,207.363,224.879,203.699,196.206,162.261,161.677,161.971,164.407,152.778,172.519,170.223,184.45,170.008,164.258,160.469,161.217,161.633,162.563,152.88,170.261,170.018,183.087,168.48,163.568,168.66,154.158,148.626,154.747,161.024,147.108,158.594,188.475,157.636,175.932,165.343,166.34,154.374,181.899,154.494,165.705,167.375,184.026,172.64,172.891,177.409,177.39,163.057,177.022,168.704,170.964,171.547,190.216,169.752,174.214,161.275,NA,163.318,156.254,158.395,162.84,161.153,174.245,157.068,157.632,172.495,183.795,175.411,183.826,167.501,183.599,177.896,192.313,174.946,177.764,163.827,172.285,179.43,161.719,173.72,170.552,172.333,184.527,165.005,170.136,206.175,207.608,200.079,203.458,196.479,184.332,206.356,226.01,202.07,200.965,195.254,189.373,187.367,188.882,165.571,169.652,191.911,205.923,189.147,189.82
"267",13.3,69.388,72.899,83.929,64.89,70.797,75.51,75.038,85.105,84.95,78.687,189.135,193.381,196.51,193.319,180.886,200.991,188.711,219.589,174.782,199.284,196.431,192.385,221.456,190.412,189.367,206.233,207.307,223.96,203.482,196.073,162.303,161.373,162.692,163.532,154.173,172.284,170.289,184.375,170.683,164.321,160.566,161.987,162.034,162.136,152.999,170.395,170.02,183.854,168.418,163.567,168.573,152.345,149.163,155.214,159.92,147.031,158.508,188.937,157.187,175.85,165.277,165.416,154.35,181.023,154.605,165.737,167.514,184.877,173.728,172.901,177.525,176.656,162.422,177.691,167.649,171.007,171.58,190.261,170.179,174.07,161.172,NA,164.155,156.593,161.058,162.79,161,173.599,157.11,157.65,172.529,181.906,174.708,184.255,168.205,183.616,177.891,192.524,176.074,177.767,163.722,172.585,180.265,159.891,176.585,170.406,172.374,183.749,165.471,170.066,206.214,206.11,201.156,203.249,199.006,184.361,206.204,224.986,201.757,201.126,195.079,189.572,188.363,190.16,164.739,169.496,191.837,207.402,189.286,189.807
"268",13.35,69.366,72.788,83.431,64.574,70.763,75.496,75,85.095,84.886,78.74,189.112,193.253,195.441,194.057,181.222,201.083,188.7,219.733,174.002,199.233,196.523,192.318,219.666,191.064,189.589,206.107,207.281,224.078,203.551,196.119,162.456,161.943,162.375,164.369,153.332,172.425,170.229,184.513,170.627,164.204,160.529,161.233,160.878,162.891,152.667,170.112,170.107,183.577,168.698,163.588,168.405,154.805,149.81,155.1,160.135,146.947,158.636,187.722,157.333,175.882,165.36,165.823,152.932,181.03,153.768,165.594,167.38,183.385,173.288,172.879,177.358,177.472,163.211,178.808,168.223,170.832,171.296,190.271,169.301,174.051,161.206,NA,163.568,156.757,159.9,162.869,160.985,173.264,157.584,157.715,172.448,180.909,173.876,183.174,168.47,183.524,177.633,192.503,175.508,177.823,163.837,172.941,179.056,161.092,173.909,170.486,172.322,182.7,165.217,170.137,206.33,205.807,200.614,202.394,196.14,184.358,206.341,225.858,201.485,201.107,195.008,188.899,187.368,189.597,166.55,169.352,191.749,206.569,189.88,189.711
"269",13.4,69.34,73.068,84.058,64.38,70.503,75.495,74.959,85.256,84.861,78.714,189.07,193.711,195.499,193.921,180.849,201.002,188.658,219.517,174.617,199.327,196.319,192.837,218.965,190.702,189.373,206.158,207.281,225.753,203.542,196.069,162.324,161.632,162.345,164.467,153.712,172.338,170.228,185.798,169.865,164.285,160.498,161.033,161.038,161.614,152.691,170.23,169.824,184.313,168.273,163.55,168.421,152.008,148.872,154.644,160.793,146.911,158.687,188.07,157.743,175.992,165.236,164.765,153.621,182.069,153.764,165.577,167.304,183.759,173.289,172.774,177.36,176.964,163.223,177.6,167.133,170.768,171.386,190.631,170.594,174.082,161.298,NA,164.299,156.569,160.374,162.756,160.896,173.624,156.816,157.621,172.44,181.834,174.924,184.381,166.03,183.436,177.857,190.932,175.193,177.808,163.727,172.644,178.599,159.737,173.788,170.545,172.487,184.463,165.321,170.035,206.333,205.199,200.468,202.511,195.905,184.374,206.504,224.402,201.727,201.2,195.119,189.256,186.685,189.428,164.711,169.33,191.52,207.169,189.329,189.723
"270",13.45,69.334,73.023,83.455,64.58,70.776,75.472,74.928,85.159,85.173,78.707,188.988,191.867,197.85,193.151,181.691,200.924,188.571,219.538,174.762,199.213,196.386,192.362,223.115,191.892,190.333,206.158,207.408,225.18,203.114,196.2,162.299,161.338,163.451,164.549,154.171,172.342,170.17,184.693,170.46,164.362,160.554,161.544,161.163,162.298,151.333,170.228,170.012,183.828,167.802,163.597,168.357,153.64,148.518,154.972,158.949,146.847,158.557,187.983,157.508,175.873,165.231,165.159,152.976,181.663,154.863,165.512,167.234,186.199,173.415,172.757,177.246,177.234,161.65,177.864,169.536,170.945,171.471,190.528,169.825,174.02,161.201,NA,163.756,156.673,161.939,162.822,160.941,174.245,156.771,157.784,172.446,182.836,174.495,183.899,168.442,183.441,177.733,191.833,175.474,177.9,163.725,171.638,177.871,160.794,172.837,170.444,172.373,184.658,164.623,170.07,206.347,205.719,199.946,203.54,195.469,184.426,206.255,227.324,201.086,201.236,194.924,190.27,188.153,189.831,166.387,169.254,191.723,207.744,189.259,189.645
"271",13.5,69.312,72.921,83.99,64.378,71.181,75.451,74.957,85.226,84.793,78.685,188.872,192.438,194.021,193.17,183.229,200.882,188.72,220.278,174.422,199.054,196.449,194.107,220.662,190.731,188.023,206.275,207.244,225.726,202.283,196.047,162.319,161.636,161.88,164.288,154.586,172.379,170.359,184.191,170.928,164.256,160.452,160.628,161.08,162.77,153.025,170.274,169.878,183.414,168.32,163.587,168.37,153.888,149.237,154.397,160.983,146.674,158.694,187.094,156.997,175.768,165.196,165.373,154.186,181.239,155.028,165.597,167.388,184.595,173.14,172.831,177.32,176.609,163.345,178.481,167.267,170.873,171.421,189.642,169.561,174.034,161.279,NA,164.351,156.478,160.225,162.836,160.953,174.118,156.765,157.622,172.434,183.602,177.116,184.122,169.112,183.294,177.901,192.166,175.896,177.843,163.802,173.458,179.211,160.624,173.275,170.337,172.3,184.749,165.001,170.142,206.192,206.33,201.274,202.541,197.88,184.344,206.333,227.729,201.473,201.023,195.143,188.775,186.499,190.752,164.223,169.32,191.466,207.333,189.379,189.666
"272",13.55,69.284,72.434,83.372,64.621,71.037,75.476,74.927,85.15,84.841,78.713,188.937,193.888,195.668,193.497,181.721,201.091,188.659,219.142,174.101,199.222,196.385,193.477,221.137,191.378,192.132,206.148,207.334,226.677,203.131,196.141,162.473,162.134,163.032,164.178,154.173,172.459,170.3,183.357,170.574,164.23,160.532,161.617,161.793,162.013,152.405,170.291,169.872,182.939,167.657,163.546,168.349,152.451,148.935,155.241,159.059,146.783,158.666,187.481,156.742,175.932,165.237,165.549,153.226,182.259,154.696,165.505,167.441,183.401,173.994,172.889,177.119,177.113,162.938,177.766,170.12,170.847,171.589,190.361,169.132,174.041,161.187,NA,163.686,156.406,159.147,162.752,161.149,174.388,157.119,157.648,172.316,181.92,174.071,183.803,166.677,183.639,177.655,191.524,174.615,177.762,163.794,172.977,178.667,160.405,174.223,170.388,172.347,183.623,165.461,169.973,206.171,205.169,202.709,203.514,196.532,184.196,206.517,226.301,202.094,201.148,195.06,188.52,187.184,188.239,165.606,169.094,191.521,206.492,189.001,189.474
"273",13.6,69.29,72.845,84.273,64.484,70.575,75.458,74.948,84.86,84.795,78.749,188.824,193.361,195.828,194,181.901,201.018,188.383,220.142,173.969,199.116,196.408,193.123,219.984,191.618,190.002,206.144,207.333,224.862,202.682,196.189,162.302,161.801,163.479,164.615,153.853,172.221,170.245,184.55,170.613,164.375,160.665,161.085,160.789,162.18,152.195,170.257,169.87,183.385,168.248,163.506,168.299,152.897,148.668,154.535,158.524,146.661,158.617,187.917,157.026,175.689,165.199,164.992,153.629,180.819,153.985,165.339,167.131,184.796,172.782,172.767,177.063,177.22,162.612,177.216,166.987,170.839,171.315,190.25,169.474,174.052,161.348,NA,163.728,156.608,160.058,162.714,161.027,174.007,157.049,157.557,172.362,182.693,174.721,184.126,167.389,183.202,177.845,190.804,175.189,177.672,163.751,172.236,177.526,160.332,173.125,170.404,172.32,183.973,165.51,170.055,206.433,204.725,200.018,202.651,195.877,184.383,206.424,226.158,201.171,201.051,194.965,189.294,186.991,190.755,165.987,169.088,191.432,207.491,189.391,189.658
"274",13.65,69.258,72.553,83.531,64.152,70.431,75.442,74.911,85.619,84.715,78.687,188.802,193.763,195.148,193.428,183.118,201.005,188.511,219.072,174.66,199.303,196.352,193.113,221.111,192.397,191.261,206.168,207.49,225.886,202.801,196.099,162.244,161.373,162.875,164.158,153.612,172.401,170.218,184.582,170.548,164.152,160.446,161.533,162.004,162.229,152.642,170.185,170.054,183.89,168.328,163.521,168.124,153.185,148.754,154.796,160.15,146.787,158.598,186.705,156.547,175.851,165.22,164.892,153.293,181.857,153.854,165.307,167.319,183.904,174.054,172.695,177.171,177.182,163.085,177.288,168.119,170.738,171.39,189.998,169.507,174.04,161.221,NA,163.913,156.153,162.23,162.702,161.286,173.913,157.197,157.571,172.318,183.166,174.884,183.573,167.19,183.319,177.715,191.341,176.123,177.689,163.691,172.54,177.317,159.902,177.403,170.292,172.341,183.099,164.561,169.956,206.237,206.872,201.265,202.885,194.601,184.362,206.541,224.563,201.413,201.113,195.027,189.698,188.07,190.239,164.97,169.066,191.411,205.867,189.266,189.422
"275",13.7,69.269,72.387,83.809,64.301,70.093,75.464,74.873,84.757,85.011,78.746,188.816,192.603,194.569,192.733,181.15,200.906,188.563,220.485,173.438,199.279,196.287,193.426,221.084,190.884,191.574,206.268,207.533,224.696,202.82,196.148,162.26,160.883,162.698,164.326,154.991,172.385,170.253,184.435,170.578,164.227,160.43,161.464,161.838,163.583,152.202,170.232,169.966,183.202,168.634,163.553,168.182,154.018,148.971,155.498,159.685,146.561,158.642,188.979,156.608,175.794,165.178,164.364,154.158,181.332,154.125,165.179,167.171,183.923,173.206,172.813,177.105,177.963,163.002,177.473,169.953,170.587,171.142,190.49,169.767,174.051,161.159,NA,164.071,156.286,161.831,162.723,161.129,173.453,157.217,157.553,172.352,181.972,173.243,183.95,168.829,183.326,177.553,191.128,175.164,177.698,163.651,171.205,178.942,160.949,173.116,170.445,172.53,184.251,165.27,170.021,206.265,205.05,200.713,202.933,196.998,184.418,206.458,225.864,201.762,201.306,194.866,188.676,187.457,189.963,165.702,169.062,191.292,206.398,189.934,189.604
"276",13.75,69.225,72.561,83.48,64.187,71.045,75.436,74.831,85.192,84.604,78.715,188.858,192.993,195.734,192.972,180.914,200.883,188.409,220.143,173.861,199.16,196.393,192.173,222.299,191.321,189.959,206.234,207.208,224.284,203.013,196.146,162.355,161.952,163.636,164.793,153.156,172.255,170.233,184.174,170.954,164.176,160.578,162.492,160.95,162.368,152.93,170.086,170.028,182.744,168.313,163.585,168.226,153.922,148.134,154.032,159.979,146.529,158.609,188.078,157.844,175.867,165.095,165.169,153.406,181.064,154.059,165.358,167.068,184.528,172.997,172.613,177.236,175.104,162.646,178.062,167.54,170.711,171.175,189.295,169.047,173.963,161.11,NA,164.31,155.856,161.435,162.703,161.169,173.834,156.971,157.684,172.218,181.717,174.323,184.082,166.847,183.246,177.57,190.901,175.483,177.699,163.65,172.371,179.506,161.046,173.504,170.479,172.35,183.704,164.786,170.007,206.301,207.19,200.249,203.516,196.934,184.437,206.504,225.06,202.088,201.15,194.767,189.563,187.057,190.182,163.496,168.896,191.436,206.279,189.638,189.538
"277",13.8,69.217,72.56,83.754,64.138,70.619,75.424,74.828,84.884,84.967,78.72,188.847,191.173,194.022,193.589,180.847,200.762,188.456,220.047,173.535,199.197,196.213,190.999,222.001,191.383,189.396,206.226,207.339,224.592,202.867,196.162,162.265,161.077,162.668,164.376,153.815,172.355,170.213,184.761,171.052,164.328,160.382,161.793,160.653,162.195,151.665,170.221,169.855,184.177,168.292,163.545,168.08,152.348,148.877,155.517,158.883,146.557,158.494,188.795,157.152,175.745,165.116,164.964,153.105,181.411,154.877,165.353,167.054,183.39,173.51,172.729,176.938,176.644,162.34,177.034,167.217,170.552,171.101,190.639,168.974,174.003,161.264,NA,163.093,156.049,160.496,162.695,160.975,174.085,156.878,157.548,172.162,181.736,174.869,183.684,169.365,183.299,177.61,191.452,175.763,177.7,163.657,172.405,178.667,160.356,175.187,170.42,172.472,184.146,165.639,170.091,206.237,206.406,200.846,203.424,197.52,184.275,206.476,223.799,201.166,201.146,194.856,188.409,186.901,190.886,163.256,169.022,191.276,206.437,189.017,189.477
"278",13.85,69.227,72.774,83.975,64.128,70.44,75.419,74.805,84.967,84.709,78.707,188.692,193.218,194.71,193.307,181.527,200.766,188.349,219.851,173.886,199.165,196.315,193.765,221.64,191.061,188.585,206.111,207.427,225.439,202.97,196.078,162.207,160.797,163.027,164.441,154.01,172.281,170.141,183.65,170.337,164.221,160.416,162.283,161.295,162.366,152.644,170.226,169.771,183.855,168.104,163.481,168.089,152.748,147.892,154.777,159.253,146.409,158.614,186.689,157.492,175.678,165.004,164.666,153.646,180.874,154.588,165.221,166.969,183.385,172.767,172.858,177.04,174.647,163.18,177.594,167.753,170.517,171.055,189.438,168.933,173.864,161.109,NA,165.396,156.029,161.228,162.747,161.131,174.592,157.786,157.551,172.198,181.762,174.999,184.057,167.555,183.375,177.677,191.179,175.313,177.546,163.637,172.442,177.937,160.423,174.644,170.347,172.479,184.412,164.804,170.058,206.167,204.733,201.247,203.301,197.644,184.393,206.356,225.823,201.405,201.128,194.791,189.46,187.218,189.6,164.396,169.074,191.283,205.89,189.305,189.375
"279",13.9,69.192,72.971,83.679,64.269,69.505,75.425,74.807,84.588,84.473,78.733,188.69,191.403,195.469,192.573,180.802,200.911,188.432,218.874,173.868,199.25,196.43,193.513,221.076,191.587,189.424,206.337,207.305,224.643,203.053,195.966,162.332,161.96,162.68,164.784,154.122,172.317,170.337,183.87,170.143,164.268,160.502,161.213,160.99,162.776,152.879,170.14,169.957,183.656,167.698,163.556,167.863,153.322,148.502,154.136,159.54,146.44,158.436,187.973,157.377,175.781,164.887,165.175,153.934,181.803,153.022,165.238,167.018,182.932,173.089,172.657,176.986,176.168,161.697,178.288,168.19,170.299,171.031,189.73,168.417,173.872,161.155,NA,163.621,156.089,159.007,162.744,161.054,173.66,157.198,157.549,172.166,181.272,174.744,183.341,167.468,183.184,177.646,191.85,175.431,177.498,163.724,172.861,178.251,160.574,174.842,170.324,172.521,183.858,164.248,170.188,206.225,206.384,199.946,203.598,196.246,184.363,206.544,223.725,202.489,201.158,194.743,188.072,187.581,189.973,165.124,168.877,191.296,206.885,188.948,189.401
"280",13.95,69.174,72.808,84.214,64.136,70.518,75.42,74.799,85.078,84.862,78.726,188.649,192.823,194.405,193.288,180.631,200.627,188.523,219.744,174.019,199.167,196.235,193.669,221.795,192.103,189.997,206.204,207.199,226.473,203.472,196.081,162.351,161.766,162.721,164.256,152.487,172.301,170.219,184.488,170.774,164.264,160.439,161.677,160.988,162.522,153.245,170.26,169.903,183.299,168.106,163.471,167.965,152.759,148.026,154.565,158.925,146.292,158.583,188.354,157.548,175.809,165.038,165.301,152.903,181.727,154.407,165.093,166.911,184.304,172.163,172.647,176.921,176.544,162.438,178.407,167.648,170.386,171.017,188.996,169.351,174.011,161.194,NA,164.317,156.791,161.858,162.694,161.003,173.63,156.969,157.564,172.142,182.291,173.876,183.855,168.771,183.106,177.501,191.975,174.93,177.508,163.657,174.157,177.074,160.218,173.196,170.335,172.73,184.792,165.1,169.949,206.463,206.072,201.164,203.564,194.468,184.409,206.517,225.987,201.43,201.204,194.697,189.398,186.996,189.827,165.692,168.757,191.306,207.31,189.281,189.446
"281",14,69.179,72.709,83.814,64.259,70.877,75.402,74.717,84.459,84.481,78.742,188.606,191.871,195.022,192.812,180.236,200.634,188.263,219.559,173.775,199.22,196.234,194.699,221.069,191.186,186.911,206.148,207.337,225.694,202.582,195.896,162.302,161.461,163.342,164.811,154.478,172.337,170.093,184.84,170.146,164.174,160.536,161.75,161.055,162.672,151.935,170.262,169.882,183.462,168.409,163.555,167.953,153.471,147.658,153.921,160.299,146.257,158.375,187.788,156.91,175.906,164.926,163.811,153.282,181.344,154.687,165.105,166.772,184.587,172.787,172.797,176.722,177.219,161.877,178.146,168.272,170.405,171.099,189.866,168.684,173.956,161.138,NA,163.996,156.163,160.198,162.633,160.938,173.604,157.389,157.574,172.245,181.879,176.126,183.092,168.325,183.198,177.631,190.285,175.543,177.68,163.8,171.643,177.633,160.604,175.04,170.243,172.636,183.131,165.165,170.134,206.369,205.475,201.128,204.197,199.106,184.353,206.502,225.868,201.673,201.165,194.655,189.229,187.116,188.975,163.761,168.855,191.109,206.605,188.68,189.427
"282",14.05,69.145,72.473,84.022,63.906,70.473,75.363,74.685,84.782,84.591,78.731,188.592,192.479,194.079,194.102,180.715,200.61,188.252,219.709,173.501,199.122,196.237,191.936,222.567,191.048,188.49,206.218,207.507,225.323,203.448,196.071,162.32,161.614,162.109,163.615,152.993,172.292,170.248,184.897,170.342,164.256,160.525,161.527,160.458,163.107,153.407,170.191,169.918,182.271,167.907,163.468,167.969,154.101,147.536,155.144,158.697,146.274,158.356,187.998,156.289,175.786,164.917,165.534,152.954,181.406,154.013,165.056,166.675,183.794,171.653,172.636,176.944,175.716,160.821,176.603,166.905,170.445,170.963,188.969,168.789,173.913,161.193,NA,163.635,156.866,160.112,162.722,161.171,174.05,156.664,157.669,172.157,182.465,174.278,183.675,167.523,183.164,177.525,190.678,175.185,177.53,163.756,171.964,177.262,160.496,174.656,170.407,172.59,183.05,164.617,170.078,206.225,206.43,201.898,203.873,195.298,184.348,206.411,224.368,201.775,201.246,194.767,189.926,185.58,189.484,163.374,168.728,191.248,205.1,188.921,189.247
"283",14.1,69.16,73.607,83.132,64.102,70.411,75.369,74.704,84.565,84.749,78.776,188.711,191.408,195.84,192.46,180.827,200.618,188.193,219.451,174.171,199.144,195.907,193.493,220.854,191.461,189.791,206.155,207.343,224.912,202.394,196.072,162.219,160.867,162.259,164.362,154.9,172.246,170.048,184.211,170.866,164.246,160.544,162.233,160.702,161.701,152.806,170.15,169.853,182.49,168.01,163.481,167.887,153.581,147.811,154.756,157.908,146.203,158.503,187.194,156.91,175.67,164.913,164.735,152.887,181.581,153.498,164.921,166.769,184.228,172.562,172.716,176.836,177.319,161.737,177.374,166.462,170.419,170.841,190.029,169.548,173.87,161.25,NA,162.45,155.034,159.572,162.699,161.108,173.812,156.952,157.519,172.072,181.963,175.145,183.507,168.481,183.2,177.52,191.186,175.767,177.648,163.684,172.494,177.394,160.22,174.278,170.347,172.586,184.075,165.423,169.995,206.238,204.801,201.211,202.926,197.608,184.272,206.618,225.815,201.355,201.23,194.636,189.084,186.332,190.072,162.912,168.77,191.306,206.576,188.557,189.188
"284",14.15,69.157,73.099,83.342,64.179,69.438,75.366,74.714,84.766,84.472,78.743,188.493,192.926,194.906,192.732,181.282,200.539,188.212,219.545,173.491,199.187,196.078,193.566,221.881,191.275,188.538,205.997,207.3,225.244,202.841,196.258,162.254,162.027,162.201,164.048,154.051,172.386,170.121,184.623,169.865,164.198,160.395,161.473,160.239,162.028,152.217,170.211,169.863,183.706,167.677,163.561,167.892,152.681,147.019,154.521,159.024,146.187,158.339,187.519,156.547,175.699,164.877,165.243,152.749,181.773,153.376,164.79,166.624,183.692,172.778,172.727,176.701,176.411,161.97,177.383,168.766,170.251,171.019,190.513,169.002,173.798,161.029,NA,164.918,156.303,160.403,162.728,161.016,174.227,156.764,157.525,172.123,182.13,174.096,184.223,167.965,183.195,177.564,191.447,174.501,177.702,163.645,172.676,178.882,161.071,174.877,170.303,172.582,183.732,164.424,170.209,206.239,207.19,199.729,202.639,195.686,184.326,206.463,224.202,201.039,201.133,194.76,188.996,187.686,189.267,164.012,168.638,191.163,207.563,188.701,189.198
"285",14.2,69.142,72.923,83.689,63.934,70.568,75.339,74.579,84.995,84.359,78.703,188.487,191.35,196.278,193.456,179.644,200.513,188.34,220.78,173.634,199.157,196.04,193.101,220.097,191.13,190.928,206.314,207.281,226.167,203.618,196.07,162.26,160.045,161.897,164.386,153.479,172.483,170.26,185.381,170.435,164.108,160.416,161.673,161.203,162.327,152.995,170.243,169.995,182.917,167.804,163.524,167.911,152.836,148.414,153.937,158.918,145.996,158.404,187.437,156.851,175.752,164.768,165.383,153.299,181.241,153.863,164.743,166.685,183.608,173.225,172.679,176.797,175.779,162.381,177.285,167.548,170.252,170.856,189.503,168.66,173.805,161.185,NA,165.025,156.155,160.615,162.632,161.12,174.778,156.362,157.582,172.125,182.094,175.28,183.503,168.494,183.153,177.609,191.855,175.117,177.607,163.781,172.898,178.763,160.598,173.434,170.369,172.699,183.434,165.533,170.193,206.335,205.8,201.327,202.311,195.33,184.402,206.464,226.626,201.829,201.088,194.57,189.755,186.237,189.49,164.225,168.549,190.945,207.279,189.304,189.305
"286",14.25,69.138,73.394,83.742,64.126,70.337,75.323,74.559,84.979,84.584,78.714,188.436,192.608,196.496,193.03,180.879,200.435,188.248,219.322,173.61,199.05,196.155,192.504,221.29,191.432,190.895,206.233,207.18,226.374,203.182,196.052,162.261,161.817,161.472,164.204,154.653,172.337,170.11,184.832,170.478,164.185,160.469,161.001,161.763,162.134,153.062,170.261,169.999,183.459,167.904,163.373,167.754,153.316,148.68,154.911,158.762,145.98,158.445,187.676,156.81,175.91,164.853,164.352,152.311,180.436,153.269,164.886,166.711,182.721,172.806,172.705,176.59,175.273,161.92,176.887,169.72,170.309,170.934,189.088,168.671,173.779,161.002,NA,164.482,156.592,161.21,162.57,161.091,173.904,157.045,157.434,172.068,182.169,174.377,183.367,166.983,183.055,177.662,191.555,175.504,177.568,163.73,172.671,179.512,160.505,174.286,170.444,172.718,184.288,165.062,170.188,206.192,206.269,198.837,202.541,197.242,184.304,206.618,225.724,201.19,201.229,194.669,188.135,188.147,189.539,163.241,168.502,191.105,205.933,189.416,189.14
"287",14.3,69.09,72.934,83.743,64.13,70.563,75.349,74.539,85.482,84.744,78.723,188.355,190.935,195.906,192.656,181.053,200.513,188.321,219.358,173.521,199.181,196.121,192.329,220.812,190.933,190.21,206.133,207.426,224.006,203.152,196.112,162.266,161.692,162.642,164.737,154.941,172.359,170.248,184.425,170.255,164.133,160.419,162.225,160.883,162.719,154.527,170.192,169.944,183.7,168.312,163.41,167.642,153.028,147.78,154.446,159.099,146.006,158.379,187.519,157.691,175.791,164.869,164.651,152.192,181.144,152.653,164.842,166.577,182.723,172.718,172.655,176.663,176.162,161.315,177.413,167.825,170.263,170.988,190.061,169.441,173.676,161.158,NA,164.665,156.097,162.341,162.634,160.983,174.275,157.258,157.516,172.174,181.19,174.141,184.357,169.683,183.123,177.499,191.748,175.323,177.471,163.733,172.571,178.643,160.832,173.8,170.257,172.709,184.026,164.651,170.217,206.407,205.533,199.568,202.98,195.484,184.481,206.467,225.468,201.899,201.074,194.625,189.507,188.247,189.781,163.863,168.41,190.89,204.841,189.48,189.175
"288",14.35,69.083,73.081,83.688,64.293,70.443,75.366,74.578,84.831,84.313,78.7,188.468,191.071,196.383,193.723,183.432,200.506,188.03,218.57,173.331,199.139,195.95,192.253,220.142,190.624,189.379,206.12,207.257,225.017,203.164,196.139,162.27,161.203,162.353,164.109,151.276,172.354,170.18,185.454,170.69,164.18,160.45,161.942,161.964,162.216,152.375,170.081,169.998,183.648,168.558,163.492,167.555,152.881,148.167,154.769,159.344,146.027,158.229,187.822,156.032,175.804,164.698,164.731,152.928,181.965,155.516,164.726,166.377,182.923,172.353,172.798,176.663,177.435,162.086,177.638,167.286,170.249,170.888,190.282,168.278,173.688,161.198,NA,164.133,156.434,159.348,162.752,161.141,174.923,156.418,157.534,172.175,183.178,174.291,183.481,168.319,183.111,177.683,192.513,175.211,177.485,163.879,173.198,177.988,160.205,174.687,170.377,172.836,184.12,164.78,170.229,206.35,205.639,201.249,204.134,196.204,184.408,206.619,224.97,201.714,201.053,194.587,188.019,187.327,189.509,163.305,168.349,190.919,206.991,188.197,189.259
"289",14.4,69.093,72.859,83.233,63.973,69.622,75.337,74.505,84.842,84.523,78.722,188.274,191.737,194.159,193.745,180.099,200.506,187.949,219.542,172.641,199.207,195.998,193.63,221.362,191.136,189.15,206.251,207.395,223.989,202.527,196.213,162.245,161.216,162.769,164.165,154.254,172.348,170.3,184.263,169.853,164.226,160.447,162.162,160.866,162.655,153.609,170.265,169.988,184.183,167.684,163.524,167.629,153.231,148.18,153.713,158.484,145.93,158.425,185.991,156.144,175.788,164.654,164.064,151.47,181.923,153.551,164.68,166.411,183.007,172.712,172.618,176.571,175.351,161.259,177.004,167.721,170.234,170.902,190.621,168.822,173.848,161.093,NA,164.263,155.863,159.998,162.571,161.049,173.866,157.292,157.649,172.198,181.876,175.417,184.025,169.001,183.11,177.718,191.315,175.681,177.541,163.794,171.694,180.339,160.593,173.777,170.281,172.865,183.602,164.754,170.214,206.414,205.727,199.987,202.978,197.886,184.48,206.532,225.522,201.824,201.216,194.516,188.526,187.036,189.594,163.525,168.398,190.866,206.482,188.296,189.154
"290",14.45,69.053,73.181,83.725,63.811,70.024,75.307,74.538,84.611,84.462,78.728,188.132,193.904,194.877,192.955,181.478,200.424,187.989,218.759,172.854,199.008,196.006,191.344,222.215,191.824,187.951,206.279,207.4,226.07,203.225,195.92,162.245,161.856,161.682,164.213,154.535,172.329,170.172,183.669,169.971,164.105,160.399,162.437,161.398,162.791,152.341,170.175,169.878,183.292,167.928,163.458,167.571,153.075,148.152,154.782,157.701,145.79,158.36,187.131,156.193,175.733,164.623,164.176,152.259,180.328,155.649,164.656,166.482,183.99,172.639,172.592,176.441,177.441,160.889,175.565,166.793,170.101,170.747,188.726,168.994,173.805,161.279,NA,163.197,156.18,160.686,162.684,161.019,173.707,157.33,157.515,172.027,181.912,174.895,183.752,168.532,183.139,177.404,189.844,175.384,177.566,163.815,171.58,178.327,160.191,174.689,170.203,172.923,183.788,165.383,170.2,206.207,206.166,201.18,204.211,196.36,184.325,206.409,224.71,201.186,201.237,194.471,189.265,185.999,189.308,164.184,168.323,190.618,205.817,189.255,189.062
"291",14.5,69.042,72.279,83.671,63.927,70.281,75.319,74.53,84.708,84.342,78.745,188.183,193.055,194.51,193.229,181.641,200.269,187.924,219.402,173.722,199.211,195.961,192.943,221.845,191.411,188.902,206.066,207.379,227.613,203.125,196.064,162.212,161.309,162.978,164.494,154.333,172.334,170.379,184.654,170.287,164.266,160.341,161.659,161.187,163.036,152.938,170.242,169.908,183.143,167.725,163.478,167.622,152.596,147.142,154.039,158.936,145.773,158.153,188.382,156.634,175.86,164.704,163.719,152.801,181.342,154.316,164.6,166.377,183.961,173.065,172.622,176.617,176.523,161.301,176.856,169.662,170.173,170.646,190.534,168.972,173.814,161.058,NA,164.218,156.54,161.871,162.558,161.222,173.302,156.885,157.496,172.117,182.512,174.027,183.89,167.836,183.117,177.573,191.173,175.07,177.535,163.878,173.279,177.339,161.178,175.704,170.274,172.844,183.763,165.653,170.24,206.229,206.223,200.996,203.356,194.71,184.43,206.395,227.279,201.493,201.063,194.546,187.727,185.775,188.507,162.419,168.207,190.89,205.098,188.813,189.126
"292",14.55,69.046,72.952,83.131,63.757,70.481,75.348,74.467,85.249,84.218,78.721,188.16,191.984,194.898,193.582,180.282,200.399,188.15,220.382,173.474,199.1,195.936,191.564,220.892,192.746,189.163,206.183,207.348,225.1,203,196.205,162.197,161.507,162.093,163.889,152.862,172.192,170.271,183.824,170.688,164.306,160.387,161.454,162.184,162.178,152.337,170.215,169.955,182.463,168.376,163.515,167.436,153.063,147.104,154.454,160.055,145.755,158.248,187.189,156.736,175.74,164.692,164.51,152.517,180.39,155.362,164.548,166.24,183.435,172.649,172.698,176.654,175.543,161.529,177.936,168.181,170.147,170.898,190.178,169.33,173.779,161.185,NA,163.083,156.245,160.86,162.657,161.067,173.848,156.78,157.552,172.176,183.31,174.965,183.966,167.099,183.048,177.68,191.658,175.625,177.517,163.866,173.552,179.304,160.433,172.355,170.255,172.875,183.793,164.421,170.366,206.29,204.697,200.625,203.263,197.248,184.372,206.496,226.307,201.466,201.095,194.499,189.605,187.423,189.251,163.895,168.126,190.684,205.281,188.327,189.069
"293",14.6,69.038,73.115,83.581,63.757,69.725,75.284,74.497,84.692,84.528,78.719,188.196,192.599,194.57,192.937,178.907,200.284,187.978,218.278,172.829,199.208,195.984,191.519,221.194,190.29,188.472,206.268,207.475,225.045,203.584,196.1,162.213,160.685,162.421,163.903,154.211,172.203,170.211,184.659,170.415,164.093,160.421,162.148,160.85,162.098,153.854,170.077,169.952,184.126,167.681,163.47,167.394,153.074,146.893,154.135,158.863,145.746,158.113,187.183,156.732,175.712,164.61,163.964,152.757,180.532,154.781,164.573,166.346,183.502,172.551,172.621,176.428,176.527,161.169,177.389,166.945,170.016,170.757,190.091,168.776,173.6,161.158,NA,163.817,156.114,160.338,162.559,160.94,174.731,156.265,157.454,172.162,182.918,173.703,183.729,168.46,183.052,177.588,191.396,175.388,177.565,163.93,172.265,178.203,160.063,173.443,170.326,172.987,184.118,165.132,170.246,206.219,205.919,201.056,202.96,196.93,184.456,206.577,224.289,201.926,201.083,194.593,188.566,186.172,189.593,163.927,168.121,190.683,206.995,189.703,188.983
"294",14.65,68.996,73.072,83.429,64.048,70.659,75.308,74.522,84.963,84.304,78.739,188.162,192.73,195.328,192.316,180.992,200.344,187.863,217.725,172.887,199.161,195.795,192.758,221.614,191.233,189.225,206.18,207.418,223.624,203.776,195.973,162.136,160.632,163.146,164.194,153.966,172.275,170.188,183.995,170.252,164.062,160.412,161.945,161.458,162.492,151.432,170.225,170.033,183.946,168.18,163.393,167.385,153.879,147.716,154.458,158.11,145.589,158.314,187.738,156.846,175.676,164.622,164.738,151.763,180.215,154.048,164.486,166.261,183.789,172.181,172.702,176.423,175.89,161.503,176.732,169.883,170.223,170.812,189.407,169.27,173.712,161.053,NA,164.289,156.661,160.232,162.646,160.891,174.152,156.73,157.51,172.186,182.219,175.342,183.337,165.951,183.093,177.602,190.432,175.64,177.552,163.95,173.151,179.389,161.064,173.235,170.365,172.827,183.668,165.01,170.214,206.332,205.563,201.496,203.28,195.883,184.46,206.567,226.446,200.806,201.219,194.526,189.137,187.662,190.129,162.505,168.136,190.731,205.056,188.326,188.908
"295",14.7,69.017,73.092,83.775,64.084,70.489,75.294,74.558,84.743,84.598,78.738,188.085,190.854,194.499,192.679,180.854,200.379,187.921,218.393,173.804,199.16,195.796,192.467,220.739,192.198,189.124,206.293,207.476,226.479,203.644,196.037,162.286,161.693,162.941,163.568,152.277,172.32,170.165,183.749,170.589,164.063,160.416,161.719,161.594,162.333,153.616,170.129,170.103,184.543,168.164,163.553,167.315,152.572,147.398,154.821,158.356,145.633,158.199,188.754,156.207,175.8,164.634,164.458,153.493,180.369,153.462,164.378,166.144,182.919,172.168,172.64,176.414,176.903,161.227,177.389,168.151,170.087,170.647,189.55,168.389,173.647,161.061,NA,164.314,156.254,159.775,162.69,161.058,173.816,156.72,157.523,172.125,182.648,174.568,183.247,167.297,182.963,177.776,190.685,175.493,177.608,163.855,172.797,178.595,160.58,173.528,170.264,173.132,183.114,165.128,170.284,206.27,207.57,200.958,202.697,198.095,184.416,206.488,224.671,201.68,201.121,194.336,186.975,185.091,189.528,163.788,168.081,190.688,205.452,188.482,188.804
"296",14.75,68.974,72.809,83.801,64.024,69.957,75.262,74.567,85.197,84.015,78.772,188.141,191.14,194.847,192.489,179.96,200.285,187.819,217.989,173.357,198.962,195.852,193.437,221.63,190.736,189.572,206.208,207.609,223.808,202.939,196.258,162.26,161.865,161.12,163.498,152.386,172.374,170.204,185.587,170.418,164.061,160.479,161.793,161.476,162.05,153.047,170.201,169.866,182.767,168.157,163.505,167.254,153.455,146.775,154.401,158.926,145.436,158.158,187.508,156.187,175.61,164.712,164.449,153.17,180.812,154.067,164.323,166.22,182.575,171.969,172.644,176.279,177.069,161.974,176.686,169.039,169.99,170.627,189.709,168.591,173.72,161.093,NA,163.98,155.974,162.716,162.504,161.071,174.611,156.982,157.476,172.118,182.929,174.28,183.821,167.893,183.011,177.514,190.926,175.626,177.645,163.968,173.074,180.356,160.677,173.429,170.281,173.183,183.507,165.3,170.351,206.354,205.37,200.22,203.297,197.017,184.432,206.514,226.287,202.037,201.219,194.245,187.509,185.552,189.246,162.651,168.014,190.453,204.98,188.649,188.839
"297",14.8,68.996,72.5,83.433,63.934,70.242,75.257,74.55,85.362,84.402,78.722,187.911,192.147,195.883,193.181,182.057,200.428,187.97,219.18,172.561,199.101,195.751,195.01,222.524,190.936,190.152,206.158,207.437,224.855,203.505,196.207,162.127,161.481,162.497,164.553,154.624,172.338,170.183,184.807,169.797,164.124,160.389,161.25,161.588,162.522,153.513,170.141,169.859,184.46,168.527,163.513,167.296,153.44,147.113,153.934,158.761,145.553,158.132,187.016,156.659,175.695,164.556,163.514,152.354,180.548,152.372,164.242,166.071,182.684,172.532,172.762,176.283,176.827,162.496,176.158,165.688,170.006,170.532,188.671,169.265,173.682,161.122,NA,163.639,156.242,159.589,162.503,161.035,174.048,156.76,157.419,172.083,182.868,175.006,182.903,166.723,183.092,177.669,190.75,175.102,177.459,163.885,170.828,177.827,161.036,174.203,170.321,173.028,183.086,165.169,170.274,206.318,205.299,202.956,202.827,196.215,184.392,206.513,224.929,201.938,201.041,194.314,188.377,186.887,189.439,161.921,167.912,190.581,207.169,189.213,188.84
"298",14.85,68.984,72.487,83.43,63.626,70.339,75.257,74.436,85.087,84.077,78.754,187.988,190.268,195.117,193.13,180.439,200.09,187.914,218.453,172.716,199.145,195.825,191.495,222.204,191.74,190.061,206.366,207.535,224.918,203.747,196.115,162.2,161.049,161.99,164.378,154.591,172.263,170.383,184.008,169.393,164.051,160.39,162.788,161.963,161.764,152.176,170.078,169.901,182.253,168.101,163.536,167.149,152.64,147.598,154.003,157.368,145.362,158.245,186.699,156.564,175.735,164.517,164.427,151.696,183.041,153.919,164.123,166.185,184.491,172.788,172.731,176.257,177.864,162.079,176.501,166.838,169.81,170.535,189.377,168.954,173.586,161.053,NA,163.455,155.947,160.795,162.66,160.992,173.068,156.774,157.583,172.12,182.304,173.768,183.941,169.829,183.047,177.698,191.753,174.67,177.561,163.987,172.537,178.679,161.766,173.319,170.278,173.175,183.362,164.988,170.522,206.187,207.764,199.933,203.695,197.385,184.429,206.579,226.719,201.041,201.109,194.329,188.578,186.237,189.272,163.521,167.861,190.556,205.418,188.263,188.916
"299",14.9,68.954,72.663,83.971,63.757,70.587,75.24,74.464,85.374,84.501,78.74,188.051,191.904,195.3,193.172,180.227,200.074,187.959,218.676,172.4,199.205,195.812,191.822,221.78,191.205,189.821,206.352,207.255,226.111,204.197,196.146,162.194,161.521,162.182,164.085,153.915,172.205,170.102,184.263,169.656,164.181,160.352,161.499,161.37,162.281,152.725,170.246,169.771,184.186,167.879,163.399,167.247,153.138,146.288,154.034,158.255,145.32,158.112,186.549,155.918,175.704,164.568,164.179,152.443,181.498,153.622,164.326,166.214,182.518,171.818,172.624,176.138,175.975,160.886,176.565,167.135,169.838,170.483,189.614,167.773,173.64,161.151,NA,163.471,155.882,161.189,162.469,160.968,173.474,157.38,157.432,172.095,180.218,174.486,183.52,168.772,182.932,177.647,190.341,175.443,177.332,164.041,172.026,178.937,160.626,173.759,170.358,173.287,183.947,165.179,170.394,206.184,206.465,200.335,202.528,196.176,184.367,206.712,226.409,201.013,201.212,194.297,185.906,186.48,188.639,164.497,167.775,190.329,205.857,188.568,188.896
"300",14.95,68.925,72.972,83.649,63.795,70.192,75.255,74.477,84.579,84.276,78.717,187.907,190.907,195.951,191.706,181.576,200.082,187.752,218.585,171.776,199.192,195.698,191.125,221.867,192.168,189.107,206.317,207.428,224.012,204.088,196.141,162.169,161.733,162.328,164.514,154.078,172.377,170.283,184.177,170.239,164.02,160.342,161.261,161.302,162.657,153.849,170.17,169.885,183.292,167.479,163.366,167.225,152.491,146.101,154.337,158.254,145.387,158.054,187.037,156.428,175.817,164.46,164.101,152.733,180.49,151.84,164.264,166.039,182.831,171.874,172.578,176.042,175.318,161.049,176.625,166.952,169.88,170.514,188.78,168.656,173.707,161.165,NA,163.639,156.193,161.942,162.623,161.111,174.141,157.924,157.51,172.209,181.382,174.297,183.427,167.659,183.06,177.733,190.28,175.862,177.482,163.972,172.028,178.56,161.229,173.754,170.334,173.385,184.102,165.051,170.34,206.267,204.954,202.105,203.119,194.774,184.505,206.51,225.745,201.807,201.112,194.36,187.823,185.762,189.06,164.248,167.712,190.425,206.722,188.883,188.741
"301",15,68.944,73.056,83.415,64.025,70.865,75.209,74.357,85.081,84.033,78.702,187.836,191.419,195.187,192.121,179.981,200.251,187.717,219.559,173.433,199.154,195.568,192.481,221.098,191.995,188.918,206.348,207.254,223.326,202.722,196.069,162.2,161.782,162.469,164.271,153.044,172.251,170.273,184.041,170.493,164.11,160.41,161.925,161.509,161.817,150.915,170.133,170.093,182.272,168.126,163.502,167.09,152.522,147.411,154.202,158.592,145.312,158.023,187.202,155.868,175.808,164.48,164.222,151.843,180.878,153.096,164.207,165.982,182.908,172.376,172.646,176.261,176.354,160.846,176.949,166.127,169.833,170.696,189.173,168.514,173.633,161.151,NA,163.845,155.329,160.793,162.536,160.915,175.368,157.304,157.497,172.256,183.557,174.076,183.954,167.123,182.914,177.675,191.261,175.507,177.615,164.176,172.619,177.375,161.548,173.562,170.369,173.429,183.617,165.597,170.424,206.271,205.536,200.146,203.477,199.141,184.517,206.479,225.874,201.077,201.207,194.394,188.238,186.471,188.487,162.939,167.772,190.521,205.351,188.641,188.65
"302",15.05,68.937,73.13,83.324,64.393,70.463,75.24,74.402,84.433,84.299,78.728,187.913,191.987,193.775,193.037,180.339,200.177,187.613,219.672,172.813,199.069,195.728,192.158,221.693,191.467,190.01,206.137,207.591,224.019,202.98,196.071,162.15,161.168,162.986,163.923,154.836,172.226,170.064,184.331,169.84,164.173,160.349,161.083,161.446,162.209,152.663,170.113,169.802,183.466,167.93,163.389,167.116,151.144,147.841,154.859,159.586,145.262,158.141,186.178,156.569,175.671,164.419,163.967,152.539,181.09,152.852,164.095,165.981,182.487,172.168,172.668,175.996,176.141,160.874,176.488,167.591,169.865,170.508,189.193,168.071,173.489,161.143,NA,162.759,156.039,161.284,162.642,161.005,173.112,157.121,157.348,172.226,181.981,173.462,183.568,168.456,183.052,177.776,190.121,175.595,177.448,164.032,172.541,178.697,161.138,173.169,170.441,173.267,185.046,164.649,170.486,206.347,207.423,200.812,203.826,197.193,184.383,206.597,226.3,201.049,201.123,194.13,189.549,187.222,189.467,162.954,167.876,190.312,205.582,189.372,188.621
"303",15.1,68.936,72.669,83.622,64.787,71.146,75.209,74.3,84.882,84.135,78.725,187.697,191.341,193.825,192.827,179.411,200.182,187.546,219.118,170.868,199.216,195.745,192.181,221.434,192.475,190.486,206.221,207.162,225.885,203.729,196.114,162.301,162.54,162.052,164.672,154.678,172.277,170.161,185.023,170.443,164.029,160.225,161.818,160.928,162.668,151.337,170.204,170.1,183.173,167.94,163.437,167.037,153.011,147.831,153.25,158.422,145.197,158.063,186.717,155.972,175.613,164.278,164.351,152.445,180.862,153.605,164.131,166.099,183.374,172.48,172.64,176.075,176.729,161.056,176.308,168.097,169.742,170.351,190.244,167.564,173.567,161.037,NA,163.423,156.236,159.045,162.625,161.011,173.9,156.615,157.505,172.231,181.424,175.236,183.971,168.455,183.033,178.029,191.018,175.564,177.556,164.187,173.244,180.412,162.196,173.265,170.351,173.479,184.057,164.292,170.476,206.122,204.323,199.246,203.984,195.947,184.318,206.59,224.36,200.964,201.098,194.176,188.833,186.708,188.615,161.281,167.631,190.486,206.947,188.225,188.696
"304",15.15,68.874,72.693,83.726,66.001,70.068,75.232,74.341,84.808,84.232,78.721,187.8,191.612,194.567,192.255,181.386,200.065,187.781,218.999,171.872,199.175,195.677,191.516,221.098,190.659,191.009,206.223,207.254,225.289,202.548,196.037,162.132,160.953,162.047,163.993,153.312,172.289,170.139,183.571,169.967,164.164,160.272,161.229,161.8,162.562,152.924,170.212,169.936,182.019,168.046,163.468,167.041,152.444,147.455,154.213,157.235,145.175,158.042,188.716,156.69,175.667,164.334,165.018,151.823,180.234,152.121,164.029,165.877,182.942,172.619,172.567,176.103,177.573,160.663,176.823,166.598,169.675,170.457,189.374,169.037,173.533,161.054,NA,163.231,155.96,160.411,162.573,160.966,173.107,157.068,157.404,172.205,182.663,174.217,183.675,168.184,183.032,177.889,191.567,175.982,177.385,164.266,171.99,178.566,160.523,172.17,170.321,173.515,184.305,165.138,170.531,206.362,206.284,203.058,203.638,196.593,184.289,206.609,225.62,201.606,201.286,194.219,189.514,185.881,189.464,163.614,167.621,190.144,205.921,188.67,188.635
"305",15.2,68.898,72.784,83.467,65.519,70.338,75.214,74.326,84.643,84.172,78.765,187.619,190.555,195.725,192.341,178.976,199.777,187.656,217.808,172.012,199.184,195.441,194.279,219.354,191.869,189.54,206.266,207.552,224.327,203.563,196.28,162.154,161.385,163.116,163.764,154.005,172.271,170.052,184.877,170.546,164.147,160.353,162.217,161.476,162.205,152.083,170.13,169.855,182.86,167.9,163.545,166.938,152.445,146.193,153.68,157.745,144.925,158.144,187.575,156.16,175.759,164.355,162.979,152.508,179.821,152.606,163.854,165.839,183.103,173.045,172.569,176.002,176.124,161.509,176.009,168.123,169.64,170.401,190.069,168.878,173.565,161.01,NA,164.639,156.262,160.414,162.567,160.921,174.966,156.674,157.486,172.295,182.159,175.849,183.24,169.474,182.921,177.87,190.314,175.812,177.491,164.134,173.947,177.853,161.982,172.791,170.338,173.48,184.655,164.743,170.479,206.217,205.537,200.864,203.268,196.795,184.337,206.389,225.816,200.95,201.118,194.094,187.873,185.594,188.295,162.126,167.561,190.244,205.674,188.686,188.582
"306",15.25,68.842,73.189,84.035,65.816,71.103,75.234,74.323,84.915,84.365,78.724,187.603,192.844,194.057,193.181,180.254,199.936,187.764,218.235,172.251,199.073,195.562,192.964,221.244,192.089,190.071,206.12,207.358,226.139,204.459,196.176,162.237,161.778,161.647,164.786,152.931,172.117,170.153,184.032,169.894,164.025,160.25,161.966,162.683,162.537,153.858,170.156,170.046,182.85,167.101,163.481,166.748,153.529,145.595,153.237,158.145,144.978,158.051,186.03,156.088,175.717,164.299,164.152,152.233,180.704,151.92,163.688,165.6,182.85,172.419,172.602,176.013,176.33,160.594,176.733,167.538,169.635,170.412,189.247,168.961,173.511,161.039,NA,163.426,156.259,160.801,162.616,160.953,173.641,157.353,157.473,172.357,182.262,173.401,184.111,168.101,182.981,177.804,190.8,175.92,177.637,164.332,171.675,179.137,161.421,170.803,170.36,173.637,184.05,165.26,170.639,206.217,205.744,199.845,203.508,196.057,184.42,206.469,224.88,202.199,201.225,194.036,187.407,185,188.927,162.759,167.593,190.204,205.736,187.581,188.536
"307",15.3,68.864,72.886,83.534,65.76,70.635,75.171,74.303,85.384,84.242,78.736,187.719,191.423,193.538,192.331,180.994,199.856,187.373,217.83,172.107,199.244,195.492,192.284,220.67,190.04,190.12,206.236,207.32,224.878,203.393,196.022,162.188,161.155,161.462,164.594,153.967,172.259,170.114,184.58,169.703,164.11,160.265,162.545,161.921,162.408,153.661,170.033,169.94,183.742,167.831,163.494,166.918,152.031,147.432,153.393,159.138,144.989,158.025,186.986,156.801,175.707,164.305,164.219,151.396,180.124,153.416,163.804,165.652,182.21,171.635,172.614,176.038,177.473,160.529,176.063,165.987,169.533,170.323,189.707,168.305,173.488,161.044,NA,163.446,155.853,161.071,162.689,160.899,173.55,157.309,157.495,172.376,181.49,174.465,182.984,169.703,183.024,177.879,191.246,175.665,177.497,164.37,171.9,179.015,161.228,173.191,170.426,173.576,184.418,164.73,170.518,206.337,205.764,201.077,204.083,194.339,184.391,206.537,228.033,200.532,201.188,194.118,187.325,186.602,188.729,162.823,167.579,190.157,204.942,187.552,188.589
"308",15.35,68.809,72.811,82.878,65.728,71.266,75.182,74.4,85.018,84.138,78.726,187.657,192.128,195.546,192.119,179.797,199.911,187.472,219.282,172.223,199.089,195.731,192.582,221.483,191.543,189.296,206.196,207.493,225.871,203.236,196.273,162.196,161.84,161.513,163.633,153.748,172.205,170.147,184.473,170.067,164.111,160.364,161.503,160.573,161.959,151.698,170.153,169.983,183.456,168.349,163.37,166.855,152.385,146.434,153.5,159.418,144.874,157.875,186.226,156.085,175.72,164.336,164.126,152.335,181.815,152.715,163.86,165.668,181.994,171.717,172.564,175.828,176.287,160.772,175.816,167.843,169.522,170.316,189.367,167.072,173.507,161.032,NA,163.489,155.975,160.344,162.468,160.922,173.593,156.992,157.535,172.273,181.758,175.159,183.612,168.527,182.984,177.899,190.625,175.77,177.675,164.372,172.451,178.741,161.448,174.901,170.588,173.701,185.3,165.314,170.624,206.308,206.002,202.303,203.066,197.297,184.447,206.591,223.386,200.643,201.148,193.991,189.009,186.63,188.383,162.361,167.411,190.168,206.358,188.389,188.494
"309",15.4,68.829,72.934,83.37,65.551,70.858,75.17,74.3,85.258,84.238,78.725,187.496,192.278,194.016,192.926,180.929,199.89,187.473,217.649,171.574,199.002,195.604,192.355,221.018,191.117,188.612,206.19,207.5,225.176,203.504,195.991,162.175,160.739,163.327,164.791,154.969,172.161,170.114,185.011,170.693,164.007,160.334,162.46,161.632,163.051,151.957,170.009,169.836,182.27,168.236,163.427,166.833,151.623,146.358,154.315,157.252,144.803,158.22,185.983,155.974,175.759,164.32,163.471,151.621,179.51,152.162,163.79,165.738,183.094,172.753,172.546,176.041,176.862,161.434,176.854,166.968,169.616,170.389,188.151,168.681,173.548,161.08,NA,162.341,155.408,161.43,162.452,160.91,174.7,157.346,157.351,172.378,183.287,174.601,184.338,168.733,183.041,178.052,190.281,175.745,177.682,164.315,172.173,180.088,161.143,173.983,170.5,173.748,184.744,165.037,170.773,206.205,204.778,200.426,202.931,197.025,184.366,206.491,225.256,200.691,201.166,194.071,188.907,186.469,189.538,161.102,167.328,190.091,204.633,188.387,188.53
"310",15.45,68.824,72.387,83.561,65.551,71.079,75.168,74.357,85.056,84.164,78.714,187.57,190.399,195.394,193.058,180.199,200.034,187.366,217.208,172.151,199.099,195.709,193.273,221.373,190.994,188.061,206.184,207.429,224.019,203.428,196.195,162.136,161.988,162.688,164.328,153.667,172.21,170.218,183.426,169.62,164.028,160.282,160.821,160.525,162.314,152.484,169.995,170.144,183.539,167.82,163.427,166.681,152.516,146.295,152.971,157.917,144.77,157.863,187.269,156.651,175.808,164.18,164.694,151.642,181.207,151.374,163.704,165.686,182.865,171.798,172.677,175.784,177.698,160.191,176.127,167.028,169.593,170.349,188.445,168.123,173.387,161.03,NA,163.562,154.998,160.036,162.501,160.908,174.65,156.903,157.48,172.355,183.24,173.482,183.801,168.032,183.029,178.106,190.583,176.036,177.552,164.407,173.11,177.751,161.339,173.725,170.399,173.799,184.636,164.979,170.673,206.199,207.155,200.822,202.329,197.811,184.288,206.532,226.116,202.291,201.13,193.998,187.194,184.595,189.59,160.529,167.29,190.243,205.305,188.114,188.546
"311",15.5,68.781,72.808,83.629,65.287,71.479,75.173,74.328,85.302,83.872,78.777,187.548,191.175,193.211,192.556,179.873,199.812,187.447,217.819,172.565,199.185,195.492,191.662,223.019,191.715,189.816,206.105,207.494,225.128,203.748,196.168,162.043,161.588,162.141,164.095,153.012,172.056,170.105,186.137,170.396,164.178,160.244,161.439,160.861,161.961,153.976,170.18,170.021,183.827,166.998,163.538,166.713,152.339,146.072,153.438,159.315,144.645,157.846,187.696,156.273,175.701,164.241,164.442,151.987,180.526,152.204,163.695,165.64,182.25,172.272,172.497,175.746,175.536,160.29,176.088,167.451,169.579,170.407,188.881,168.892,173.621,160.922,NA,163.069,156.05,161.857,162.633,161.017,173.595,157.024,157.46,172.503,180.556,176.068,183.794,168.575,182.986,178.057,191.149,175.924,177.643,164.406,172.266,178.98,161.315,172.61,170.397,173.774,183.762,165.854,170.849,206.315,206.067,201.201,202.409,196.849,184.407,206.696,226.062,201.323,201.324,194.018,187.699,187.644,189.185,161.944,167.255,190.012,204.364,188.61,188.367
"312",15.55,68.809,72.574,83.336,65.698,70.838,75.161,74.464,84.565,83.79,78.752,187.36,191.794,194.918,192.91,181.009,199.715,187.515,218.961,171.627,199.219,195.469,192.041,221.626,191.921,190.084,206.197,207.436,225.11,203.633,195.938,162.018,161.182,161.731,164.004,153.576,172.275,170.125,184.834,170.484,164.102,160.301,161.087,161.579,162.308,152.881,170.046,169.802,183.836,169.121,163.374,166.684,152.644,145.918,153.506,157.77,144.595,157.904,188.359,156.301,175.775,164.19,163.728,150.99,180.475,151.203,163.609,165.508,182.753,171.837,172.661,175.737,175.161,160.954,176.622,166.452,169.436,170.379,189.383,167.969,173.552,160.995,NA,163.522,156.221,159.557,162.59,160.864,173.436,156.51,157.326,172.465,181.862,174.489,183.177,168.667,182.919,178.175,190.212,176.434,177.492,164.467,172.8,177.895,161.861,173.546,170.507,173.948,183.39,164.833,170.53,206.185,206.838,202.458,204.357,195.436,184.288,206.635,227.92,201.484,201.239,193.996,190.033,187.155,189.763,161.045,167.095,190.12,205.823,187.344,188.337
"313",15.6,68.856,72.616,83.056,65.402,70.368,75.213,74.449,84.744,83.859,78.712,187.455,192.503,193.828,193.122,179.911,199.744,187.449,218.103,171.206,199.108,195.611,192.058,220.926,190.531,189.317,206.228,207.353,224.398,203.624,196.105,162.135,161.502,162.453,164.141,152.216,172.242,170.103,184.936,170.218,163.996,160.346,161.283,161.413,162.26,153.32,170.046,169.945,183.654,167.633,163.302,166.724,153.377,146,153.914,158.608,144.67,157.821,187.356,156.068,175.812,164.21,163.39,150.477,181.349,154.094,163.611,165.548,183.156,171.82,172.627,175.849,176.163,159.878,176.394,166.247,169.618,170.337,187.972,169.296,173.575,160.968,NA,163.79,156.962,160.501,162.504,160.963,173.549,157.406,157.35,172.526,182.064,175.57,183.533,169.33,182.8,178.097,191.204,175.527,177.596,164.559,172.888,178.28,161.627,173.686,170.565,173.814,184.545,165.316,170.69,206.247,203.276,200.816,203.269,196.963,184.489,206.558,225.659,202.935,201.036,193.837,187.91,186.037,188.178,161.534,167.162,189.903,206.075,188.676,188.383
"314",15.65,68.784,72.435,83.327,65.657,70.823,75.165,74.358,85.063,84.262,78.724,187.52,191.259,194.357,192.18,178.786,199.767,187.334,218.479,172.506,199.091,195.631,191.856,221.416,191.592,190.591,206.161,207.15,225.901,204.186,195.924,162.072,161.203,162.014,164.951,154.136,172.257,170.142,185.083,169.609,164.004,160.257,161.771,161.281,162.555,150.72,170.147,170.044,183.91,167.867,163.327,166.665,152.602,145.933,153.103,158.773,144.515,158.009,187.099,155.627,175.602,164.046,163.642,151.547,180.522,153.308,163.594,165.424,182.325,171.783,172.585,175.812,175.54,160.481,176.752,166.39,169.511,170.201,188.92,168.336,173.427,160.923,NA,162.781,156.746,181.223,162.572,160.835,173.596,157.186,157.436,172.582,182.702,173.705,184.138,167.646,182.953,178.215,191.613,176.12,177.533,164.421,172.502,179.181,161.724,173.304,170.482,173.863,183.481,165.07,170.848,206.265,206.583,200.321,202.987,197.133,184.456,206.47,226.434,201.254,201.295,193.712,187.74,183.89,188.244,161.831,167.075,189.857,204.499,188.414,188.251
"315",15.7,68.761,72.478,83.664,65.157,71.01,75.126,74.419,84.883,83.77,78.72,187.325,190.031,195.006,191.894,180.828,199.653,187.176,219.345,171.538,199.058,195.413,191.435,220.8,191.084,190.944,206.18,207.426,224.665,203.454,195.93,162.198,160.716,163.116,164.457,153.532,172.219,170.075,184.134,170.132,163.891,160.213,161.669,161.52,162.337,153.045,170.065,169.875,181.937,167.765,163.327,166.541,152.289,145.409,153.644,156.692,144.491,157.802,185.853,155.328,175.593,164.136,163.959,151.694,179.38,152.56,163.52,165.398,183.066,172.244,172.57,175.641,175.942,159.975,175.799,169.518,169.368,170.344,189.324,167.794,173.372,161.057,NA,164.04,157.099,176.578,162.446,160.922,174.045,157.497,157.447,172.457,182.746,176.128,183.836,168.512,183.123,178.153,190.996,175.87,177.657,164.651,172.577,180.226,162.065,172.932,170.547,173.911,184.639,165.047,170.756,206.127,205.215,202.379,203.046,195.355,184.295,206.584,224.608,201.641,201.28,193.945,187.399,185.556,188.317,160.864,167.135,189.904,205.716,187.295,188.338
"316",15.75,68.75,73.002,83.873,65.535,70.473,75.151,74.364,85.189,83.928,78.753,187.186,191.393,193.356,192.452,180.002,199.724,187.322,218.618,171.846,199.103,195.589,192.005,221.502,191.666,188.973,206.159,207.484,225.089,202.653,196.026,162.174,161.446,163.312,164.511,154.061,172.193,170.01,182.508,169.935,163.937,160.206,161.68,161.323,162.328,153.33,170.136,169.997,183.66,168.005,163.411,166.562,152.157,146.148,153.598,159.113,144.386,157.771,186.833,155.246,175.595,164.163,163.116,151.464,180.749,151.008,163.444,165.351,181.803,172.127,172.57,175.653,176.053,159.977,176.528,167.189,169.492,170.185,189.418,168.845,173.311,161.02,NA,164.127,156.513,166.117,162.525,160.98,174.287,157.079,157.389,172.469,183.277,175.784,184.104,169.007,182.96,178.36,192.517,176.292,177.642,164.637,172.772,179.758,161.799,172.261,170.522,174.045,184.33,165.041,170.906,206.268,205.475,201.237,203.906,194.523,184.422,206.514,226.188,201.982,201.123,193.87,187.395,185.473,187.594,159.899,167.1,189.699,204.898,187.786,188.214
"317",15.8,68.744,72.579,83.618,69.197,70.439,75.138,74.35,85.036,83.927,78.681,187.266,191.389,195.908,191.908,180.616,199.518,187.234,218.043,171.645,199.005,195.399,191.466,220.983,190.724,190.822,206.24,207.155,225.923,203.511,196.17,162.079,161.513,161.591,163.462,154.534,172.121,170.153,184.989,169.613,164.007,160.252,161.602,160.564,162.299,151.525,170.086,170.023,182.616,168.437,163.484,166.451,152.196,146.11,153.712,158.51,144.405,157.74,186.946,155.554,175.682,164.064,163.852,152.374,180.725,152.35,163.483,165.229,182.544,171.837,172.519,175.615,176.479,160.856,176.672,165.923,169.53,170.085,188.928,168.363,173.417,161.038,NA,164.317,156.354,160.436,162.589,160.898,174.191,157.382,157.273,172.728,181.41,174.636,183.196,169.993,182.713,178.176,191.591,175.87,177.732,164.655,172.986,179.083,161.807,175.299,170.534,174.004,184.312,165.273,170.971,206.205,206.276,201.428,203.388,196.945,184.342,206.599,224.955,202.502,201.187,193.944,187.686,185.402,188.321,161.536,166.85,189.747,204.971,188.517,188.233
"318",15.85,68.738,72.502,82.641,71.16,70.791,75.126,74.307,85.298,84.12,78.709,187.173,190.934,192.886,191.956,180.784,199.421,187.395,218.054,171.073,199.119,195.383,191.956,220.882,192.061,191.116,206.386,207.43,225.08,203.621,196.209,162.08,161.693,163.464,165.057,155.181,172.374,170.048,183.788,169.905,163.99,160.383,160.777,160.527,162.843,152.92,170.09,170.041,184.196,168.058,163.232,166.422,151.044,146.294,153.213,158.645,144.202,157.738,187.216,155.958,175.658,164.085,163.852,151.131,179.714,154.412,163.297,165.312,182.257,171.261,172.329,175.618,176.694,160.657,176.506,166.384,169.39,170.275,188.521,167.997,173.404,161.001,NA,163.397,157.397,161.133,162.438,160.945,172.63,157.391,157.316,172.644,183.393,175.767,184.205,167.219,182.858,178.207,190.861,176.306,177.476,164.681,173.642,178.954,162.342,175.781,170.66,174.115,182.95,165.408,170.843,206.302,204.833,201.676,203.148,196.145,184.463,206.663,224.731,201.478,201.258,193.806,187.925,186.684,187.723,161.741,166.942,189.814,204.087,188.343,188.132
"319",15.9,68.685,72.917,83.214,72.884,69.28,75.111,74.356,85.28,83.832,78.73,187.113,191.536,193.737,192.384,178.43,199.339,187.039,218.606,171.639,199.055,195.409,191.987,223.591,190.801,190.458,206.204,207.221,226.805,204.117,196.02,162.192,161.703,162.016,164.397,153.659,172.206,170.054,183.173,170.191,163.852,160.277,162.51,161.235,162.063,151.662,170.145,170.049,183.025,168.706,163.344,166.464,153.417,145.791,153.569,157.251,144.212,157.765,186.236,155.604,175.698,164.026,164.168,150.726,181.198,154.182,163.306,165.093,182.351,171.981,172.582,175.779,176.096,160.002,175.888,167.47,169.432,169.992,188.209,168.104,173.452,161.028,NA,163.629,155.898,161.159,162.631,160.92,173.241,157.061,157.406,172.728,182.174,175.061,184.89,168.045,182.877,178.195,190.614,176.041,177.82,164.677,172.886,178.89,162.054,175.834,170.489,174.182,182.877,165.963,170.965,206.222,206.071,202.077,202.724,197.525,184.431,206.524,224.738,201.782,201.241,193.81,186.829,186.127,188.628,161.353,166.818,189.647,205.668,189.125,188.138
"320",15.95,68.717,72.421,83.899,72.353,69.71,75.129,74.323,85.107,84.07,78.695,187.175,191.032,194.962,191.539,180.368,199.611,187.023,218.435,171.363,199.119,195.35,193.898,222.206,191.514,191.943,206.184,207.308,225.141,202.637,196.123,162.237,160.766,162.688,164.419,153.293,172.213,170.174,184.309,169.303,163.919,160.36,161.916,160.818,162.342,152.005,170.079,170.035,182.864,167.834,163.41,166.491,151.419,144.446,153.322,158.663,144.183,157.799,185.814,155.725,175.73,164.073,163.674,151.014,179.273,152.78,163.212,165.037,181.885,171.25,172.561,175.505,176.481,159.643,174.724,167.304,169.309,170.298,188.303,168.526,173.54,161.062,NA,162.498,155.708,160.179,162.423,160.973,173.311,157.51,157.443,172.71,181.834,174.952,183.46,168.079,182.891,178.291,191.773,175.973,177.73,164.838,173.112,181.1,161.952,173.998,170.618,174.349,183.446,165.962,170.955,206.21,206.102,200.536,203.436,199.028,184.49,206.478,225.594,201.693,201.277,193.83,187.469,186.039,188.121,159.221,166.889,189.59,204.083,188.792,188.207
"321",16,68.674,72.46,82.697,72.417,69.715,75.144,74.332,85.023,83.66,78.701,187.154,191.255,194.249,192.742,180.221,199.502,187.082,218.162,171.153,199.282,195.302,191.159,222.434,190.296,188.676,206.252,207.228,224.464,202.93,196.173,162.175,161.5,162.797,164.023,153.534,172.215,170.143,184.258,170.497,163.911,160.33,161.982,159.405,163.007,152.09,170.094,170.03,184.133,168.231,163.314,166.387,151.729,145.558,152.713,157.413,144.174,157.637,186.363,155.99,175.555,164.097,164.044,151.468,180.276,153.98,163.295,165.011,182.085,171.869,172.504,175.584,175.785,160.231,176.317,167.637,169.352,170.201,189.798,167.416,173.324,160.805,NA,163.995,155.849,161.75,162.384,160.793,173.771,157.042,157.355,172.829,182.882,175.831,183.473,169.473,182.995,178.477,190.646,176.484,177.767,164.763,173.412,178.979,161.982,176.588,170.717,174.38,184.238,166.146,171.091,206.275,207.027,201.655,204.556,196.767,184.316,206.679,224.926,201.509,201.181,193.641,188.722,186.095,188.816,159.766,166.753,189.589,203.686,188.229,188.116
"322",16.05,68.677,72.978,82.821,72.448,69.004,75.084,74.282,84.501,83.764,78.703,187.017,191.63,195.042,191.605,179.17,199.592,187.03,217.967,171.677,199.086,195.444,191.651,220.581,191.116,189.805,206.193,207.284,226.293,202.89,196.068,162.22,161.18,161.662,164.113,152.425,172.202,170.171,183.203,169.765,163.973,160.276,161.323,160.947,162.416,153.751,169.987,170.031,183.565,167.522,163.367,166.343,150.893,146.234,153.398,157.803,144.114,157.742,185.857,155.629,175.786,163.979,163.26,151.914,180.159,153.063,163.089,165.025,182.165,171.583,172.557,175.553,176.168,160.033,175.759,165.458,169.188,170.039,189.066,167.729,173.43,160.843,NA,163.445,156.016,159.905,162.46,160.809,172.923,157.579,157.353,172.844,182.314,175.242,183.809,168.155,182.856,178.575,191.506,176.142,177.848,164.753,173.293,179.784,161.819,175.716,170.605,174.299,184.167,165.37,170.963,206.174,205.373,201.017,202.244,196.707,184.328,206.634,225.313,201.694,201.055,193.606,187.057,185.435,188,159.803,166.642,189.647,206.405,188.024,188.014
"323",16.1,68.692,72.521,82.645,71.392,70.947,75.117,74.283,85.388,83.883,78.733,186.963,191.464,193.679,191.617,178.311,199.445,187.123,217.938,171.394,199.141,195.269,191.956,220.186,191.732,189.951,206.267,207.296,226.539,203.062,196.166,162.048,160.71,161.948,163.46,153.841,172.264,170.157,184.57,169.778,164.029,160.21,162.164,161.792,162.936,152.11,170.12,170.023,183.202,167.934,163.326,166.41,152.891,145.03,153.172,156.185,144.123,157.674,187.199,155.787,175.599,163.907,163.123,150.938,179.848,151.744,163.061,164.977,181.427,171.178,172.514,175.516,175.328,159.692,176.06,166.383,169.277,170.149,188.663,166.888,173.346,160.826,NA,163.313,155.608,160.622,162.516,160.863,173.862,157.056,157.369,172.834,181.499,174.734,184.678,169.418,183.113,178.458,192.108,176.972,177.696,164.898,172.74,179.485,161.219,174.462,170.702,174.303,184.558,165.24,171.058,206.258,206.26,199.858,202.739,196.924,184.374,206.627,225.408,201.113,201.147,193.691,187.495,185.651,188.941,160.481,166.599,189.543,204.236,188.51,188.066
"324",16.15,68.688,72.62,82.994,70.452,75.312,75.109,74.314,84.953,83.663,78.753,187.006,190.916,194.705,192.284,179.373,199.353,186.985,217.8,170.979,199.171,195.24,191.743,219.507,191.28,189.231,206.292,207.428,225.012,203.216,195.974,162.053,161.782,162.89,164.285,154.364,172.126,170.032,184.554,170.121,164.06,160.167,161.341,160.748,162.718,150.919,170.176,170.077,183.127,167.344,163.32,166.208,152.782,145.065,153.918,156.985,143.888,157.566,185.784,155.627,175.561,163.854,163.543,151.355,180.345,152.823,163.157,164.92,182.561,171.187,172.492,175.401,175.289,159.745,176.061,166.932,169.265,170.09,187.51,168.231,173.443,160.974,NA,164.63,156.255,161.203,162.414,160.994,173.935,157.613,157.454,172.89,181.855,175.13,184.383,168.116,182.911,178.628,191.468,176.649,177.787,164.888,173.473,179.276,161.52,175.57,170.706,174.39,184.634,165.583,171.148,206.307,206.409,202.034,203.794,196.461,184.429,206.646,225.82,200.84,201.243,193.562,185.715,184.867,188.549,159.027,166.575,189.449,205.084,188.061,188.055
"325",16.2,68.654,72.611,83.104,70.38,77.363,75.086,74.304,85.257,83.926,78.771,186.996,190.638,193.968,192.122,178.777,199.474,186.916,217.353,171.174,199.039,195.175,190.47,221.832,191.084,189.608,206.213,207.263,226.293,204.16,196.028,162.077,160.732,161.633,164.385,153.323,172.198,169.889,184.49,170.114,163.916,160.255,162.156,160.547,162.503,151.433,170.087,169.939,183.273,168.362,163.309,166.196,151.422,145.182,153.146,157.392,143.859,157.626,185.803,155.729,175.633,163.817,163.215,151.82,180.089,151.236,163.024,164.772,181.793,171.187,172.515,175.46,174.992,160.913,175.428,167.133,169.248,170.081,188.947,168.371,173.434,161.038,NA,163.437,156.756,160.784,162.429,160.903,174.459,157.563,157.243,172.883,182.757,175.413,184.735,168.606,182.956,178.628,191.609,176.022,177.711,165.01,172.116,179.47,162.298,173.802,170.647,174.532,184.471,166.376,171.142,206.206,204.588,199.344,203.142,195.6,184.499,206.659,224.389,201.015,201.225,193.685,186.417,187.239,187.446,160.587,166.556,189.378,204.681,188.06,188.066
"326",16.25,68.632,72.73,83.591,70.311,76.231,75.128,74.297,85.125,84.086,78.713,186.992,189.832,193.659,193.264,178.794,199.214,186.707,217.353,171.284,199.07,195.189,191.811,222.25,190.884,188.758,206.237,207.35,225.409,203.23,196.079,162.117,162.092,161.167,164.229,154.839,172.286,170.087,184.9,169.431,163.843,160.238,160.941,161.038,162.625,152.423,170.083,169.963,183.944,167.774,163.393,166.209,151.077,145.683,153.006,158.431,143.898,157.555,187.103,155.608,175.71,163.833,163.025,150.789,180.013,150.573,163.095,164.791,181.044,170.946,172.417,175.301,175.766,160.431,175.544,167.079,169.268,170.371,188.755,168.29,173.311,160.894,NA,162.956,155.919,160.823,162.484,160.847,173.724,156.95,157.454,172.969,183.913,175.023,184.122,167.674,182.98,178.456,190.859,176.147,177.745,165.036,173.942,180.08,162.985,175.464,170.772,174.577,184.699,166.538,171.113,206.16,206.026,200.682,202.672,195.971,184.444,206.409,226.665,202.06,201.275,193.694,186.643,186.109,187.478,159.143,166.44,189.558,205.443,187.145,187.992
"327",16.3,68.56,72.559,83.004,70.103,75.642,75.083,74.334,84.718,83.866,78.75,187.012,190.399,194.137,191.337,178.918,199.164,186.771,217.071,171.168,199.034,195.093,190.325,221.16,191.595,190.89,206.304,207.084,225.545,204.247,196.083,162.128,161.286,163.401,163.199,154.157,172.175,169.973,183.631,170.118,164.074,160.287,160.856,160.555,162.509,151.733,170.062,169.962,182.833,168.436,163.383,166.191,152.121,144.077,153.239,159.246,143.778,157.899,186.585,155.364,175.573,163.8,164.298,150.233,179.757,151.245,162.956,164.851,182.49,171.339,172.557,175.329,176.52,158.826,175.487,166.335,169.237,170.1,188.563,167.531,173.223,160.921,NA,163.33,155.471,160.782,162.382,160.784,173.62,157.23,157.449,172.991,182.882,176.021,183.832,169.261,182.936,178.607,191.118,176.738,177.836,165.15,173.893,179.823,162.047,172.719,170.668,174.161,185.527,165.783,171.311,206.191,205.396,201.842,203.958,197.525,184.452,206.498,225.94,201.696,201.207,193.55,185.995,186.5,187.267,160.129,166.359,189.364,204.249,187.205,187.819
"328",16.35,68.559,72.748,82.927,69.923,75.053,75.078,74.368,84.945,84.114,78.748,186.686,190.178,193.732,192.146,179.046,199.138,186.772,218.647,170.267,199.101,195.119,191.554,221.213,191.375,190.017,206.235,207.365,225.669,202.589,195.976,162.178,160.937,162.602,165.152,153.718,172.227,170.213,184.603,170.117,163.844,160.257,161.84,161.929,161.296,152.134,169.973,169.843,183.367,168.196,163.309,166.101,151.588,145.096,152.765,158.087,143.849,157.697,185.105,156.128,175.684,163.892,164.62,150.532,180.046,151.296,162.899,164.926,182.499,171.847,172.586,175.152,174.684,160.921,175.447,167.498,169.108,170.062,189.149,168.189,173.355,160.887,NA,164.443,155.876,162.057,162.403,160.871,174.065,156.858,157.211,173.042,182.336,175.296,184.703,170.265,182.95,178.719,191.277,175.262,177.955,165.143,174.243,178.5,161.805,175.15,170.624,174.569,184.058,165.88,171.316,206.095,208.083,199.817,203.087,196.07,184.424,206.699,224.376,201.495,201.219,193.632,187.419,185.057,188.129,159.681,166.368,189.387,204.668,187.66,187.779
"329",16.4,68.451,72.558,82.737,69.744,75.122,75.07,74.299,84.753,84.104,78.788,186.841,191.44,195.265,191.161,178.626,199.083,186.903,218.179,170.091,199.142,195.055,191.347,221.891,190.59,189.217,206.192,207.358,227.107,202.552,196.059,162.091,159.72,163.298,163.191,152.928,172.266,170.118,182.784,170.662,163.97,NA,160.732,162.07,161.991,152.702,170.107,169.975,183.234,167.809,163.263,166.093,152.004,144.752,153.009,158.534,143.733,157.585,186.113,155.679,175.494,163.667,163.222,150.627,180.026,152.438,162.777,164.921,181.056,170.999,172.547,175.153,176.221,161.547,175.546,166.612,169.237,170.09,188.43,166.639,173.402,160.864,NA,164.066,156.243,162.565,162.509,160.959,173.211,156.324,157.398,173.06,184.211,174.728,184.921,170.598,183.138,178.84,191.689,176.822,177.701,165.127,172.353,178.476,163.121,174.823,170.811,174.574,183.883,165.845,171.298,206.245,204.225,201.644,202.859,197.093,184.513,206.528,226.668,201.139,201.174,193.527,186.734,186.574,187.491,158.298,166.453,189.284,204.017,187.367,187.806
"330",16.45,68.547,72.524,83.035,69.506,75.164,75.052,74.286,85.296,83.779,78.721,186.675,190.79,192.777,192.432,178.608,199.1,186.681,218.75,170.953,199.078,195.014,191.291,219.415,192.324,190.109,206.205,207.478,225.578,203.495,196.269,162.032,160.964,162.81,163.69,154.922,172.127,170.129,184.793,169.693,163.982,NA,NA,160.872,162.433,153.26,170.101,169.9,182.365,167.306,163.368,165.898,152.052,145.651,152.794,157.856,143.675,157.583,184.788,155.44,175.644,163.735,163.168,151.193,179.876,151.817,162.823,164.875,181.164,170.997,172.399,175.051,175.791,160.279,175.977,168.014,169.106,170.077,188.907,168.228,173.391,160.854,NA,163.303,156.382,161.472,162.413,160.856,173.329,157.327,157.355,173.14,181.316,174.57,184.495,168.587,182.932,178.72,191.007,176.394,177.863,165.256,173.699,179.616,162.291,175.541,170.779,174.513,184.67,166.11,171.41,206.306,206.033,200.815,203.242,195.215,184.434,206.746,223.521,200.958,201.058,193.533,186.196,184.743,187.213,159.985,166.4,188.975,204.003,187.318,187.777
"331",16.5,68.555,72.748,82.919,69.34,74.5,75.092,74.273,84.826,83.461,78.735,186.57,189.423,193.506,190.863,179.572,199.001,186.645,217.758,169.995,199.11,194.994,191.547,222.371,190.812,188.858,206.271,207.524,225.916,203.24,195.987,162.109,161.882,162.141,163.786,152.235,172.045,170,184.343,170.041,163.995,NA,NA,NA,163.298,152.43,169.969,169.885,183.765,168.276,163.271,165.988,152.182,145.052,153.011,158.279,143.608,157.451,186.956,155.163,175.661,163.76,164.277,151.119,180.615,152.467,162.867,164.704,181.705,171.241,172.55,175.159,176.082,159.682,175.093,167.415,168.927,169.921,190.088,167.924,173.418,160.908,NA,163.973,155.006,161.43,162.476,160.793,173.76,157.212,157.279,173.107,182.003,175.057,184.609,168.48,182.92,178.7,191.651,176.408,177.871,165.173,173.768,179.631,162.207,173.604,170.782,174.733,185.053,166.263,171.293,206.204,204.572,200.265,202.572,196.869,184.324,206.738,223.88,201.35,201.157,193.528,187.458,183.929,187.933,161.865,166.226,189.049,203.333,187.676,187.781
"332",16.55,68.567,72.92,83.26,69.359,74.472,75.065,74.225,85.117,83.512,78.693,186.555,191.183,194.488,192.12,179.012,198.912,186.616,216.464,169.985,199.174,195.158,191.96,221.734,191.475,189.428,206.226,207.247,224.669,203.54,196.083,162.188,160.793,162.279,165.237,154.881,172.194,170.124,184.084,169.412,163.96,NA,NA,NA,NA,153.455,170.128,170.124,182.586,167.801,163.377,165.938,151.654,144.601,153.765,156.82,143.531,157.557,185.765,155.63,175.611,163.696,164.13,150.958,180.195,151.19,162.708,164.678,181.901,171.039,172.47,175.124,176.12,160.67,175.757,166.351,169.057,170.073,188.301,167.715,173.429,160.836,NA,162.843,155.943,161.268,162.377,160.747,175.047,156.545,157.381,173.16,184.108,176.682,184.102,169.122,183.045,178.868,191.795,176.855,177.884,165.273,174.039,179.521,162.512,174.889,170.948,174.676,184.316,166.462,171.409,206.245,206.517,200.653,202.607,197.022,184.418,206.498,226.031,201.876,201.129,193.564,187.182,184.742,188.267,159.683,166.146,189.209,203.827,188.243,187.828
"333",16.6,68.534,72.664,83.438,69.114,74.249,75.073,74.213,85.124,83.683,78.742,186.575,191.147,194.128,191.536,180.411,198.996,186.819,218.644,170.239,198.97,195.045,191.96,223.237,192.414,189.199,206.19,207.368,226.465,202.882,196.013,162.07,161.509,163.308,164.913,153.522,172.137,170.055,184.54,170.256,163.897,NA,NA,NA,NA,NA,169.969,169.924,183.896,167.506,163.213,165.855,150.163,144.762,153.447,156.462,143.608,157.403,186.518,155.947,175.673,163.66,164.245,150.522,179.606,151.15,162.715,164.491,181.54,170.739,172.598,175.081,175.904,161.47,174.574,165.712,169.032,170.087,188.436,168.192,173.528,160.942,NA,162.644,156.199,160.666,162.444,160.743,173.108,158.221,157.392,173.261,183.213,176.077,184.702,169.949,182.901,178.838,191.425,176.674,177.872,165.316,173.388,179.442,162.687,173.851,170.952,174.603,184.546,166.089,171.355,206.068,205.536,201.509,203.68,197.721,184.365,206.43,226.257,201.341,201.195,193.21,187.154,184.422,187.518,160.032,166.068,189.018,205.344,187.625,187.85
"334",16.65,68.529,72.697,83.715,69.404,74.26,75.053,74.2,85.203,83.464,78.732,186.552,189.733,192.954,192.07,179.814,198.898,186.482,216.712,170.439,199.003,195.006,191.509,221.635,191.226,189.755,206.102,207.225,225.641,204.127,196.072,162.091,161.522,161.969,163.998,153.59,172.222,169.999,183.385,169.407,163.956,NA,NA,NA,NA,NA,170.054,169.871,183.405,168.321,163.195,165.881,150.928,144.81,153.715,158.17,143.428,157.555,186.622,154.861,175.668,163.835,161.929,150.439,179.668,151.821,162.649,164.632,180.965,171.257,172.496,175.027,176.48,159.612,175.236,165.683,168.956,170.1,189.219,167.663,173.492,160.951,NA,163.215,155.623,161.463,162.372,160.812,172.774,158.181,157.237,173.179,181.221,175.055,184.218,169.188,183.171,178.96,192.125,176.482,177.996,165.243,173.212,178.857,163.524,177.556,170.979,176.425,184.722,166.652,171.425,206.257,206.937,200.694,203.174,197.076,184.472,206.423,226.402,201.731,201.191,193.262,187.362,186.085,187.774,158.997,166.117,189.049,204.712,187.09,187.741
"335",16.7,68.546,72.544,83.061,68.72,73.157,75.03,74.175,84.912,83.805,78.758,186.484,191.054,193.016,192.442,179.985,198.846,186.452,217.626,170.523,199.161,194.994,191.92,220.681,190.388,190.209,206.24,207.569,227.338,203.28,196.155,162.093,162.481,161.169,163.532,154.158,172.178,170.078,183.669,170.369,163.962,NA,NA,NA,NA,NA,NA,169.786,182.823,168.058,163.291,165.828,150.577,145.32,153.073,157.617,143.446,157.371,186.124,154.802,175.579,163.621,163.467,150.851,178.733,150.972,162.606,164.706,180.198,171.824,172.385,175.092,175.791,159.609,175.822,166.238,168.853,170.073,188.881,167.544,173.275,160.821,NA,163.532,155.977,160.839,162.396,160.832,173.789,158.421,157.316,173.311,181.278,175.543,184.076,169.966,183.085,179.12,192.481,176.611,177.992,165.367,174.189,179.862,163.184,174.258,170.969,177.659,183.988,166.436,171.517,206.196,206.142,201.212,202.914,196.775,184.402,206.572,226.246,201.731,200.931,193.382,186.314,184.49,187.732,159.689,166.061,188.919,204.66,187.378,187.732
"336",16.75,68.536,72.511,83.682,69.025,73.344,75.066,74.2,84.92,83.72,78.701,186.481,190.635,193.625,191.609,177.816,198.94,186.55,218.233,170.164,199.074,194.85,191.838,222.926,191.632,189.188,206.211,207.406,226.083,203.464,195.952,161.985,161.142,162.242,164.869,153.575,172.059,170.178,183.817,170.202,163.898,NA,NA,NA,NA,NA,NA,NA,183.161,168.134,163.382,165.676,151.22,144.182,152.856,157.69,143.432,157.5,187.053,155.589,175.702,163.676,163.099,149.64,180.721,150.725,162.589,164.619,182.065,171.371,172.42,175.041,175.213,160.845,175.006,165.354,168.872,169.939,187.954,168.377,173.521,160.931,NA,163.71,156.614,162.421,162.415,160.834,173.767,157.887,157.449,173.466,183.152,175.15,184.433,169.972,182.977,179.272,192.101,176.65,177.964,165.392,173.582,180.718,163.004,175.373,170.938,175.984,185.279,165.962,171.535,206.133,205.602,201.531,202.466,194.934,184.38,206.642,225.306,202.112,201.152,193.446,186.731,184.411,187.847,159.485,165.888,188.816,204.116,187.411,187.755
"337",16.8,68.503,71.902,82.685,69.18,73.617,75.05,74.184,84.946,83.641,78.765,186.498,191.069,192.885,190.217,179.538,198.731,186.394,217.799,169.916,198.938,194.982,191.949,220.431,191.862,188.581,206.256,207.403,225.401,202.643,196.041,161.919,160.768,161.357,163.904,152.789,172.121,170.057,184.313,169.129,163.925,NA,NA,NA,NA,NA,NA,NA,183.745,167.346,163.25,165.627,151.581,143.969,153.256,155.986,143.246,157.555,186.23,155.595,175.632,163.727,163.426,151.075,179.595,151.67,162.553,164.433,181.327,170.91,172.509,174.971,175.663,160.508,174.969,167.277,168.906,170.146,189.649,167.568,173.368,160.824,NA,163.942,156.364,161.603,162.359,160.718,174.009,157.129,157.339,173.389,182.521,175.391,183.519,168.44,183.192,179.122,191.707,176.871,177.922,165.447,173.162,179.721,163.185,175.172,171.111,175.292,184.609,166.272,171.596,206.264,206.128,201.058,204.117,196.186,184.437,206.73,225.473,201.664,201.163,193.279,186.325,185.914,187.353,160.134,165.973,188.904,204.346,187.403,187.562
"338",16.85,68.524,72.479,82.807,68.812,73.257,75.015,74.133,84.807,83.336,78.718,186.36,191.56,193.708,191.415,178.728,198.814,186.27,217.717,170.51,199.002,194.97,192.348,221.666,190.873,189.854,206.247,207.345,224.918,203.776,195.992,162.054,161.384,160.896,163.536,153.532,172.1,170.033,184.661,169.454,163.895,NA,NA,NA,NA,NA,NA,NA,NA,168.547,163.349,165.591,151.199,144.249,151.99,157.985,143.074,157.381,185.822,154.699,175.635,163.559,163.294,150.628,180.831,151.621,162.569,164.308,181.297,170.518,172.4,174.986,176.103,160.935,175.135,167.068,168.93,169.792,189.737,167.477,173.321,160.87,NA,161.74,155.892,160.699,162.356,160.794,173.256,157.663,157.302,173.441,181.933,173.658,184.325,169.838,182.963,179.082,191.451,177.152,178.044,165.542,172.913,181.03,163.479,174.85,170.958,175.068,185.005,166.859,171.543,206.158,204.669,201.101,203.704,199.178,184.425,206.629,224.951,200.506,201.013,193.272,187.423,185.105,187.18,158.946,165.965,188.882,204.871,187.773,187.423
"339",16.9,68.489,72.022,83.267,68.792,72.801,75.051,74.118,85.476,83.787,78.732,186.384,188.49,193.491,191.094,179.995,198.839,186.416,218.423,169.863,198.973,194.886,192.743,223.338,191.21,188.705,206.253,207.677,225.496,202.239,196.074,162.067,160.622,161.089,164.225,152.635,172.266,170.124,183.952,169.809,163.869,NA,NA,NA,NA,NA,NA,NA,NA,167.616,163.301,165.698,152.016,144.943,153.091,157.531,143.184,157.369,185.669,154.937,175.609,163.562,162.13,150.863,179.905,150.69,162.59,164.302,181.392,170.935,172.477,174.978,175.459,160.868,174.963,166.753,168.942,169.977,189.132,167.482,173.395,160.819,NA,163.829,154.68,163.41,162.486,160.865,173.608,156.984,157.371,173.449,183.289,176.077,183.527,170.679,182.967,179.057,191.054,177.392,178.036,165.645,174.368,179.158,163.796,175.083,171.094,175.258,185.175,166.39,171.662,206.171,205.538,202.041,202.748,196.949,184.563,206.733,225.867,202.216,201.183,193.242,186.388,186.144,186.489,158.159,165.832,188.684,204.761,187.097,187.641
"340",16.95,68.501,72.837,83.738,68.544,72.775,75.052,74.095,84.416,83.165,78.736,186.378,190.73,194.254,190.573,180.037,198.715,186.285,216.241,170.383,198.957,194.891,192.493,221.837,192.801,187.865,206.175,207.447,226.518,203.34,196.127,162.141,161.186,162.781,163.512,154.223,172.227,170.059,184.774,169.289,163.919,NA,NA,NA,NA,NA,NA,NA,NA,NA,163.271,165.576,151.856,144.282,152.756,157.809,143.13,157.523,185.089,155.035,175.57,163.652,163.447,149.117,179.461,151.111,162.625,164.235,180.875,170.615,172.529,174.936,175.938,159.076,175.936,167.163,168.887,169.975,188.933,168.02,173.265,160.845,NA,163.773,156.516,161.111,162.391,160.828,173.58,158.008,157.195,173.485,182.605,175.481,184.82,169.994,183.2,179.143,191.784,177.327,178.052,165.641,174.318,179.244,163.416,174.789,171.107,175.335,184.875,166.009,171.666,206.245,203.911,200.232,202.41,195.335,184.421,206.462,225.033,200.062,201.216,193.117,187.973,185.102,187.49,160.278,165.772,188.753,204.756,187.397,187.406
"341",17,68.492,72.717,82.302,68.703,72.511,75.023,74.109,84.664,83.292,78.705,186.148,190.313,192.118,191.166,180.135,198.788,186.512,216.654,169.898,198.953,194.848,190.54,221.316,192.055,190.448,206.178,207.307,225.394,202.529,196.102,162.083,160.588,161.666,163.151,153.841,172.206,170.111,183.238,169.638,163.965,NA,NA,NA,NA,NA,NA,NA,NA,NA,NA,165.493,151.67,144.626,152.613,157.006,143.022,157.447,186.051,155.311,175.639,163.517,162.733,149.7,180.172,152.062,162.384,164.137,181.462,170.837,172.399,174.904,176.12,160.128,175.233,167.2,168.776,169.836,188.91,168.025,173.29,160.85,NA,163.566,155.817,160.437,162.491,160.816,174.454,157.674,157.269,173.571,182.772,177.569,184.489,170.11,183.235,179.137,192.239,177.257,178.167,165.659,174.887,181.111,163.889,175.298,171.172,175.273,184.827,166.374,171.818,206.174,206.527,201.327,201.88,195.26,184.41,206.674,224.492,201.896,201.141,193.142,185.806,184.428,187.773,158.605,165.851,188.745,205.093,187.825,187.502
"342",17.05,68.516,72.564,82.84,68.387,72.737,75.064,74.086,84.817,83.279,78.72,186.236,189.45,193.476,192.232,178.211,198.579,186.502,216.024,169.707,199.042,194.717,191.023,221.252,191.287,189.372,206.241,207.328,225.645,203.129,196.06,162.075,161.884,162.303,164.071,152.699,172.094,170.078,185.122,169.652,163.884,NA,NA,NA,NA,NA,NA,NA,NA,NA,NA,165.505,151.091,144.155,153.101,157.792,143.033,157.318,184.944,154.939,175.613,163.436,163.001,150.2,179.939,152.54,162.302,164.134,181.708,170.727,172.468,174.857,178.052,159.46,175.232,166.91,168.759,170.027,188.662,168.077,173.362,160.838,NA,162.996,155.35,161.814,162.358,160.894,173.492,157.76,157.231,173.628,182.489,176.406,184.766,170.835,183.188,179.253,191.756,176.908,178.106,165.751,173.774,179.659,163.494,173.993,171.127,175.452,185.247,166.401,171.844,206.216,205.553,202.092,203.665,197.179,184.392,206.589,224.93,202.028,201.008,193.069,186.258,184.438,186.797,160.9,165.784,188.774,204.512,187.801,187.401
"343",17.1,68.478,72.752,82.539,68.351,72.598,75.036,74.129,85.223,83.534,78.745,186.288,189.572,194.175,191.338,179.418,198.556,186.664,217.734,170.536,198.895,194.843,190.751,221.765,192.479,189.577,206.365,207.432,223.105,202.377,196.167,162.042,161.523,162.434,164.648,153.502,172.028,170.025,184.538,170.136,163.984,NA,NA,NA,NA,NA,NA,NA,NA,NA,NA,165.342,151.095,143.255,152.642,158.333,142.844,157.329,186.557,155.107,175.552,163.488,163.513,151.192,179.78,150.975,162.317,164.179,180.004,171.755,172.458,174.818,175.599,160.188,175.142,166.979,168.913,169.909,188.414,167.195,173.384,160.913,NA,163.986,155.536,161.947,162.424,160.948,174.597,157.958,157.338,173.777,183.016,176.12,185.268,170.353,183.183,179.183,191.486,177.347,178.092,165.803,173.525,179.012,163.789,176.597,171.197,175.3,184.444,166.518,171.845,206.141,207.309,202,202.64,198.805,184.429,206.602,225.971,200.867,201.132,193.007,186.693,185.087,187.854,158.892,165.567,188.733,203.502,187.015,187.337
"344",17.15,68.466,72.694,82.41,68.698,72.235,75.017,74.076,85.079,83.646,78.724,186.221,189.776,193.522,190.953,177.762,198.533,186.494,217.038,169.942,198.998,194.849,192.49,220.791,191.924,186.731,206.151,207.204,224.319,202.717,195.967,162.096,161.058,161.987,163.673,153.875,172.142,169.988,185.013,169.345,163.812,NA,NA,NA,NA,NA,NA,NA,NA,NA,NA,165.422,151.008,143.474,153.426,157.534,142.907,157.416,186.649,154.939,175.621,163.294,163.554,150.666,180.016,150.594,162.327,164.068,179.796,170.646,172.482,174.819,176.753,160.255,173.993,166.317,168.8,169.95,188.286,167.803,173.439,160.799,NA,163.375,155.768,160.713,162.385,160.831,173.475,157.819,157.306,173.9,183.562,176.127,184.638,168.229,183.145,179.32,191.938,176.251,178.129,165.89,172.788,178.704,163.665,174.213,171.218,175.262,185.027,166.866,171.858,206.186,207.348,201.532,202.995,196.652,184.37,206.655,227.605,202.344,201.202,193.053,187.026,185.126,187.273,158.062,165.575,188.533,204.549,186.969,187.421
"345",17.2,68.478,72.824,82.663,68.308,71.577,75.032,74.009,84.966,82.996,78.731,186.244,189.549,192.137,190.268,179.666,198.531,186.267,216.886,169.726,199.02,194.774,190.052,221.516,191.253,189.881,206.175,207.242,225.498,204.515,195.953,162.061,161.069,161.433,164.193,152.33,172.129,170.125,183.754,169.708,163.956,NA,NA,NA,NA,NA,NA,NA,NA,NA,NA,165.405,151.273,144.086,152.818,158.667,142.848,157.19,185.782,155.019,175.591,163.365,163.074,150.348,180.028,151.99,162.247,164.079,180.837,171.064,172.447,174.795,176.35,160.555,174.835,166.484,168.837,169.869,187.975,167.571,173.455,160.739,NA,162.79,156.001,161.853,162.415,160.73,173.911,157.682,157.213,173.794,182.503,175.605,186.03,169.826,183.075,179.397,192.653,176.864,178.133,165.978,173.019,178.729,163.404,173.565,171.277,175.459,185.23,167.399,171.744,206.286,204.442,200.284,203.013,197.886,184.531,206.482,225.651,200.938,201.213,193.044,186.585,185.818,187.311,158.328,165.639,188.708,203.899,186.548,187.414
"346",17.25,68.492,72.657,82.964,68.252,72.174,75.017,74.007,84.484,83.35,78.737,186.218,189.785,193.02,191.778,178.179,198.602,186.236,218.028,169.84,198.984,194.674,191.461,222.402,191.488,189.996,206.18,207.485,225.682,202.552,196.074,162.01,161.113,162.257,162.901,153.647,172.113,170.071,184.863,169.986,163.88,NA,NA,NA,NA,NA,NA,NA,NA,NA,NA,165.331,151.699,144.497,152.883,156.217,142.816,157.317,185.447,154.707,175.553,163.433,162.271,150.947,179.984,150.97,162.148,164.125,179.542,170.699,172.358,174.758,175.215,160.142,174.402,166.525,168.774,169.801,188.464,167.365,173.379,160.912,NA,163.32,156.568,162.017,162.449,160.884,173.581,157.526,157.283,173.903,183.337,175.864,184.725,169.945,183.132,179.519,192.662,177.105,178.232,166.024,173.605,179.44,163.808,173.992,171.335,175.485,185.489,166.936,171.959,206.34,205.22,200.658,203.229,196.283,184.486,206.428,225.259,201.425,201.141,192.895,186.075,183.52,187.474,160.39,165.461,188.481,205.566,186.407,187.306
"347",17.3,68.489,72.544,82.935,68.26,72.238,74.997,73.924,84.596,83.109,78.756,186.035,190.161,194.129,190.851,178.799,198.66,186.423,217.52,169.677,199.08,194.637,191.461,221.052,191.438,191.423,206.145,207.454,225.211,202.799,196.056,162.062,160.811,162.142,164.352,155.559,172.122,170.105,184.312,169.642,163.818,NA,NA,NA,NA,NA,NA,NA,NA,NA,NA,165.31,151.727,144.38,153.061,157.117,142.761,157.242,184.633,154.64,175.649,163.412,164.213,150.83,179.417,152.851,162.084,163.925,180.965,170.458,172.392,174.829,176.771,159.952,174.926,166.678,168.709,170.065,189.141,168.151,173.343,160.944,NA,163.43,155.996,160.631,162.268,160.712,173.504,158.274,157.304,173.888,182.503,176.046,183.912,169.935,183.128,179.665,191.355,177.581,178.203,165.9,173.889,178.203,163.857,173.081,171.308,175.58,184.995,167.309,171.978,206.17,205.16,202.628,203.548,197.03,184.339,206.565,224.327,200.991,201.259,192.908,185.463,184.264,187.744,158.796,165.397,188.356,205.327,187.249,187.238
"348",17.35,68.454,72.326,82.613,68.469,71.739,75.03,73.916,85.102,83.119,78.731,186.08,191.115,194.064,192.317,179.517,198.443,186.29,217.918,169.592,198.954,194.67,190.289,220.598,190.429,189.482,206.177,207.333,223.761,203.165,196.128,161.855,161.31,162.57,163.831,152.665,172.238,170.044,183.138,168.752,163.925,NA,NA,NA,NA,NA,NA,NA,NA,NA,NA,165.277,150.951,143.881,152.565,157.253,142.683,157.199,185.736,155.787,175.685,163.347,163.387,149.992,178.908,150.687,162.028,164.046,181.207,170.616,172.35,174.814,176.93,159.344,174.972,165.296,168.689,169.898,189.319,167.708,173.356,160.73,NA,163.372,155.747,161.256,162.32,160.907,173.095,157.625,157.212,173.953,182.786,176.458,185.16,169.801,183.187,179.683,192.037,177.994,178.173,165.993,174.063,179.387,163.84,175.018,171.325,175.731,185.564,166.658,172.012,206.232,205.468,199.497,203.691,198.259,184.387,206.417,226.523,201.074,201.129,193.1,185.887,183.503,186.157,157.865,165.295,188.509,204.426,187.542,187.279
"349",17.4,68.442,72.383,82.318,68.395,71.557,74.973,73.902,84.656,83.158,78.766,186.053,190.014,192.975,192.082,179.174,198.538,186.272,216.663,169.397,199.016,194.638,190.82,222.775,191.178,190.078,206.272,207.318,226.048,204.08,196.176,161.991,161.622,162.553,164.362,153.334,172.066,169.992,184.265,170.254,163.896,NA,NA,NA,NA,NA,NA,NA,NA,NA,NA,165.129,151.109,143.931,153.303,158.065,142.68,157.322,185.325,154.347,175.571,163.319,162.759,149.108,178.733,150.249,162.013,163.854,180.355,171.036,172.409,174.699,175.707,162.499,174.872,166.454,168.733,169.815,189.033,167.803,173.32,160.736,NA,163.019,157.013,161.28,162.412,160.839,173.832,157.566,157.31,174.053,182.384,176.452,184.023,170.622,183.162,179.499,192.513,176.822,178.239,166.071,173.278,179.54,164.322,174.962,171.348,175.543,186.239,166.946,172.06,206.215,206.453,199.995,203.045,197.666,184.561,206.447,225.415,201.586,201.199,192.979,185.745,184.259,187.887,160.052,165.294,188.532,203.938,186.186,187.252
"350",17.45,68.433,72.255,82.598,68.145,71.921,74.99,73.798,84.733,83.334,78.709,186.026,190.437,192.458,191.775,178.003,198.374,186.267,217.363,169.686,199.09,194.625,190.086,220.849,192.02,189.034,206.297,207.146,225.552,202.72,195.984,162.001,160.95,162.283,163.573,154.155,172.097,170.02,184.545,169.332,163.85,NA,NA,NA,NA,NA,NA,NA,NA,NA,NA,165.26,151.124,143.061,152.647,158.229,142.609,157.231,185.33,154.729,175.645,163.332,162.928,150.18,180.759,150.605,161.976,163.946,180.833,171.563,172.417,174.672,175.678,159.573,174.119,165.991,168.744,169.927,189.36,167.272,173.418,160.762,NA,163.636,155.595,161.813,162.351,160.559,173.936,157.947,157.201,174.04,182.853,175.707,184.816,171.32,183.224,179.573,192.713,177.467,178.275,166.08,174.469,179.026,164.092,175.303,171.427,175.724,186.069,167.653,172.103,206.198,205.872,199.919,203.048,194.599,184.316,206.595,225.753,201.915,201.205,192.894,185.141,183.871,187.56,157.052,165.354,188.268,204.091,186.991,187.2
"351",17.5,68.424,72.811,82.856,68.405,71.776,74.973,73.765,84.709,83.172,78.722,186.054,190.459,194.482,192.1,177.926,198.312,186.201,216.945,170.035,199.062,194.515,191.659,221.917,190.755,187.485,206.135,207.475,225.645,202.677,196.143,161.981,160.283,161.139,163.869,153.408,172.224,170.052,184.421,169.553,163.845,NA,NA,NA,NA,NA,NA,NA,NA,NA,NA,165.234,150.947,143.482,152.397,157.983,142.49,157.242,186.708,153.882,175.697,163.34,162.637,150.223,180.327,151.081,161.937,163.668,181.629,170.575,172.406,174.633,176.622,159.468,174.021,167.001,168.725,169.921,188.408,167.91,173.434,160.705,NA,163.599,155.722,160.2,162.351,160.767,173.533,156.963,157.238,174.133,182.269,175.456,185.499,170.549,183.201,179.567,192.634,176.694,178.227,166.197,174.294,180.427,164.968,175.174,171.501,175.865,185.737,167.776,172.086,206.208,204.623,200.797,203.004,197.357,184.344,206.608,225.738,201.668,201.079,193,186.52,184.929,186.581,157.939,165.353,188.429,205.02,186.676,187.252
"352",17.55,68.436,73.092,82.378,68.255,71.107,74.981,73.68,84.862,83.386,78.719,185.972,190.309,192.584,191.03,179.659,198.177,186.152,217.415,170.019,199.057,194.512,191.974,220.457,190.392,191.147,206.307,207.383,226.835,204.344,196.019,162.066,161.977,162.791,164.014,153.682,172.129,170.149,184.285,169.181,163.909,NA,NA,NA,NA,NA,NA,NA,NA,NA,NA,165.034,151.843,143.385,152.626,156.308,142.469,157.269,186.057,154.831,175.583,163.331,162.496,150.264,179.389,150.668,161.984,163.829,181.122,171.072,172.521,174.599,176.003,159.665,173.412,166.479,168.613,169.798,188.934,167.249,173.363,160.778,NA,164.392,156.108,160.214,162.429,160.783,172.995,157.268,157.434,174.237,183.915,176.71,184.17,171.209,183.223,179.628,191.565,176.861,178.371,166.257,174.619,180.057,163.418,176.59,171.555,175.947,185.319,167.453,172.255,206.395,205.29,200.47,204.024,195.003,184.635,206.615,225.501,201.591,201.013,192.887,185.29,184.384,186.77,157.928,165.094,188.394,203.459,186.835,187.185
"353",17.6,68.432,72.511,82.954,68.058,71.406,74.964,73.591,84.862,83.19,78.727,186.16,190.212,192.867,192.126,179.232,198.355,186.493,215.763,169.634,198.873,194.451,190.161,221.146,191.011,189.172,206.349,207.438,224.23,203.115,196.043,161.957,161.643,162.376,163.822,154.216,172.224,169.988,185.526,169.437,163.87,NA,NA,NA,NA,NA,NA,NA,NA,NA,NA,165.082,151.016,143.613,153.107,156.727,142.491,157.294,185.712,154.508,175.627,163.307,163.224,149.86,179.902,151.064,161.812,163.737,180.713,170.089,172.457,174.535,175.914,160.536,174.636,166.259,168.708,169.832,187.071,167.623,173.228,160.909,NA,162.147,155.826,160.994,162.261,160.77,172.723,157.62,157.168,174.233,183.089,175.755,184.99,170.395,183.335,179.62,191.797,178.101,178.367,166.249,174.657,180.08,164.118,175.353,171.587,176.084,185.045,167.335,172.23,206.23,205.541,201.063,204.115,197.226,184.394,206.808,226.912,201.072,201.147,192.881,186.233,185.95,186.429,158.157,165.143,188.384,202.812,187.442,187.242
"354",17.65,70.533,72.623,82.846,68.063,71.643,74.945,73.532,85.292,83.352,78.7,185.833,190.543,192.87,191.353,179.289,198.326,186.354,216.572,169.597,198.94,194.611,192.377,222.497,190.937,190.089,206.287,207.592,224.546,203.057,196.001,162.068,160.565,162.237,163.881,151.73,171.973,170.022,184.455,169.283,163.796,NA,NA,NA,NA,NA,NA,NA,NA,NA,NA,165.061,151.321,143.829,152.592,156.787,142.36,157.107,184.631,154.251,175.576,163.104,162.455,148.787,180.248,151.01,161.799,163.644,180.892,170.742,172.379,174.537,176.196,158.498,175.087,165.559,168.549,169.663,189.058,167.174,173.26,160.703,NA,162.89,156.438,160.959,162.255,160.75,173.953,157.642,157.24,174.257,182.641,177.687,184.629,170.747,183.269,179.842,192.479,178.344,178.472,166.242,174.247,180.505,164.203,174.428,171.474,175.831,185.019,167.057,172.199,206.162,205.332,202.595,203.622,196.168,184.385,206.528,225.636,200.303,201.145,192.858,186.36,183.352,187.138,158.167,165.109,188.345,203.866,187.886,187.014
"355",17.7,72.687,72.563,82.641,68.034,71.219,74.967,73.458,84.555,83.186,78.732,185.922,190.157,193.32,191.143,178.76,198.202,186.279,216.713,169.751,198.962,194.383,189.987,223.708,191.653,190.574,206.432,207.324,225.338,202.514,196.074,161.919,161.654,161.792,163.593,153.22,172.05,170.142,184.156,169.763,163.999,NA,NA,NA,NA,NA,NA,NA,NA,NA,NA,165.026,150.487,143.271,152.54,157.874,142.296,157.126,186.078,155.224,175.731,163.163,163.489,149.458,179.265,151.196,161.812,163.598,179.988,170.775,172.351,174.556,176.356,159.406,175.352,166.363,168.569,169.777,188.872,167.984,173.283,160.796,NA,162.809,155.219,162.232,162.311,160.816,175.173,157.337,157.256,174.374,182.891,176.056,184.294,170.348,183.245,179.798,191.838,177.534,178.521,166.36,173.027,179.468,164.788,175.281,171.503,175.977,184.523,167.183,172.344,206.137,206.572,200.426,202.893,197.287,184.405,206.567,224.589,201.716,201.088,193.016,186.759,183.659,187.786,158.214,165.032,188.251,203.206,186.943,187.123
"356",17.75,74.27,72.676,82.608,68.244,71.099,74.961,73.501,85.005,82.969,78.706,185.979,190.749,192.665,191.423,179.131,198.186,186.368,216.434,170.369,198.999,194.379,190.381,221.71,191.177,189.597,206.449,207.474,226.024,203.178,196.024,161.976,161.415,162.49,163.656,152.62,172.114,170.065,184.712,169.196,163.951,NA,NA,NA,NA,NA,NA,NA,NA,NA,NA,165.042,151.162,142.805,152.425,158.709,142.168,157.125,185.879,154.518,175.549,163.176,163.234,149.483,178.734,150.913,161.678,163.571,180.869,170.264,172.338,174.47,175.323,160.273,175.804,165.627,168.702,169.861,188.252,167.571,173.247,160.735,NA,163.011,155.895,161.649,162.329,160.735,173.422,157.838,157.243,174.415,183.698,176.454,184.291,169.622,183.332,179.816,193.392,177.19,178.376,166.406,173.844,180.906,164.529,175.547,171.622,175.964,184.762,167.419,172.432,206.088,205.382,200.956,203.753,197.585,184.424,206.456,225.402,202.134,201.008,192.862,184.042,184.014,187.407,159.302,165.033,188.223,204.364,187.61,187.094
"357",17.8,75.609,72.524,83.425,67.861,71.521,74.943,73.512,84.919,82.673,78.78,185.907,190.009,193.63,191.494,179.336,198.142,186.193,218.205,170.045,199.018,194.495,189.658,220.178,191.615,187.273,206.159,207.444,225.164,203.249,196.224,161.924,161.971,161.554,162.246,153.761,172.078,170.05,185.341,169.472,163.721,NA,NA,NA,NA,NA,NA,NA,NA,NA,NA,165.049,150.026,143.312,152.524,157.331,142.319,157.191,184.767,154.267,175.699,163.128,163.644,150.082,178.846,150.698,161.664,163.357,180.484,170.476,172.449,174.491,176.736,159.606,175.027,166.61,168.696,169.793,188.527,167.11,173.431,160.777,NA,163.323,156.357,161.089,162.342,160.658,174.02,157.765,157.272,174.478,182.682,177.89,185.059,169.162,183.122,179.894,193.725,177.42,178.451,166.483,174.851,180.09,164.382,174.407,171.517,176.223,185.736,167.834,172.297,206.179,204.94,201.754,203.147,195.683,184.447,206.628,224.174,201.633,201.093,192.862,186.656,184.744,187.084,158.486,165.012,188.119,204.468,188.373,187.221
"358",17.85,75.58,72.392,81.95,67.784,70.972,74.974,73.445,85.16,83.094,78.748,185.973,190.748,193.166,191.894,178.939,198.193,186.261,215.025,169.856,199.019,194.364,190.413,221.926,190.96,190.964,206.238,207.549,225.052,203.577,196.026,162.017,161.46,162.387,163.543,153.36,172.063,170.019,183.012,169.425,163.888,NA,NA,NA,NA,NA,NA,NA,NA,NA,NA,165.038,151.19,143.611,151.886,157.864,142.296,156.945,185.57,154.669,175.687,163.061,162.555,149.153,179.155,150.829,161.611,163.627,180.033,170.087,172.301,174.462,175.089,159.639,174.417,167.839,168.601,169.879,188.23,166.802,173.474,160.939,NA,163.458,155.865,161.1,162.324,160.818,173.539,157.039,157.183,174.528,183.8,176.969,185.014,171.153,183.353,179.919,192.176,178.65,178.655,166.452,174.191,181.288,164.989,176.391,171.59,176.186,185.654,167.085,172.43,206.108,206.341,200.891,204.109,196.156,184.532,206.407,227.46,201.52,201.075,192.968,186.647,184.261,187.043,157.496,165.021,188.336,203.631,187.147,187.053
"359",17.9,75.557,72.683,82.73,67.879,71.588,74.922,73.407,85.179,82.898,78.721,186.066,188.967,193.369,190.819,177.795,198.074,186.235,215.105,170.413,198.955,194.368,189.936,220.485,191.519,190.393,206.282,207.536,224.953,202.96,196.083,161.989,160.57,161.951,163.068,153.35,172.067,169.923,183.879,169.519,163.948,NA,NA,NA,NA,NA,NA,NA,NA,NA,NA,164.847,151.422,143.825,152.79,157.657,142.211,157.152,183.984,154.058,175.527,163.094,162.351,149.08,179.894,150.148,161.649,163.574,179.713,170.12,172.469,174.353,176.023,159.383,174.141,165.883,168.676,169.977,188.651,167.912,173.315,160.739,NA,163.273,155.97,159.5,162.267,160.701,173.414,157.497,157.069,174.5,183.668,176.96,185.932,172.202,183.449,179.958,193.552,178.052,178.595,166.521,174.457,181.233,164.565,176.384,171.755,176.385,186.692,166.908,172.507,206.235,205.371,199.859,202.795,195.449,184.387,206.608,225.759,201.184,201.104,192.954,185.978,184.992,188.253,157.83,164.892,188.262,203.139,187.911,187.079
"360",17.95,75.586,72.618,82.191,68.092,71.045,74.962,73.503,85.073,82.952,78.739,185.804,190.71,193.074,190.288,178.222,197.925,186.377,217.579,169.831,198.941,194.345,191.293,220.929,191.552,191.469,206.227,207.357,224.767,203.112,196.075,NA,161.238,161.809,163.68,152.581,172.103,170.044,184.31,169.758,163.788,NA,NA,NA,NA,NA,NA,NA,NA,NA,NA,164.928,151.344,143.92,152.237,157.557,142.227,157.034,185.191,154.898,175.552,163.04,162.551,149.43,179.474,152.014,161.51,163.493,180.181,170.878,172.342,174.634,175.878,160.45,174.588,166.533,168.574,169.789,188.047,168.277,173.406,160.727,NA,162.064,155.115,161.492,162.238,160.688,172.489,157.365,157.288,174.735,182.88,175.963,184.868,169.57,183.443,179.91,192.68,177.793,178.648,166.592,175.303,179.948,164.751,174.829,171.702,176.2,185.926,167.506,172.566,205.929,206.797,200.682,202.56,197.155,184.335,206.543,225.906,202.125,201.206,192.831,184.932,185.052,187.128,157.362,164.867,188.19,204.319,187.23,186.953
"361",18,75.693,72.464,82.737,67.726,71.149,74.95,73.43,85.051,82.943,78.765,185.927,191.364,193.499,192.209,179.736,197.991,186.221,215.227,169.721,198.91,194.526,191.146,221.274,191.268,189.545,206.287,207.414,224.578,203.771,196.144,NA,NA,NA,163.916,152.764,172.241,169.895,184.545,169.779,163.881,NA,NA,NA,NA,NA,NA,NA,NA,NA,NA,164.917,150.765,142.722,152.692,157.511,142.215,157.033,185.473,154.644,175.516,163.038,162.691,150.393,179.863,150.06,161.305,163.553,180.124,170.005,172.324,174.399,176.083,158.406,174.702,166.368,168.567,169.782,187.463,168.145,173.433,160.694,NA,163.064,155.443,162.076,162.331,160.666,173.437,157.641,157.193,174.753,183.779,177.125,183.944,170.806,183.499,179.958,192.952,178.312,178.432,166.643,174.754,179.433,165.133,175.624,171.81,176.714,185.929,167.702,172.53,206.104,206.317,200.778,202.522,196.86,184.487,206.503,224.347,202.077,201.086,192.898,186.19,183.416,186.906,157.314,164.782,188.421,204.091,186.65,187.118
"362",18.05,75.76,72.623,82.259,67.582,70.936,74.945,73.401,85.22,83.157,78.776,185.879,190.164,195.438,191.232,177.962,198.057,186.347,215.922,170.034,198.858,194.419,191.113,220.3,190.77,189.983,206.224,207.369,226.846,202.592,196.056,NA,NA,NA,NA,NA,172.124,169.9,182.77,168.837,163.918,NA,NA,NA,NA,NA,NA,NA,NA,NA,NA,164.746,149.96,143.231,153.511,158.551,142.059,156.908,185.716,154.921,175.519,162.968,163.301,148.653,180.212,151.711,161.515,163.383,181.116,169.977,172.347,174.372,176.161,159.913,174.454,165.618,168.602,169.806,187.922,168.464,173.386,160.716,NA,163.517,155.807,161.179,162.217,160.586,173.091,157.817,157.205,174.791,183.381,176.63,185.479,170.756,183.356,180.075,191.849,177.939,178.611,166.648,173.156,179.572,165.37,175.88,171.785,176.615,186.182,167.314,172.694,206.092,205.601,202.272,203.856,197.295,184.474,206.502,224.626,200.991,201.15,192.749,184.81,183.865,186.813,158.809,164.765,188.367,204.262,186.103,187.013
"363",18.1,75.731,72.342,82.436,67.903,70.888,74.931,73.36,84.522,83.19,78.713,185.813,190.939,191.635,191.073,177.787,197.911,186.247,217.297,170.139,198.946,194.294,191.474,221.951,191.131,189.594,206.247,207.287,224.538,202.382,196.035,NA,NA,NA,NA,NA,NA,169.894,183.702,169.24,163.818,NA,NA,NA,NA,NA,NA,NA,NA,NA,NA,164.641,150.078,142.81,152.699,156.742,141.943,157.017,185.572,154.903,175.535,163.007,162.426,149.987,179.432,151.065,161.475,163.378,179.379,169.566,172.393,174.53,176.573,160.601,173.982,168.713,168.56,169.762,189.859,168.12,173.236,160.771,NA,163.201,155.507,162.261,162.229,160.64,173.132,158.067,157.255,174.829,183.166,176.606,185.438,172.257,183.328,180.19,191.735,177.905,178.692,166.83,174.437,179.416,164.649,174.454,171.811,176.504,186.439,167.255,172.57,206.084,205.559,201.367,202.156,197.583,184.469,206.825,225.646,202.764,200.995,192.935,185.615,184.067,187.754,157.021,164.879,188.236,203.428,187.1,187.035
"364",18.15,75.718,72.861,82.691,67.712,70.517,74.92,73.332,84.962,82.916,78.725,185.868,189.843,193.2,190.757,177.759,197.824,186.321,215.805,169.61,198.858,194.181,190.711,219.524,192.12,189.631,206.294,207.401,226.292,203.309,196.169,NA,NA,NA,NA,NA,NA,NA,185.031,169.387,163.802,NA,NA,NA,NA,NA,NA,NA,NA,NA,NA,164.841,150.67,143.35,152.619,157.261,142.021,157.034,184.119,155.118,175.538,162.979,162.622,149.308,178.4,150.309,161.451,163.232,179.478,169.682,172.258,174.274,175.836,159.486,174.322,165.409,168.619,169.749,188.717,167.599,173.402,160.689,NA,163.478,155.807,160.705,162.267,160.715,173.431,157.289,157.236,174.805,182.309,176.494,185.665,172.271,183.623,180.059,191.896,177.954,178.556,166.931,173.634,180.177,165.424,175.045,171.863,176.545,186.232,167.682,172.786,206.119,204.614,200.346,203.335,196.02,184.577,206.497,226.141,202.281,201.246,192.955,185.325,185.195,187,157.467,164.746,188.028,204.13,186.708,187.105
"365",18.2,75.583,72.602,82.534,67.666,71.346,74.869,73.338,84.867,82.99,78.723,185.92,190.534,193.88,191.244,180.279,197.826,186.279,215.246,170.499,198.96,194.173,190.896,219.755,190.858,187.563,206.306,207.381,224.303,203.312,195.984,NA,NA,NA,NA,NA,NA,NA,NA,NA,163.815,NA,NA,NA,NA,NA,NA,NA,NA,NA,NA,164.73,150.652,142.303,152.03,155.433,141.737,156.912,185.621,154.656,175.379,162.85,162.531,148.323,178.72,150.149,161.257,163.186,180.204,170.483,172.289,174.365,176.064,159.233,175.303,166.468,168.618,169.745,188.686,168.473,173.26,160.63,NA,162.545,154.915,160.451,162.248,160.668,173.019,158.149,157.283,175.016,183.377,176.854,184.957,172.009,183.46,180.189,193.437,177.851,178.682,166.956,174.939,180.655,165.39,174.772,171.93,176.461,186.118,167.574,172.759,205.999,207.034,200.942,204.551,198.497,184.474,206.536,226.069,201.503,200.967,192.699,184.769,184.836,187.379,157.849,164.702,188.088,202.529,186.51,187.043
"366",18.25,75.599,72.103,82.547,67.965,71.079,74.914,73.319,84.525,82.635,78.726,185.809,190.246,194.004,191.794,178.372,197.788,186.284,215.372,170.582,198.927,194.156,190.636,219.576,191.941,187.743,206.198,207.507,225.73,203.527,195.979,NA,NA,NA,NA,NA,NA,NA,NA,NA,NA,NA,NA,NA,NA,NA,NA,NA,NA,NA,NA,164.689,149.832,142.794,152.109,158.47,141.72,156.956,184.504,154.845,175.423,162.856,162.602,148.978,180.332,150.118,161.163,163.258,179.919,170.2,172.381,174.276,176.23,159.138,174.258,168.296,168.472,169.794,189.035,168.203,173.316,160.786,NA,163.441,156.083,160.896,162.199,160.672,173.141,158.258,157.188,174.981,182.642,176.02,184.52,173.1,183.535,180.302,192.859,176.991,178.693,166.934,174.445,180.391,165.217,176.937,171.892,176.317,185.315,168.01,172.903,206.085,205.714,201.424,203.943,196.613,184.332,206.483,226.398,200.84,201.032,192.772,183.684,184.489,188.033,158.046,164.7,188.076,203.401,186.593,187.062
"367",18.3,75.515,72.568,82.915,67.907,71.385,74.918,73.292,84.765,82.894,78.734,185.836,190.618,193.94,190.591,178.997,197.801,186.176,215.763,169.524,198.906,194.119,190.844,221.777,191.01,188.678,206.214,207.522,225.186,203.737,196.026,NA,NA,NA,NA,NA,NA,NA,NA,NA,NA,NA,NA,NA,NA,NA,NA,NA,NA,NA,NA,164.659,150.184,142.577,152.502,158.995,141.722,157.069,185.72,154.576,175.504,162.94,163.397,149.316,179.096,150.218,161.129,163.107,179.123,169.376,172.409,174.324,175.829,159.261,174.802,167.485,168.434,169.829,188.418,167.404,173.267,160.652,NA,164.443,156.168,161.784,162.128,160.911,172.884,157.367,157.236,175.108,183.511,177.517,185.448,171.605,183.694,180.189,192.596,177.517,178.723,167.003,174.936,178.924,166.01,175.857,171.875,176.512,185.714,167.913,172.769,206.148,205.746,200.409,203.244,197.881,184.406,206.531,226.827,201.511,201.021,192.775,185.43,184.68,187.553,157.105,164.718,188.164,203.725,187.469,186.921
"368",18.35,75.446,72.671,82.731,67.635,70.495,74.878,73.246,85.281,82.393,78.729,185.79,190.796,193.43,191.237,180.461,197.911,186.396,216.062,170.405,198.983,194.153,191.89,221.811,191.561,189.212,206.3,207.393,225.743,202.417,196.04,NA,NA,NA,NA,NA,NA,NA,NA,NA,NA,NA,NA,NA,NA,NA,NA,NA,NA,NA,NA,164.594,150.197,142.393,152.416,157.982,141.73,156.924,184.698,154.496,175.476,162.875,162.546,149.18,179.412,150.78,161.1,163.075,180.296,169.948,172.298,174.203,176.361,159.091,174.593,165.039,168.442,169.75,188.706,167.976,173.351,160.691,NA,163.776,155.711,162.289,162.189,160.669,174.218,157.594,157.131,175.247,184.271,177.409,184.745,171.372,183.553,180.425,193.424,178.212,178.766,166.978,174.05,180.004,165.306,176.31,171.875,176.541,185.15,167.75,172.98,206.086,205.939,201.285,202.734,197.167,184.543,206.503,225.416,202.209,201.048,192.767,184.079,183.067,187.198,158.599,164.688,188.112,203.09,187.009,186.919
"369",18.4,75.269,72.531,82.041,67.862,70.753,74.899,73.262,84.845,82.805,78.73,185.817,190.085,192.76,191.267,178.577,197.692,186.236,216.453,169.816,198.918,194.231,190.38,222.539,191.174,188.329,206.362,207.447,225.502,203.262,195.982,NA,NA,NA,NA,NA,NA,NA,NA,NA,NA,NA,NA,NA,NA,NA,NA,NA,NA,NA,NA,164.516,150.929,141.84,152.982,157.875,141.664,156.816,184.87,154.583,175.371,162.813,162.763,148.804,179.116,149.401,161.212,162.978,179.563,169.754,172.248,174.241,175.941,159.442,174.376,166.746,168.415,169.93,189.41,167.339,173.417,160.706,NA,163.599,155.89,162.828,162.276,160.5,174.493,157.779,157.075,175.195,183.756,177.428,185.114,170.217,183.622,180.178,193.155,178.675,178.846,167.234,174.308,179.341,165.722,176.789,171.878,176.644,186.188,168.276,172.873,206.164,205.343,201.494,203.491,196.118,184.429,206.633,225.296,201.976,201.13,192.942,186.388,184.273,187.541,156.716,164.612,188.17,203.87,187.289,187.046
"370",18.45,75.207,72.746,82.326,67.838,71.098,74.896,73.219,84.913,82.658,78.733,185.894,191.35,193.65,191.398,178.17,197.815,186.522,216.007,170.113,198.829,194.132,191.214,222.929,191.457,190.793,206.136,207.352,226.802,203.173,195.825,NA,NA,NA,NA,NA,NA,NA,NA,NA,NA,NA,NA,NA,NA,NA,NA,NA,NA,NA,NA,164.477,151.285,142.776,152.125,157.348,141.524,156.825,184.627,153.881,175.506,162.9,162.889,149.272,179.946,149.564,161.1,162.978,180.058,169.614,172.364,174.162,177.049,158.907,174.287,165.879,168.443,169.787,189.178,167.804,173.39,160.74,NA,163.458,155.52,160.864,162.244,160.646,174.136,156.926,157.285,175.242,185.18,177.96,185.303,172.069,183.533,180.443,194.046,177.723,178.832,167.185,174.603,179.612,166.231,176.11,171.938,176.645,185.925,167.751,173.042,206.083,205.41,202.964,202.556,197.712,184.384,206.362,224.903,202.231,201.075,193.015,186.545,183.855,187.196,158.459,164.593,188.016,204.689,187.098,187.068
"371",18.5,75.215,72.448,83.029,67.461,70.508,74.888,73.264,84.854,82.325,78.706,185.835,190.396,193.363,190.499,180.696,197.73,186.408,214.782,170.675,198.998,194.211,190.351,220.469,191.619,188.428,206.254,207.198,225.351,202.988,196.034,NA,NA,NA,NA,NA,NA,NA,NA,NA,NA,NA,NA,NA,NA,NA,NA,NA,NA,NA,NA,164.466,150.368,142.615,151.643,158.007,141.425,156.698,185.774,154.3,175.502,162.888,162.626,148.976,179.368,150.853,160.923,163.114,178.989,169.928,172.221,174.374,176.915,160.553,174.709,165.26,168.489,169.634,188.427,168.177,173.38,160.688,NA,163.867,155.593,162.469,162.29,160.532,173.173,158.181,157.132,175.357,183.14,177.461,185.727,171.798,183.604,180.392,192.497,178.654,178.826,167.297,175.584,180.383,166.237,174.349,172.129,176.91,187.389,168.745,172.928,205.989,205.451,201.268,203.44,196.7,184.541,206.391,224.83,201.439,201.029,192.954,186.061,185.82,187.009,158.662,164.5,188.251,204.44,187.476,187.094
"372",18.55,75.21,72.402,82.571,67.759,70.901,74.889,73.294,85.035,82.537,78.733,185.757,188.631,193.62,190.764,179.427,197.645,186.434,216.427,170.035,198.897,194.048,189.362,222.335,190.476,190.024,206.362,207.368,227.018,203.393,196.054,NA,NA,NA,NA,NA,NA,NA,NA,NA,NA,NA,NA,NA,NA,NA,NA,NA,NA,NA,NA,164.386,151.369,142.667,152.789,158.201,141.339,156.776,185.112,154.336,175.515,162.897,162.718,149.119,179.089,151.281,160.993,162.888,179.837,170.133,172.328,174.147,177.081,159.74,174.122,166.267,168.168,169.889,188.739,168.064,173.355,160.745,NA,164.571,156.168,160.018,162.073,160.546,174.46,157.813,157.098,175.338,182.466,177.195,186.38,170.531,183.662,180.516,193.154,178.539,178.731,167.277,174.674,179.629,165.249,175.414,172.233,176.767,185.746,168.077,173.048,206.099,206.399,200.436,203.614,198.346,184.431,206.449,224.896,201.521,201.055,192.911,185.343,182.977,188.147,159.069,164.539,188.153,204.534,187.04,186.997
"373",18.6,75.053,72.356,82.776,68.036,70.564,74.907,73.294,84.814,82.55,78.755,185.853,189.678,193.969,191.557,180.48,197.8,186.417,214.894,169.87,198.929,194.133,190.878,223.045,190.987,189.638,206.3,207.41,225.435,202.987,196.197,NA,NA,NA,NA,NA,NA,NA,NA,NA,NA,NA,NA,NA,NA,NA,NA,NA,NA,NA,NA,164.467,150.517,142.786,152.045,158.854,141.4,156.865,184.77,154.599,175.545,162.72,162.3,148.551,179.013,149.219,160.83,162.942,179.755,170.039,172.47,174.144,175.878,159.581,174.189,167.999,168.42,169.624,187.359,167.765,173.337,160.603,NA,162.659,155.873,163.638,162.188,160.592,173.868,157.6,157.232,175.426,184.073,176.397,186.59,172.453,183.745,180.703,192.863,178.449,179.094,167.412,176.043,179.172,165.835,176.565,172.222,176.971,187.237,168.785,173.085,206.005,205.926,200.823,203.592,197.883,184.359,206.52,225.328,201.445,200.928,192.884,186.374,184.57,187.598,157.19,164.439,188.093,204.236,187.333,187.01
"374",18.65,75.064,72.479,82.681,69.706,70.412,74.878,73.245,84.906,82.427,78.737,185.892,192.078,190.657,191.736,178.995,197.743,186.465,215.602,170.779,198.811,194.01,189.652,222.567,191.402,189.013,206.351,207.336,224.326,203.764,196.108,NA,NA,NA,NA,NA,NA,NA,NA,NA,NA,NA,NA,NA,NA,NA,NA,NA,NA,NA,NA,164.421,149.593,142.097,151.762,158.211,141.403,156.908,185.447,153.844,175.536,162.676,161.049,148.183,179.563,149.817,160.951,162.916,179.344,169.922,172.207,174.128,175.483,159.01,174.138,166.379,168.35,169.71,188.893,167.115,173.408,160.688,NA,163.031,155.091,161.861,162.196,160.598,173.903,157.606,157.188,175.483,182.702,178.165,185.06,173.441,183.651,180.731,193.145,178.635,178.978,167.444,175.08,180.009,165.726,177.547,172.137,176.981,185.501,168.456,173.153,206.031,206.284,199.448,203.15,195.919,184.415,206.52,226.916,202.394,201.056,192.844,185.119,184.15,186.909,158.688,164.345,187.965,203.442,187.969,187.145
"375",18.7,75.017,72.564,82.388,77.13,70.371,74.875,73.284,84.717,82.562,78.764,185.906,191.442,193.639,191.125,179.616,197.536,186.545,215.495,170.132,198.822,194.033,190.995,222.306,192.495,190.917,206.506,207.643,224.947,203.18,196.041,NA,NA,NA,NA,NA,NA,NA,NA,NA,NA,NA,NA,NA,NA,NA,NA,NA,NA,NA,NA,164.278,150.429,142.174,151.813,159.899,141.208,156.837,185.334,154.703,175.496,162.804,163.515,149.549,179.627,150.219,160.925,162.93,178.238,169.482,172.302,174.003,176.38,159.335,174.075,165.984,168.483,169.629,189.623,168.563,173.219,160.627,NA,162.597,154.986,160.045,162.317,160.534,172.677,158.168,157.095,175.63,183.344,177.752,185.917,171.617,183.711,180.837,193.359,178.877,179.144,167.419,175.304,180.48,166.153,174.509,172.223,176.982,186.162,168.754,173.311,206.006,203.228,202.167,203.084,196.6,184.403,206.778,225.572,201.939,201.082,192.87,186.137,184.658,188.056,157.585,164.468,188.182,202.686,186.987,187.175
"376",18.75,74.925,72.842,82.355,81.828,70.676,74.884,73.314,84.771,82.676,78.725,185.962,190.212,193.614,191.064,177.414,197.597,186.459,216.498,170.94,198.83,194.11,189.66,222.014,191.237,189.85,206.333,207.301,224.523,202.942,196.011,NA,NA,NA,NA,NA,NA,NA,NA,NA,NA,NA,NA,NA,NA,NA,NA,NA,NA,NA,NA,164.271,150.361,142.072,151.402,156.129,141.186,156.754,184.952,153.989,175.675,162.641,163.481,148.596,179.123,150.175,160.694,162.716,179.37,169.715,172.272,173.966,175.865,158.676,174.246,166.869,168.404,169.737,188.18,167.398,173.358,160.761,NA,164.381,155.61,160.345,162.255,160.537,173.546,157.979,157.186,175.642,183.619,177.026,185.823,170.365,183.7,180.708,192.95,178.69,179.039,167.523,176.305,180.228,166.683,176.728,172.241,176.997,186.94,168.14,173.307,206.091,205.171,200.418,202.12,196.851,184.432,206.294,225.038,202.712,201.022,192.934,186.948,183.104,187.718,157.32,164.383,187.86,204.13,186.744,187.071
"377",18.8,74.766,72.508,82.822,84.713,70.537,74.872,73.257,85.318,82.934,78.706,185.879,190.143,194.191,192.038,179.288,197.529,186.553,216.28,169.926,198.845,193.965,189.71,222.68,192.037,190.051,206.126,207.189,225.58,203.121,196.044,NA,NA,NA,NA,NA,NA,NA,NA,NA,NA,NA,NA,NA,NA,NA,NA,NA,NA,NA,NA,164.28,150.832,142.078,151.79,158.222,141.138,156.71,185.222,153.834,175.478,162.593,162.553,148.735,178.992,148.11,160.65,162.611,179.345,170.191,172.317,174.154,176.171,159.471,173.944,167.3,168.333,169.84,188.213,167.828,173.492,160.756,NA,163.125,155.206,161.672,162.284,160.636,173.829,158.503,157.139,175.705,183.038,177.155,186.002,172.25,183.666,180.819,194.471,178.362,179.059,167.689,175.393,180.315,166.771,174.866,172.352,176.943,187.001,168.574,173.28,206.072,205.489,201.887,202.747,197.511,184.429,206.627,225.878,200.621,201.15,192.978,186.265,184.777,187.545,156.691,164.416,188.225,204.43,187.458,187.025
"378",18.85,74.8,71.974,82.361,86.487,70.732,74.838,73.29,85.193,82.608,78.709,185.984,188.423,194.417,191.361,178.822,197.555,186.667,215.337,170.985,198.858,193.919,190.475,220.891,189.588,189.485,206.336,207.356,225.062,203.149,196.14,NA,NA,NA,NA,NA,NA,NA,NA,NA,NA,NA,NA,NA,NA,NA,NA,NA,NA,NA,NA,164.256,149.785,142.596,151.236,156.128,140.952,156.681,186.521,153.741,175.376,162.667,162.548,148.258,179.541,149.37,160.631,162.579,180.193,169.947,172.285,174.017,176.197,158.146,174.036,165.819,168.261,169.738,187.574,167.61,173.388,160.693,NA,163.508,155.242,162.209,162.12,160.588,172.698,156.809,157.3,175.837,182.765,178.693,184.493,172.591,183.79,181.02,193.024,178.609,179.166,167.57,175.298,179.996,166.298,175.67,172.474,177.043,186.392,168.575,173.34,206.032,205.327,200.473,202.809,197.53,184.374,206.378,224.351,201.22,201.138,192.931,184.902,182.859,186.99,157.993,164.383,188.194,204.246,188.053,187.142
"379",18.9,74.749,72.68,82.668,88.37,71.102,74.85,73.214,84.975,82.548,78.753,186.113,191.928,193.329,191.412,177.359,197.408,186.467,216.648,170.601,198.872,194.012,189.631,223.446,190.684,189.266,206.247,207.378,225.196,203.502,196.103,NA,NA,NA,NA,NA,NA,NA,NA,NA,NA,NA,NA,NA,NA,NA,NA,NA,NA,NA,NA,164.249,150.167,141.513,151.567,157.95,141.095,156.658,184.838,154.207,175.422,162.57,162.281,147.93,179.789,149.623,160.703,162.664,178.622,169.809,172.339,174.028,175.565,158.788,173.673,165.47,168.196,169.736,188.525,167.196,173.435,160.713,NA,163.294,155.836,160.398,162.196,160.683,173.44,157.699,157.081,175.805,183.833,177.68,185.901,173.029,183.757,180.835,193.548,179.222,179.226,167.703,175.326,181.488,166.468,174.975,172.223,177.091,185.478,168.316,173.418,206.055,206.883,202.14,203.792,196.072,184.363,206.517,224.505,201.857,201.188,192.99,186.707,184.411,187.066,158.189,164.476,188.319,203.48,187.833,187.107
"380",18.95,74.684,72.539,83.128,89.474,70.871,74.874,73.199,85.497,82.34,78.749,185.851,191.683,193.96,192.312,177.366,197.408,186.441,216.548,170.66,198.814,193.85,189.516,220.399,191.394,189.295,206.324,207.417,226.201,203.056,196.129,NA,NA,NA,NA,NA,NA,NA,NA,NA,NA,NA,NA,NA,NA,NA,NA,NA,NA,NA,NA,164.1,150.143,141.916,151.475,156.976,141.086,156.581,184.399,153.869,175.536,162.581,162.612,147.963,178.795,150.627,160.657,162.691,178.974,169.901,172.214,173.845,176.958,158.158,173.915,166.067,168.325,169.553,188.668,167.535,173.523,160.627,NA,164.049,156.153,161.523,162.256,160.642,173.492,157.366,157.105,175.943,183.721,176.497,185.85,172.964,183.922,180.919,194.003,179.011,179.069,167.775,176.127,180.757,166.491,177.778,172.389,177.214,186.952,168.117,173.492,205.97,204.677,200.6,203.573,197.672,184.439,206.534,225.004,201.08,201.049,193.117,186.117,184.319,187.045,157.62,164.421,188.11,204.788,187.595,187.136
"381",19,74.679,72.63,82.572,89.038,70.31,74.839,73.201,85.152,82.808,78.746,186.038,190.963,193.364,191.554,178.553,197.43,186.605,215.589,170.535,198.77,193.994,188.195,221.876,191.454,187.823,206.425,207.538,226.424,203.131,196.114,NA,NA,NA,NA,NA,NA,NA,NA,NA,NA,NA,NA,NA,NA,NA,NA,NA,NA,NA,NA,164.163,150.267,141.401,151.552,156.635,140.907,156.679,184.411,153.913,175.504,162.555,161.886,148.351,178.695,149.095,160.612,162.575,179.55,169.99,172.205,173.965,175.03,159.122,173.887,165.114,168.293,169.511,188.939,168.08,173.354,160.611,NA,162.866,156.108,161.392,162.14,160.549,173.107,158.136,157.117,176.048,182.832,178.638,185.778,172.379,183.754,181.112,193.93,178.815,179.16,167.859,174.964,179.994,166.654,175.845,172.551,177.084,186.906,168.313,173.495,206.024,207.047,200.925,202.885,196.606,184.501,206.501,225.91,200.912,201.179,192.875,185.472,184.47,187.906,158.61,164.372,188.119,204.007,187.799,187.094
"382",19.05,74.602,72.661,82.169,89.977,70.966,74.846,73.149,85.452,82.541,78.773,185.84,190.108,193.714,192.04,177.929,197.389,186.714,217.361,171.139,198.845,193.925,190.709,221.389,192.789,190.069,206.316,207.195,226.051,204.038,195.905,NA,NA,NA,NA,NA,NA,NA,NA,NA,NA,NA,NA,NA,NA,NA,NA,NA,NA,NA,NA,164.146,150.591,141.739,151.776,156.323,140.704,156.6,184.62,153.642,175.58,162.618,162.394,149.371,178.166,148.851,160.56,162.648,178.573,169.305,172.203,173.881,176.16,159.819,174.45,168.376,168.308,169.662,188.23,168.019,173.48,160.673,NA,163.736,155.152,161.586,162.169,160.472,173.377,157,157.13,175.969,183.451,177.178,186.61,171.046,183.806,180.911,193.835,179.348,179.198,167.85,175.065,180.621,167.671,176.563,172.442,177.176,186.725,167.6,173.406,206.146,207.354,201.4,202.087,196.264,184.414,206.492,226.354,200.899,201.146,192.952,186.005,184.315,187.288,156.791,164.333,188.222,203.741,188.23,187.149
"383",19.1,74.707,72.244,82.34,90.802,70.136,74.83,73.181,85.335,82.419,78.732,186.05,190.028,191.809,191.157,177.349,197.515,186.488,216.307,170.946,198.85,193.689,189.148,222.526,190.425,190.307,206.346,207.509,225.787,204.059,195.901,NA,NA,NA,NA,NA,NA,NA,NA,NA,NA,NA,NA,NA,NA,NA,NA,NA,NA,NA,NA,164.061,150.748,142.034,152.251,157.33,140.731,156.721,184.254,154.203,175.676,162.616,162.377,148.632,179.075,149.691,160.497,162.51,179.607,169.753,172.363,173.914,176.156,157.252,173.845,166.829,168.231,169.717,188.245,167.896,173.433,160.619,NA,162.268,154.18,161.054,162.075,160.48,173.839,157.622,157.146,176.086,183.119,178.784,186.056,172.687,183.817,181.148,194.502,177.8,179.255,167.928,176.193,180.629,166.452,178.365,172.694,177.281,187.133,169.05,173.567,205.965,205.054,200.7,202.894,194.561,184.405,206.301,223.96,201.871,201.047,193.059,183.904,184.166,187.609,158.702,164.379,188.176,202.326,187.356,187.229
"384",19.15,74.675,72.616,82.463,90.301,70.406,74.82,73.18,84.72,82.442,78.74,185.981,189.307,193.647,192.08,180.715,197.381,186.552,215.937,171.432,198.644,193.745,190.18,222.436,190.774,188.937,206.117,207.444,224.951,203.708,195.888,NA,NA,NA,NA,NA,NA,NA,NA,NA,NA,NA,NA,NA,NA,NA,NA,NA,NA,NA,NA,164.04,149.874,141.007,151.583,157.387,140.699,156.656,184.295,154.21,175.519,162.496,161.711,148.821,179.792,149.898,160.442,162.342,178.849,168.489,172.246,173.887,174.874,159.9,173.686,167.271,168.298,169.74,188.484,167.009,173.323,160.694,NA,162.591,155.303,161.395,162.185,160.611,173.551,157.557,157.156,176.293,185.361,179.018,186.605,173.179,183.927,181.224,194.221,179.138,179.282,167.905,175.861,180.783,166.959,176.858,172.655,177.454,185.974,169.281,173.622,206.064,206.324,200.505,202.983,195.19,184.487,206.524,226.429,201.36,201.046,192.982,185.26,184.838,187.889,157.636,164.385,188.303,203.299,186.116,187.02
"385",19.2,74.658,72.717,82.646,91.023,70.821,74.845,73.224,85.684,82.602,78.747,185.964,189.354,192.945,191.28,180.094,197.29,186.573,216.426,170.774,198.762,193.7,189.564,220.864,191.374,188.477,206.268,207.392,224.71,202.538,196.099,NA,NA,NA,NA,NA,NA,NA,NA,NA,NA,NA,NA,NA,NA,NA,NA,NA,NA,NA,NA,163.982,150.42,141.447,152.038,156.523,140.717,156.618,184.135,154.391,175.53,162.607,162.222,148.678,178.863,149.048,160.399,162.403,179.439,169.627,172.199,173.962,174.768,158.161,173.514,166.321,168.165,169.567,189.035,168.505,173.366,160.679,NA,163.37,155.377,162.359,162.132,160.642,173.451,157.869,157.082,176.23,182.927,178.634,185.752,173.618,183.905,181.077,193.48,179.265,179.302,167.968,174.098,180.169,166.435,174.823,172.497,177.456,186.758,168.906,173.651,205.98,205.48,201.203,202.719,199.892,184.396,206.582,225.347,201.418,201.152,192.987,185.099,183.643,187.512,158.088,164.308,188.202,205.163,187.413,187.063
"386",19.25,74.57,72.7,82.597,90.946,70.478,74.883,73.195,85.395,82.284,78.698,186.1,191.224,193.426,192.096,179.998,197.267,186.712,216.076,170.376,198.769,193.77,190.313,220.239,190.701,188.953,206.317,207.486,225.255,203.084,196.074,NA,NA,NA,NA,NA,NA,NA,NA,NA,NA,NA,NA,NA,NA,NA,NA,NA,NA,NA,NA,163.974,150.066,141.199,151.257,158.491,140.615,156.768,184.187,154.11,175.535,162.548,161.941,148.177,178.876,149.362,160.193,162.505,178.855,170.212,172.342,173.836,175.787,158.92,173.51,166.002,168.301,169.727,188.784,168.001,173.351,160.607,NA,163.132,155.203,160.992,162.078,160.544,173.348,157.102,157.036,176.386,184.05,178.659,185.42,173.469,183.975,181.182,194.289,179.522,179.149,167.973,176.53,182.362,167.447,175.899,172.682,177.532,187.402,169.373,173.673,205.962,206.195,199.767,202.986,195.442,184.473,206.38,226.133,202.365,201.088,193.067,186.629,184.381,186.866,157.92,164.428,188.17,204.448,186.885,187.167
"387",19.3,74.54,72.413,82.153,91.004,70.61,74.871,73.182,84.758,82.313,78.795,186.019,190.273,193.399,192.208,179.747,197.346,186.926,216.133,170.929,198.788,193.874,190.314,223.413,192.018,187.985,206.275,207.505,224.384,203.092,195.95,NA,NA,NA,NA,NA,NA,NA,NA,NA,NA,NA,NA,NA,NA,NA,NA,NA,NA,NA,NA,163.848,149.94,141.617,151.942,156.842,140.618,156.64,184.648,153.855,175.555,162.403,161.828,147.844,178.652,149.642,160.2,162.321,179.322,169.389,172.095,173.822,175.412,158.701,175.016,165.986,168.239,169.717,188.641,167.756,173.438,160.71,NA,162.22,155.962,162.094,162.268,160.543,172.212,157.82,157.13,176.432,184.064,178.591,185.319,173.41,183.847,181.394,194.989,178.641,179.287,168.043,176.314,182.145,167.526,176.196,172.732,177.579,185.548,169.376,173.763,206.085,205.476,200.46,203.08,198.251,184.467,206.549,225.223,200.701,201.044,192.942,186.129,184.311,187.622,159.237,164.184,188.216,205.681,187.231,187.194
"388",19.35,74.47,72.442,81.873,90.975,70.181,74.855,73.187,84.848,82.301,78.745,186.039,191.648,192.533,192.119,180.949,197.06,186.847,216.133,170.792,198.869,193.789,190.098,218.919,190.892,191.325,206.485,207.321,224.981,203.235,196.182,NA,NA,NA,NA,NA,NA,NA,NA,NA,NA,NA,NA,NA,NA,NA,NA,NA,NA,NA,NA,163.862,149.52,140.942,151.704,155.742,140.513,156.627,184.2,154.024,175.473,162.392,161.682,148.347,179.156,149.783,160.321,162.304,180.008,169.791,172.24,173.786,176.404,159.093,174.703,169.002,168.198,169.594,188.906,168.154,173.402,160.693,NA,163.3,155.624,161.367,162.114,160.481,172.605,157.857,157.058,176.5,183.323,179.432,186.631,172.799,183.892,181.367,195.381,178.891,179.281,168.207,175.374,180.765,167.273,177.977,172.776,177.655,186.325,168.268,173.796,206.139,205.821,201.423,203.314,195.13,184.309,206.308,225.984,201.517,200.955,193.154,184.643,184.672,186.67,158.09,164.317,188.286,205.329,187.129,187.266
"389",19.4,74.511,72.804,81.978,90.932,70.762,74.815,73.191,85.054,82.559,78.729,186.104,190.399,192.777,192.484,181.405,197.314,186.952,214.307,171.321,198.808,193.713,189.768,223.11,191.778,188.953,206.158,207.482,224.16,202.992,195.943,NA,NA,NA,NA,NA,NA,NA,NA,NA,NA,NA,NA,NA,NA,NA,NA,NA,NA,NA,NA,163.899,149.305,140.721,150.94,156.504,140.547,156.359,183.937,153.846,175.511,162.406,162.954,147.632,178.89,149.683,160.348,162.194,178.91,170.179,172.273,173.973,174.095,158.458,172.672,165.486,168.246,169.498,188.696,167.661,173.437,160.614,NA,162.263,155.864,160.778,162.194,160.485,172.899,157.411,157.136,176.556,183.49,178.613,186.424,172.447,183.961,181.237,194.827,179.083,179.366,168.248,176.702,181.105,167.091,176.572,172.775,177.743,186.651,168.64,173.847,206.033,206.748,200.974,201.607,195.213,184.491,206.387,224.239,200.751,201.164,193.05,185.757,184.342,187.085,157.869,164.202,188.201,204.17,187.978,187.276
"390",19.45,74.491,73.023,81.663,91.26,70.722,74.843,73.154,85.143,82.294,78.732,186.132,190.554,191.823,192.495,179.798,197.151,186.874,216.116,171.092,198.954,193.549,189.44,222.4,191.118,189.139,206.209,207.458,223.831,202.86,196.052,NA,NA,NA,NA,NA,NA,NA,NA,NA,NA,NA,NA,NA,NA,NA,NA,NA,NA,NA,NA,163.797,149.861,140.79,151.79,156.359,140.549,156.476,184.204,154.608,175.587,162.224,162.006,148.069,179.512,150.946,160.174,162.165,178.083,169.479,172.199,173.88,176.46,158.305,173.241,166.208,168.124,169.667,188.856,167.254,173.316,160.603,NA,163.567,155.688,160.996,162.159,160.576,173.793,157.222,157.095,176.567,183.825,178.151,186.681,172.124,183.876,181.324,195.29,179.596,179.47,168.316,175.76,182.677,167.694,178.154,172.711,177.844,187.129,169.01,173.868,205.899,207.064,200.756,202.609,197.96,184.414,206.609,224.751,201.653,201.125,193.298,185.895,184.785,187.684,159.89,164.197,188.264,205.064,187.663,187.241
"391",19.5,74.427,72.372,82.649,91.282,70.38,74.834,73.169,84.859,82.774,78.733,186.226,192.835,192.563,192.022,179.898,197.038,186.842,216.018,171.148,198.775,193.679,190.215,221.051,191.627,188.95,206.382,207.391,225.262,202.051,195.908,NA,NA,NA,NA,NA,NA,NA,NA,NA,NA,NA,NA,NA,NA,NA,NA,NA,NA,NA,NA,163.733,150.393,141.181,152.517,156.598,140.299,156.556,184.289,153.358,175.48,162.41,161.494,147.712,178.054,148.916,160.259,162.132,178.285,169.52,172.143,173.729,175.474,158.836,173.733,166.582,168.046,169.693,188.348,167.744,173.34,160.635,NA,162.761,155.993,159.996,161.987,160.599,173.378,157.178,156.997,176.558,182.724,180.258,185.988,174.009,183.943,181.403,193.295,179.761,179.484,168.291,174.454,181.645,166.757,177.359,172.994,177.901,188.199,169.156,173.877,206.099,204.082,200.539,203.395,198.379,184.385,206.566,224.444,200.422,201.22,193.148,185.758,184.1,187.783,157.702,164.174,188.374,204.719,188.11,187.299
"392",19.55,74.37,72.619,82.027,91.32,70.472,74.836,73.104,84.869,82.333,78.762,186.124,189.91,195.305,192.441,179.392,197.098,186.889,214.97,171.202,198.788,193.642,190.606,219.201,191.574,189.821,206.298,207.334,225.206,204.301,195.994,NA,NA,NA,NA,NA,NA,NA,NA,NA,NA,NA,NA,NA,NA,NA,NA,NA,NA,NA,NA,163.826,150.164,141.519,151.473,157.904,140.342,156.674,185.561,153.923,175.415,162.21,162.088,147.593,178.337,149.004,160.111,162.113,178.859,169.317,172.195,173.66,177.477,158.149,172.646,166.72,168.173,169.6,188.944,167.611,173.37,160.554,NA,163.69,155.721,161.606,162.228,160.559,172.708,157.286,156.961,176.704,184.283,179.155,186.289,173.009,184.07,181.377,196.025,178.899,179.485,168.44,176.233,180.028,166.457,176.336,172.885,177.905,188.36,168.867,174.055,205.953,205.664,201.082,202.097,197.317,184.439,206.379,226.311,201.965,200.904,193.091,185.794,183.151,187.756,157.719,164.44,188.3,204.527,187.348,187.331
"393",19.6,74.327,72.553,82.478,91.693,69.771,74.803,73.17,85.271,82.53,78.731,186.218,189.514,194.089,191.402,178.891,197.278,187.169,215.155,171.316,198.783,193.633,189.062,220.918,192.217,188.772,206.262,207.514,225.436,202.9,195.936,NA,NA,NA,NA,NA,NA,NA,NA,NA,NA,NA,NA,NA,NA,NA,NA,NA,NA,NA,NA,163.809,148.844,141.077,151.397,157.606,140.368,156.349,184.494,153.352,175.495,162.253,162.612,147.553,178.254,149.3,160.092,162.132,178.716,169.665,172.276,173.82,176.293,159.103,173.965,165.672,168.166,169.743,188.424,167.892,173.399,160.622,NA,163.008,155.635,163.089,162.257,160.389,173.195,157.635,156.985,176.769,183.817,178.943,186.424,173.146,184.026,181.645,194.291,179.277,179.473,168.551,176.377,181.171,167.592,177.687,172.929,178.05,186.862,168.904,174.102,206.056,205.903,202.017,203.171,194.873,184.379,206.631,223.737,201.648,201.096,193.335,186.252,184.92,187.076,158.674,164.221,188.405,204.334,187.846,187.455
"394",19.65,74.335,72.319,82.517,91.343,70.669,74.796,73.264,84.898,82.271,78.743,186.298,190.97,195.046,191.452,179.47,197.018,186.929,215.164,171.217,198.727,193.472,188.63,221.495,192.121,188.817,206.318,207.219,223.571,203.663,196.105,NA,NA,NA,NA,NA,NA,NA,NA,NA,NA,NA,NA,NA,NA,NA,NA,NA,NA,NA,NA,163.792,149.516,141.328,151.546,156.416,140.184,156.43,183.955,153.383,175.305,162.333,161.327,147.891,180.029,150.116,160.004,162.001,178.016,169.262,172.203,173.671,174.768,158.913,173.601,165.952,168.168,169.569,189.011,167.687,173.314,160.496,NA,163.429,155.983,162.335,162.142,160.545,174.368,157.678,157.02,176.778,183.398,178.398,185.76,173.09,184.164,181.558,196.355,179.244,179.587,168.473,175.654,179.614,167.277,176.017,173.003,177.922,187.573,169.43,174.174,205.94,205.314,201.205,203.848,195.54,184.42,206.585,223.513,201.462,200.884,193.199,186.949,185.275,186.987,158.865,164.193,188.468,204.351,187.516,187.36
"395",19.7,74.254,72.673,82.058,90.996,70.143,74.82,73.196,85.035,82.412,78.778,186.21,190.066,193.299,192.276,178.077,197.092,186.917,215.814,171.579,198.661,193.597,189.708,221.106,190.905,187.771,206.194,207.332,224.818,203.277,196.002,NA,NA,NA,NA,NA,NA,NA,NA,NA,NA,NA,NA,NA,NA,NA,NA,NA,NA,NA,NA,163.667,149.261,140.962,151.672,157.681,140.087,156.462,184.182,153.965,175.446,162.182,161.944,147.312,178.688,148.953,160.018,161.897,178.959,168.974,172.176,173.737,175.597,158.25,173.185,166.728,168.205,169.497,188.878,168.544,173.357,160.52,NA,163.119,155.49,161.425,162.098,160.398,173.277,157.81,157.128,176.93,183.305,178.787,186.6,173.071,184.03,181.445,195.123,179.455,179.573,168.699,176.451,180.164,167.867,175.776,172.877,177.992,188.152,169.418,174.095,205.97,205.728,201.06,203.753,196.918,184.397,206.562,223.478,201.498,201.115,193.177,184.652,183.352,186.34,158.436,164.275,188.608,203.692,187.761,187.511
"396",19.75,74.249,72.512,82.293,90.775,69.959,74.807,73.177,84.99,82.042,78.721,186.308,190.913,192.896,191.01,179.021,197.09,187.031,215.985,170.861,198.707,193.409,189.779,221.795,190.861,191.241,206.286,207.299,224.907,203.502,195.96,NA,NA,NA,NA,NA,NA,NA,NA,NA,NA,NA,NA,NA,NA,NA,NA,NA,NA,NA,NA,163.594,149.18,141.058,150.647,157.161,139.957,156.394,185.439,153.647,175.474,162.21,162.222,147.238,178.767,148.807,159.828,161.936,177.41,168.93,172.147,173.56,175.828,158.959,174.801,167.392,168.197,169.67,188.568,167.956,173.411,160.524,NA,163.871,156.026,161.836,162.195,160.452,173.482,157.081,157.047,177.088,184.471,177.659,186.179,172.554,184.119,181.632,195.509,179.996,179.592,168.679,175.817,181.808,167.301,176.07,173.009,178.101,186.561,169.518,174.192,205.95,205.697,200.798,202.309,196.855,184.553,206.568,224.664,201.355,201.075,193.269,185.776,183.874,187.925,159.261,164.35,188.351,205.496,186.767,187.438
"397",19.8,74.162,72.481,82.242,91.14,70.156,74.778,73.115,84.713,82.153,78.692,186.414,192.651,192.856,191.52,182.007,196.969,187.108,215.991,171.569,198.747,193.499,189.751,220.303,191.238,190.024,206.305,207.523,225.344,203.742,196.029,NA,NA,NA,NA,NA,NA,NA,NA,NA,NA,NA,NA,NA,NA,NA,NA,NA,NA,NA,NA,163.626,149.145,140.712,151.565,157.675,139.846,156.527,183.615,153.584,175.452,162.267,161.112,148.442,179.435,148.204,159.921,161.957,178.409,168.883,172.212,173.531,175.138,158.68,174.163,166.595,168.121,169.501,187.994,167.531,173.448,160.546,NA,164.125,155.332,160.672,162.09,160.525,173.015,157.445,157.104,177.161,185.371,178.919,186.298,173.687,184.091,181.632,194.708,179.207,179.674,168.583,176.558,181.233,167.964,178.573,173.166,178.028,187.938,169.453,174.342,206.103,206.46,200.544,203.413,195.737,184.352,206.339,225.371,201.836,201.073,193.164,185.329,184.75,188.125,159.012,164.327,188.451,204.623,187.954,187.374
"398",19.85,74.187,72.785,82.132,91.044,70.636,74.796,73.131,85.653,81.783,78.722,186.387,192.834,193.441,192.615,177.746,197.021,187.111,214.867,171.3,198.647,193.495,188.711,221.139,191.961,189.423,206.291,207.417,225.164,203.777,195.98,NA,NA,NA,NA,NA,NA,NA,NA,NA,NA,NA,NA,NA,NA,NA,NA,NA,NA,NA,NA,163.576,149.058,141.009,151.816,158.183,140.005,156.45,184.533,153.575,175.439,162.198,162.051,146.735,177.582,149.89,159.9,161.931,178.426,169.396,172.167,173.543,175.817,159.212,173.85,165.51,168.046,169.474,188.428,167.595,173.327,160.544,NA,163.603,155.461,161.88,162.102,160.644,174.378,156.997,157.028,177.251,185.415,179.359,186.889,173.541,184.161,181.755,193.993,179.772,179.791,168.726,175.329,182.221,167.612,178.227,172.895,178.303,186.876,169.366,174.357,205.924,205.446,200.613,203.029,194.264,184.432,206.784,224.774,201.079,201.086,193.288,185.353,184.618,188.731,159.514,164.336,188.366,205.616,187.012,187.379
"399",19.9,74.068,72.418,81.805,90.615,70.715,74.794,73.08,85.027,82.138,78.743,186.466,192.155,193.916,191.958,181.031,196.906,187.286,215.432,171.313,198.704,193.411,190.307,222.529,191.644,191.09,206.277,207.671,226.571,203.715,195.938,NA,NA,NA,NA,NA,NA,NA,NA,NA,NA,NA,NA,NA,NA,NA,NA,NA,NA,NA,NA,163.546,149.114,140.609,151.283,156.997,139.937,156.224,183.343,153.623,175.457,162.179,160.653,147.323,179.373,148.582,159.841,161.84,178.417,169.113,172.241,173.505,176.241,158.931,173.111,165.322,168.056,169.514,188.505,167.696,173.449,160.516,NA,162.892,155.412,161.057,162.14,160.55,173.516,157.672,157.011,177.231,182.89,180.15,186.155,174.741,184.261,181.827,194.592,180.246,179.638,168.805,176.919,180.886,168.285,177.989,173.133,178.224,188.333,169.707,174.299,205.905,206.001,199.904,202.004,197.433,184.398,206.416,224.301,201.33,200.995,193.319,186.504,184.454,188.022,157.433,164.145,188.45,204.27,187.216,187.41
"400",19.95,74.049,72.519,82.541,90.379,70.389,74.8,73.141,84.986,82.318,78.731,186.377,189.295,192.169,190.922,180.812,196.835,187.308,214.192,171.542,198.852,193.372,188.046,221.429,191.814,188.235,206.273,207.482,224.128,203.61,196.003,NA,NA,NA,NA,NA,NA,NA,NA,NA,NA,NA,NA,NA,NA,NA,NA,NA,NA,NA,NA,163.447,149.251,140.983,151.939,155.81,139.759,156.328,184.036,154.084,175.531,162.119,162.301,146.748,178.613,148.027,159.714,161.798,176.884,169.317,172.125,173.613,174.284,158.989,173.893,166.072,168.087,169.587,188.534,167.471,173.408,160.515,NA,162.882,154.849,161.975,162.123,160.543,172.649,156.683,157.047,177.303,184.332,179.204,186.851,173.693,184.07,181.789,194.399,178.962,179.767,168.898,177.053,180.31,167.936,178.131,173.083,178.406,188.407,169.976,174.383,205.964,205.063,200.426,203.345,194.286,184.441,206.61,224.087,201.787,200.955,193.437,185.673,184.148,188.064,158.237,164.233,188.545,203.797,187.741,187.587
"401",20,73.958,72.163,82.02,90.941,70.282,74.791,73.097,84.692,82.019,78.74,186.308,189.908,192.979,191.388,180.857,196.79,187.43,215.138,171.155,198.792,193.419,187.468,221.164,192.354,188.403,206.273,207.387,225.19,202.807,195.939,NA,NA,NA,NA,NA,NA,NA,NA,NA,NA,NA,NA,NA,NA,NA,NA,NA,NA,NA,NA,163.418,149.733,140.617,151.307,155.617,139.744,156.367,184.103,154.297,175.506,162.192,163.62,148.125,179.471,150.223,159.7,161.859,178.605,169.277,172.18,173.476,176.824,158.083,173.024,167.216,168.025,169.472,187.229,167.649,173.432,160.668,NA,162.05,155.299,162.151,162.085,160.357,172.951,157.656,157.118,177.374,183.887,178.489,185.888,172.16,184.16,181.818,195.251,180.524,179.833,168.992,176.763,181.774,168.053,175.496,173.12,178.465,188.456,169.278,174.4,205.944,205.942,200.365,202.827,195.856,184.425,206.511,223.805,201.212,200.962,193.4,185.391,184.217,187.007,159.3,164.275,188.573,205.194,187.744,187.528
"402",20.05,73.918,72.727,82.689,89.912,70.534,74.797,73.049,84.996,82.222,78.692,186.455,190.442,193.318,192.825,179.338,196.73,187.337,214.554,172.249,198.839,193.252,188.478,221.202,191.091,189.026,206.356,207.457,225.48,203.979,195.919,NA,NA,NA,NA,NA,NA,NA,NA,NA,NA,NA,NA,NA,NA,NA,NA,NA,NA,NA,NA,163.5,149.522,140.665,151.603,155.528,139.689,156.382,183.879,153.59,175.38,162.097,161.477,147.34,177.817,148.817,159.535,161.786,178.753,168.578,172.221,173.565,175.935,157.972,173.58,166.755,168.057,169.512,189.064,167.329,173.488,160.525,NA,164.094,154.708,160.815,162.146,160.501,173.95,157.202,157.053,177.446,184.327,179.284,186.691,173.285,184.152,181.957,195.031,179.514,179.772,169.077,176.442,182.319,168.038,176.639,173.198,178.597,188.478,170.151,174.436,205.967,206.229,201.183,203.221,197.041,184.306,206.431,225.985,201.411,201.033,193.335,186.956,184.193,188.947,157.643,164.252,188.505,205.337,187.462,187.58
"403",20.1,73.833,72.186,82.373,90.358,70.16,74.801,73.035,85.446,81.5,78.717,186.586,191.518,193.115,191.808,180.828,196.855,187.28,215.358,172.479,198.588,193.33,190.076,219.781,191.037,191.494,206.304,207.404,226.66,203.069,195.939,NA,NA,NA,NA,NA,NA,NA,NA,NA,NA,NA,NA,NA,NA,NA,NA,NA,NA,NA,NA,163.452,150.101,139.328,151.313,158.253,139.564,156.374,184.115,153.663,175.425,162.08,160.609,146.936,177.761,148.07,159.541,161.666,177.348,168.929,172.144,173.498,176.175,157.713,172.316,167.386,168.075,169.439,187.677,167.592,173.391,160.444,NA,162.615,156.001,161.845,161.994,160.444,173.158,156.372,157.04,177.602,184.142,178.083,186.492,172.425,184.224,182.057,195.401,179.899,179.797,169.023,177.241,180.953,168.789,177.725,173.312,178.504,188.118,170.255,174.663,206.042,205.676,199.898,202.888,197.291,184.295,206.323,224.088,200.646,201.108,193.525,187.074,184.399,188.109,158.476,164.254,188.544,205.065,187.981,187.521
"404",20.15,73.814,72.011,82.156,90.569,69.827,74.729,73.079,84.69,81.838,78.724,186.379,191.007,193.523,191.587,180.455,196.823,187.329,214.788,171.325,198.837,193.25,190.44,221.825,191.657,189.277,206.317,207.406,223.829,202.684,196.008,NA,NA,NA,NA,NA,NA,NA,NA,NA,NA,NA,NA,NA,NA,NA,NA,NA,NA,NA,NA,163.402,148.547,140.364,151.507,156.887,139.633,156.275,184.934,154.117,175.399,162.125,160.805,147.187,178.32,149.153,159.479,161.728,177.195,168.824,172.127,173.361,175.89,158.936,173.824,166.09,167.981,169.571,189.138,167.058,173.541,160.586,NA,163.945,155.196,161.057,162.123,160.413,172.873,156.534,157.051,177.546,184.496,180.037,186.907,173.715,184.285,182.048,195.238,180.294,179.814,169.096,176.324,181.656,168.589,176.637,173.308,178.512,188.154,169.87,174.612,205.935,205.687,201.997,202.466,197.046,184.345,206.56,226.209,202.136,201.144,193.463,187.239,182.239,188.655,157.446,164.295,188.428,203.757,187.535,187.503
"405",20.2,73.697,72.768,81.887,90.074,70.091,74.794,73.039,85.241,81.874,78.747,186.516,191.323,193.832,192.783,181.51,196.868,187.429,214.598,172.195,198.72,193.288,188.789,220.895,191.519,188.353,206.262,207.502,224.319,202.967,196.055,NA,NA,NA,NA,NA,NA,NA,NA,NA,NA,NA,NA,NA,NA,NA,NA,NA,NA,NA,NA,163.292,149.543,140.779,151.338,156.322,139.613,156.314,184.554,153.736,175.413,162.066,161.573,147.42,178.995,148.691,159.472,161.551,177.704,169.338,172.165,173.416,175.39,158.64,173.738,165.595,168.061,169.618,188.579,167.206,173.544,160.465,NA,162.905,155.466,160.425,162.163,160.336,172.585,157.401,157.046,177.666,184.094,180.856,186.083,173.901,184.364,182.103,195.086,179.936,180.078,169.208,176.331,182.317,169.107,177.173,173.324,178.703,188.059,169.374,174.618,205.843,206.998,201.232,204.217,198.648,184.544,206.619,224.017,200.912,200.965,193.428,186.248,184.06,187.146,157.771,164.396,188.457,205.556,187.717,187.601
"406",20.25,73.748,72.426,82.443,91.006,70.196,74.735,73.074,85.03,81.638,78.747,186.648,191.591,193.788,192.351,179.552,196.84,187.504,215.461,172.152,198.78,193.416,189.353,221.308,191.264,188.315,206.288,207.487,226.873,202.675,195.965,NA,NA,NA,NA,NA,NA,NA,NA,NA,NA,NA,NA,NA,NA,NA,NA,NA,NA,NA,NA,163.194,149.912,139.208,150.982,155.566,139.608,156.17,184.162,153.118,175.509,162.029,161.303,147.322,179.352,147.679,159.503,161.629,178.658,168.628,172.065,173.38,176.817,158.72,172.58,167.295,168.022,169.55,188.747,167.614,173.525,160.426,NA,163.924,155.617,161.743,162.017,160.62,173.617,157.525,156.933,177.768,185.054,179.486,186.528,173.783,184.379,182.168,194.555,180.703,180.059,169.214,175.852,182.113,169.315,177.033,173.324,178.853,188.03,170.174,174.736,205.93,205.249,200.337,202.877,198.786,184.37,206.449,225.462,201.455,200.972,193.495,186.11,186.372,187.436,158.327,164.221,188.781,204.675,187.527,187.706
"407",20.3,73.579,72.425,81.953,90.594,70.378,74.738,73.008,84.712,81.829,78.755,186.608,189.593,194.503,192.437,180.166,196.775,187.476,215.413,171.599,198.705,193.27,189.205,222.058,191.461,190.338,206.374,207.492,225.172,202.452,195.957,NA,NA,NA,NA,NA,NA,NA,NA,NA,NA,NA,NA,NA,NA,NA,NA,NA,NA,NA,NA,163.424,148.737,140.803,151.058,157.279,139.53,156.436,183.653,153.275,175.399,162.029,161.351,147.144,179.215,148.639,159.448,161.421,178.406,168.993,172.146,173.232,176.012,158.757,172.718,167.274,167.932,169.437,187.549,167.436,173.505,160.495,NA,163.412,154.692,161.045,162.016,160.274,173.262,157.968,157.055,177.759,184.662,178.494,186.372,175.054,184.377,182.226,196.527,180.019,179.93,169.279,177.292,181.146,168.234,176.454,173.484,178.856,187.34,170.18,174.76,205.997,205.604,200.938,203.01,197.461,184.366,206.617,225.103,201.166,201.11,193.546,187.182,184.054,188.931,157.6,164.196,188.631,205.886,186.96,187.683
"408",20.35,73.657,72.579,82.267,89.966,69.943,74.757,73.046,85.351,81.705,78.746,186.507,190.5,193.266,191.882,181.445,196.74,187.434,214.32,172.233,198.689,193.362,187.424,221.425,190.347,189.926,206.151,207.445,224.315,202.992,195.977,NA,NA,NA,NA,NA,NA,NA,NA,NA,NA,NA,NA,NA,NA,NA,NA,NA,NA,NA,NA,163.28,149.205,139.347,150.697,157.163,139.488,156.316,185.411,152.833,175.48,162.008,162.045,146.945,177.817,149.152,159.31,161.339,177.673,168.607,172.143,173.369,176.099,158.373,173.918,165.368,168.006,169.554,188.877,167.321,173.54,160.465,NA,163.806,154.933,162.661,162.124,160.424,173.835,156.771,157.039,177.946,183.724,181.008,186.917,174.203,184.422,182.405,195.069,179.633,180.013,169.449,176.909,180.951,168.715,178.388,173.462,178.772,188.526,170.851,174.756,205.838,205.64,198.851,203.721,197.66,184.484,206.307,224.885,201.175,201.083,193.491,186.003,184.77,189.256,158.829,164.273,188.65,205.46,187.406,187.764
"409",20.4,73.538,72.821,82.123,89.615,69.66,74.752,73.06,84.593,81.584,78.708,186.568,192.292,193.294,193.636,180.713,196.669,187.719,214.792,172.149,198.777,193.17,189.009,221.852,192.463,186.724,206.18,207.409,224.695,203.083,196.01,NA,NA,NA,NA,NA,NA,NA,NA,NA,NA,NA,NA,NA,NA,NA,NA,NA,NA,NA,NA,163.139,148.232,139.742,151.031,157.265,139.38,156.243,184.824,153.804,175.393,161.975,160.573,146.88,178.853,148.976,159.323,161.307,178.266,168.503,172.049,173.159,175.827,157.903,173.439,166.045,167.901,169.571,188.613,167.199,173.351,160.538,NA,161.945,155.629,161.023,162.015,160.42,173.557,157.724,157.048,177.958,185.115,180.013,186.267,174.294,184.421,182.315,194.973,180.36,179.993,169.539,177.381,181.038,168.893,178.329,173.542,179.149,188.624,169.671,174.799,205.942,204.824,202.294,205.026,197.236,184.459,206.423,224.224,201.001,201.051,193.618,186.047,184.789,188.534,158.735,164.2,188.618,204.491,187.51,187.882
"410",20.45,73.587,72.91,82.434,89.861,70.334,74.744,73.017,84.787,81.351,78.697,186.66,191.404,192.116,192.049,179.987,196.733,187.579,216.121,172.503,198.656,193.051,188.881,219.244,191.009,190.805,206.227,207.389,225.549,202.887,196.08,NA,NA,NA,NA,NA,NA,NA,NA,NA,NA,NA,NA,NA,NA,NA,NA,NA,NA,NA,NA,163.121,148.582,139.811,151.276,155.632,139.281,156.223,185.377,152.736,175.315,161.988,160.44,147.253,178.738,148.26,159.219,161.36,176.918,169.662,172.092,173.198,176.347,157.692,172.683,166.713,167.885,169.468,187.793,167.434,173.406,160.556,NA,164.042,154.786,161.926,162.015,160.398,173.153,157.456,156.906,177.872,183.641,178.723,186.396,174.716,184.555,182.207,195.486,181.025,180.118,169.471,176.145,181.206,169.603,177.947,173.541,179.042,189.523,170.454,175,205.969,205.488,202.152,203.212,195.906,184.307,206.428,224.843,201.504,200.975,193.485,187.501,184.055,188.76,159.337,164.27,188.763,204.162,188.146,187.714
"411",20.5,73.563,72.205,82.061,89.317,70.421,74.766,73.024,84.733,81.492,78.724,186.612,191.829,192.669,192.977,178.374,196.602,187.603,216.508,172.482,198.632,193.07,188.317,220.919,191.996,188.495,206.432,207.349,226.337,202.415,196.06,NA,NA,NA,NA,NA,NA,NA,NA,NA,NA,NA,NA,NA,NA,NA,NA,NA,NA,NA,NA,163.15,150.036,140.185,151.307,156.178,139.27,156.155,183.566,153.138,175.303,161.854,160.726,146.807,178.948,148.248,158.957,161.184,177.665,168.543,172.171,173.292,176.067,157.926,173.068,165.245,167.824,169.469,189.29,168.005,173.41,160.393,NA,162.927,154.801,159.951,162.077,160.446,173.271,157.236,156.991,178.174,183.177,179.592,187.422,175.937,184.577,182.296,194.993,180.024,180.187,169.468,178.023,180.891,169.625,179.187,173.566,179.095,189.055,170.607,174.896,205.947,207.022,200.637,203.162,197.296,184.4,206.44,224.328,200.309,200.948,193.606,186.004,184.842,187.963,157.836,164.373,188.657,204.593,187.748,187.868
"412",20.55,73.541,72.567,82.55,89.572,69.84,74.791,73.026,85.026,81.633,78.751,186.68,191.276,193.254,191.239,181.61,196.701,187.754,215.237,172.106,198.649,193.071,188.056,223.215,191.904,190.923,206.18,207.351,226.532,202.236,195.96,NA,NA,NA,NA,NA,NA,NA,NA,NA,NA,NA,NA,NA,NA,NA,NA,NA,NA,NA,NA,163.14,149.18,139.694,151.398,157.322,139.274,156.089,183.206,152.696,175.431,161.813,161.266,146.856,178.45,147.358,159.144,161.21,178.093,168.911,172.038,173.127,175.442,157.878,173.093,165.088,167.96,169.324,189.153,167.333,173.542,160.458,NA,163.891,155.378,161.88,162.056,160.317,173.93,157.493,157.004,178.18,183.593,179.427,187.356,172.568,184.378,182.435,195.116,180.344,180.031,169.589,176.153,182.184,169.399,178.508,173.527,179.361,188.759,169.731,175.164,206.083,205.305,200.674,203.192,193.756,184.382,206.483,225.421,200.455,200.929,193.603,186.144,185.358,188.108,159.635,164.272,188.831,204.936,188.636,187.828
"413",20.6,73.426,72.443,82.334,89.497,69.701,74.734,73.016,84.815,81.267,78.737,186.914,191.607,193.631,192.427,181.076,196.493,187.754,215.645,172.186,198.777,193.193,188.719,222.189,190.735,188.109,206.281,207.39,225.382,203.931,195.893,NA,NA,NA,NA,NA,NA,NA,NA,NA,NA,NA,NA,NA,NA,NA,NA,NA,NA,NA,NA,162.995,149.028,140.079,151.543,158.329,139.048,155.979,184.166,153.279,175.426,161.913,160.949,146.583,177.998,148.557,159.037,161.121,176.742,168.089,172.021,173.157,175.054,159.123,172.602,167.45,167.79,169.439,188.444,167.476,173.369,160.436,NA,162.659,155.058,159.714,162.106,160.549,173.081,157.665,156.852,178.113,183.361,179.516,187.007,176.736,184.513,182.368,196.406,180.267,180.128,169.759,177.421,180.792,168.932,179.379,173.565,179.148,188.093,170.541,174.974,205.863,206.879,200.93,202.755,195.414,184.467,206.295,223.863,201.303,201.067,193.662,185.608,184.812,188.003,158.889,164.331,188.944,205.045,186.997,187.855
"414",20.65,73.39,72.514,81.273,89.34,70.586,74.746,72.962,84.361,81.823,78.741,186.872,190.524,192.747,192.298,180.404,196.496,187.735,214.446,172.333,198.825,193.08,188.906,222.086,191.102,189.244,206.266,207.341,223.972,202.163,195.839,NA,NA,NA,NA,NA,NA,NA,NA,NA,NA,NA,NA,NA,NA,NA,NA,NA,NA,NA,NA,162.961,149.017,140.375,151.739,156.08,139,156.175,183.35,153.802,175.491,161.899,160.999,146.734,178.1,147.515,158.957,161.039,176.856,169.444,172.018,173.167,176.057,158.456,173.156,166.644,167.923,169.449,189.297,167.598,173.479,160.644,NA,162.566,155.209,160.875,161.94,160.44,173.777,157.336,156.931,178.385,184.751,180.608,186.333,176.063,184.515,182.465,195.453,180.107,180.227,169.867,176.912,181.912,168.953,177.437,173.791,179.087,187.968,170.791,175.124,205.872,205.194,200.537,203.27,195.011,184.324,206.484,224.469,202.015,201.127,193.897,186.774,185.883,188.338,159.051,164.311,188.843,204.592,187.234,188.035
"415",20.7,73.433,72.64,81.827,89.345,69.746,74.76,72.916,84.728,81.262,78.754,186.818,191.364,193.069,191.824,181.305,196.431,187.95,214.096,171.819,198.825,193.073,189.241,220.032,191.55,191.041,206.215,207.781,224.906,203.637,195.957,NA,NA,NA,NA,NA,NA,NA,NA,NA,NA,NA,NA,NA,NA,NA,NA,NA,NA,NA,NA,162.917,148.789,140.771,151.11,156.638,138.951,156.208,183.724,153.262,175.535,161.711,161.474,146.555,177.967,148.881,159.075,161.023,178.222,168.298,172.122,173.197,175.381,157.762,172.435,166.099,167.803,169.461,187.685,167.357,173.578,160.467,NA,163.057,155.444,160.962,162.091,160.332,171.831,157.556,156.954,178.493,183.575,180.679,187.096,174.37,184.675,182.532,195.994,180.328,180.203,169.911,178.37,181.808,169.385,178.188,173.819,179.225,189.104,169.736,175.154,205.879,204.873,200.703,202.572,196.938,184.335,206.45,225.594,201.7,200.956,193.86,186.334,185.279,188.844,160.093,164.345,188.714,204.769,187.656,188.021
"416",20.75,73.425,72.711,82.334,89.726,70.741,74.735,72.955,84.78,81.225,78.746,186.924,192.206,194.183,193.205,181.7,196.539,187.85,214.817,172.808,198.705,193.002,189.194,220.404,190.849,189.279,206.243,207.477,226.27,204.148,195.954,NA,NA,NA,NA,NA,NA,NA,NA,NA,NA,NA,NA,NA,NA,NA,NA,NA,NA,NA,NA,162.922,148.961,140.346,151.107,156.278,138.982,156.197,183.981,152.807,175.401,161.677,161.606,146.363,177.788,148.427,159.02,160.902,177.251,168.273,172.116,173.098,176.267,158.567,173.128,165.167,167.945,169.53,188.067,167.582,173.342,160.574,NA,164.153,154.088,160.279,162.127,160.415,172.864,156.756,156.904,178.38,185.643,180.454,186.363,174.699,184.546,182.762,195.676,180.672,180.254,169.879,176.093,181.357,169.262,177.762,173.949,179.384,188.1,170.416,175.245,206.612,205.54,201.505,204.02,199.012,184.345,206.445,223.325,202.573,201.023,193.742,187.369,185.323,188.104,159.513,164.446,188.87,204.455,187.996,187.943
"417",20.8,73.416,72.081,81.626,89.091,69.733,74.737,72.94,84.785,81.479,78.74,186.793,190.916,193.926,192.075,179.173,196.558,187.862,215.39,172.179,198.62,193.082,189.602,222.275,190.473,191.116,206.323,207.318,225.698,203.522,195.926,NA,NA,NA,NA,NA,NA,NA,NA,NA,NA,NA,NA,NA,NA,NA,NA,NA,NA,NA,NA,162.919,149.014,139.71,151.483,156.237,138.892,156.189,183.209,152.858,175.503,161.62,162.139,146.537,179.099,147.802,158.928,160.96,178.525,168.31,172.061,173.064,176.095,158.633,173.856,166.82,167.808,169.512,189.44,166.569,173.485,160.58,NA,163.008,155.277,161.349,162.051,160.412,172.704,157.482,156.931,178.536,184.818,180.89,187.191,176.443,184.606,182.834,196.136,180.531,180.359,169.963,177.489,181.206,169.828,176.744,173.895,179.328,189.298,170.376,175.324,205.939,206.314,200.426,203.141,197.218,184.415,206.479,224.099,200.454,201.033,193.768,184.607,185.741,188.323,158.912,164.419,188.912,205.056,187.511,188.121
"418",20.85,73.376,72.868,81.939,89.329,70.458,74.744,72.909,85.044,81.183,78.769,186.956,191.961,193.674,192.353,179.916,196.471,188.028,215.483,171.908,198.673,193.114,188.567,220.643,191.112,189.991,206.268,207.47,225.029,203.715,196.186,NA,NA,NA,NA,NA,NA,NA,NA,NA,NA,NA,NA,NA,NA,NA,NA,NA,NA,NA,NA,162.923,148.944,139.75,150.729,157.247,138.857,156.21,183.642,152.811,175.299,161.621,160.947,146.179,177.397,145.753,158.871,160.841,176.92,169.031,172.094,173.071,175.664,157.634,173.549,166.711,167.813,169.36,188.147,167.276,173.53,160.371,NA,163.019,155.429,162.112,162.099,160.295,173.183,156.725,156.959,178.622,185.876,180.583,185.472,172.873,184.76,182.836,195.88,180.446,180.339,170.071,177.787,180.148,169.806,176.074,174.05,179.524,189.257,171.716,175.364,205.943,206.212,202.293,203.854,199.403,184.398,206.374,225.998,201.082,201.01,193.776,186.826,185.755,188.196,159.977,164.282,188.964,205.607,187.747,188.191
"419",20.9,73.394,72.431,81.858,89.022,69.481,74.738,72.945,84.873,81.517,78.718,187.013,191.724,193.165,191.977,180.733,196.657,187.945,215.325,172.991,198.618,192.929,188.454,221.129,191.106,190.268,206.167,207.345,225.592,203.283,196.036,NA,NA,NA,NA,NA,NA,NA,NA,NA,NA,NA,NA,NA,NA,NA,NA,NA,NA,NA,NA,162.88,148.613,139.089,151.334,157.624,138.769,156.002,183.963,153.186,175.456,161.602,160.18,146.422,177.845,146.861,158.813,160.791,177.829,169.141,171.983,173.037,176.136,158.3,172.59,165.796,167.853,169.466,187.929,167.495,173.435,160.374,NA,162.546,154.741,161.245,162.065,160.521,172.976,157.348,156.984,178.652,184.289,180.533,187.819,174.774,184.585,182.871,196.126,181.042,180.331,169.915,177.21,183.021,169.807,177.697,173.906,179.361,187.636,170.734,175.493,205.92,205.177,202.235,202.727,196.421,184.452,206.481,224.821,201.826,200.945,193.752,185.879,184.295,188.501,158.652,164.472,189.154,204.947,188.046,188.037
"420",20.95,73.255,72.501,81.814,88.557,69.771,74.734,72.906,84.659,81.332,78.718,187.068,190.861,193.755,192.753,180.577,196.471,187.976,215.898,172.422,198.66,193.107,188.635,222.039,191.719,189.658,206.119,207.347,225.473,202.943,195.88,NA,NA,NA,NA,NA,NA,NA,NA,NA,NA,NA,NA,NA,NA,NA,NA,NA,NA,NA,NA,162.741,148.527,138.624,151.676,155.777,138.815,156,183.284,153.073,175.473,161.522,161.519,146.394,178.417,147.427,158.761,160.736,177.469,168.58,172.016,173.133,174.91,158.386,173.127,165.772,167.922,169.46,188.042,167.555,173.555,160.464,NA,163.275,155.179,161.521,162.019,160.36,172.651,157.808,157.069,178.738,184.783,181.14,187.616,173.363,184.668,182.83,195.506,180.782,180.518,170.166,177.379,181.831,170.324,178.21,173.943,179.667,188.579,171.285,175.336,205.947,206.245,200.252,202.941,198.294,184.42,206.645,225.882,201.171,201.024,193.885,187.902,184.515,188.916,159.639,164.446,189.26,206.018,187.909,188.12
"421",21,73.295,72.698,81.63,88.997,70.245,74.715,72.831,84.921,81.234,78.728,187.07,192.482,193.892,192.774,178.877,196.344,188.002,216.378,171.78,198.727,192.842,188.098,220.308,190.922,189.06,206.297,207.389,225.768,203.418,195.932,NA,NA,NA,NA,NA,NA,NA,NA,NA,NA,NA,NA,NA,NA,NA,NA,NA,NA,NA,NA,162.763,148.22,140.009,150.425,156.479,138.741,156.046,183.219,153.385,175.448,161.566,160.947,146.64,177.971,148.378,158.761,160.791,177.007,168.484,171.999,173.017,176.266,158.565,172.125,165.988,167.86,169.557,187.091,167.969,173.476,160.399,NA,162.046,155.476,161.189,161.986,160.268,172.415,157.233,157.008,178.891,184.051,179.496,187.692,173.17,184.801,182.906,195.167,180.231,180.516,170.194,178.163,181.71,169.996,178.311,174.039,179.764,188.323,171.092,175.416,205.991,205.679,200.997,202.777,194.77,184.352,206.485,225.118,201.207,200.99,193.869,187.041,185.086,189.335,158.74,164.415,189.076,204.509,187.703,188.143
"422",21.05,73.222,72.457,81.607,88.426,70.75,74.761,72.826,84.974,81.495,78.764,187.104,192.332,193.327,192.282,181.006,196.294,188.237,215.02,173.086,198.634,192.844,189.119,222.082,191.318,189.13,206.141,207.464,225.036,204.405,195.937,NA,NA,NA,NA,NA,NA,NA,NA,NA,NA,NA,NA,NA,NA,NA,NA,NA,NA,NA,NA,162.633,149.157,138.987,151.327,157.712,138.671,155.962,184.332,152.766,175.264,161.447,161.804,147.367,178.814,147.605,158.635,160.712,177.248,168.423,172.009,173.034,175.943,157.875,172.459,166.99,167.977,169.506,187.412,167.333,173.405,160.41,NA,162.837,154.847,160.469,161.97,160.383,172.488,157.271,156.991,179.044,185.522,180.529,187.664,174.243,184.842,182.988,195.367,180.774,180.481,170.18,176.697,182.286,170.39,177.423,173.996,179.714,188.709,171.28,175.403,205.953,204.386,200.916,203.676,197.911,184.479,206.545,225.739,201.191,201.118,193.876,186.644,185.093,189.567,159.269,164.499,189.092,206.062,188.322,188.257
"423",21.1,73.319,72.456,81.715,88.452,72.365,74.751,72.802,83.983,81.299,78.742,187.228,191.666,195.055,192.702,181.622,196.313,188.064,215.392,172.161,198.607,192.985,188.328,220.979,191.031,189.676,206.435,207.358,225.538,202.966,195.824,NA,NA,NA,NA,NA,NA,NA,NA,NA,NA,NA,NA,NA,NA,NA,NA,NA,NA,NA,NA,162.67,149.485,139.156,151.467,156.294,138.505,156.027,183.876,152.501,175.35,161.47,161.973,146.204,178.59,147.537,158.496,160.728,177.275,168.379,172.1,173.013,176.186,159.087,173.172,167.499,167.719,169.479,187.978,168.016,173.454,160.464,NA,162.366,155.195,162.782,161.981,160.361,173.95,157.279,156.905,178.903,184.81,180.909,187.62,175.805,184.735,182.913,197.25,181.403,180.672,170.258,177.824,181.362,170.842,178.24,174.017,179.75,188.725,170.321,175.503,205.907,205.787,199.814,202.811,196.278,184.399,206.669,226.125,201.282,201.06,193.913,186.395,185.254,188.423,159.122,164.446,189.106,204.351,187.832,188.249
"424",21.15,73.313,72.613,82.232,88.863,73.222,74.707,72.804,85.398,81.175,78.716,187.084,192.613,195.369,193.743,182.081,196.277,188.271,214.816,172.385,198.711,192.952,188.848,220.798,192.836,187.512,206.366,207.551,226.288,202.011,196.024,NA,NA,NA,NA,NA,NA,NA,NA,NA,NA,NA,NA,NA,NA,NA,NA,NA,NA,NA,NA,162.624,148.358,139.096,150.901,155.049,138.335,155.999,184.295,153.034,175.362,161.411,160.883,145.93,177.488,148.116,158.513,160.66,177.086,167.477,171.969,173.068,176.05,157.878,172.232,167.282,167.818,169.425,187.85,167.953,173.557,160.436,NA,162.585,154.862,160.825,161.827,160.307,172.708,157.931,156.986,179.135,184.714,180.718,186.869,177.24,184.902,182.957,197.781,181.082,180.624,170.297,179.091,182.201,169.721,177.026,174.08,179.82,189.845,171.245,175.578,205.817,206.266,200.133,203.505,197.243,184.46,206.586,224.583,201.364,201.02,194.002,187.263,184.507,188.822,160.059,164.572,189.172,205.419,187.625,188.232
"425",21.2,73.278,72.831,81.272,88.165,73.251,74.708,72.844,84.755,81.243,78.75,187.305,190.608,193.651,193.364,181.184,196.418,188.234,216.12,173.124,198.705,192.741,187.568,220.396,191.76,190.316,206.324,207.337,224.247,202.616,195.955,NA,NA,NA,NA,NA,NA,NA,NA,NA,NA,NA,NA,NA,NA,NA,NA,NA,NA,NA,NA,162.551,148.592,138.733,150.599,156.208,138.332,155.924,184.531,151.865,175.333,161.431,161.865,146.821,177.38,146.043,158.442,160.605,177.199,168.128,171.912,173.039,175.718,157.293,172.702,166.813,167.76,169.347,189.468,167.366,173.46,160.477,NA,163.002,154.643,161.496,161.952,160.308,173.198,157.58,156.887,179.276,184.796,182.155,187.247,177.293,184.842,183.119,196.769,180.675,180.646,170.45,178.406,181.082,170.877,179.529,174.108,179.931,189.671,171.523,175.711,205.84,205.719,200.13,201.619,197.026,184.289,206.618,226.002,200.85,200.953,193.833,186.561,184.83,188.682,158.648,164.601,189.283,206.457,188.407,188.355
"426",21.25,73.178,72.513,81.589,88.182,73.164,74.766,72.925,84.575,81.548,78.717,187.355,192.779,193.957,193.605,179.337,196.225,188.086,214.731,172.728,198.689,192.793,187.489,220.507,190.704,188.171,206.293,207.41,226.161,202.764,196.094,NA,NA,NA,NA,NA,NA,NA,NA,NA,NA,NA,NA,NA,NA,NA,NA,NA,NA,NA,NA,162.435,148.757,138.946,151.027,154.85,138.282,155.989,183.565,152.621,175.312,161.515,161.49,146.283,178.265,147.262,158.506,160.489,176.729,169.168,171.993,173.031,176.229,158.504,173.226,167.555,167.814,169.228,188.061,167.762,173.466,160.485,NA,162.705,155.696,161.3,161.997,160.256,174.787,156.904,156.988,179.207,185.276,180.257,187.053,175.609,184.929,183.23,196.136,180.821,180.531,170.527,177.798,180.878,170.467,178.301,174.286,179.916,189.427,171.261,175.667,205.828,205.233,201.273,203.244,199.304,184.459,206.468,225.335,201.632,200.994,193.961,185.899,185.147,188.394,158.906,164.542,189.363,205.745,188.165,188.396
"427",21.3,73.141,72.747,81.419,88.086,72.701,74.701,72.935,84.908,81.63,78.714,187.248,192.888,194.822,192.828,181.93,196.379,188.233,215.215,172.351,198.645,192.762,190.373,223.079,190.954,189.211,206.353,207.364,226.118,203.013,195.911,NA,NA,NA,NA,NA,NA,NA,NA,NA,NA,NA,NA,NA,NA,NA,NA,NA,NA,NA,NA,162.553,148.763,138.666,151.213,155.716,138.199,155.983,183.863,152.224,175.459,161.377,161.212,146.796,178.169,147.658,158.371,160.475,177.869,168.876,172.031,172.965,175.542,158.372,173.045,165.923,167.885,169.363,188.026,167.363,173.53,160.41,NA,163.361,154.58,161.351,161.998,160.313,173.471,157.081,156.943,179.357,184.496,180.919,188.101,174.865,184.919,183.096,197.699,180.859,180.811,170.63,177.611,182.181,170.181,178.524,174.248,179.907,188.587,171.061,175.866,205.913,205.39,200.608,203.298,195.201,184.32,206.51,224.831,200.842,201.061,194.096,185.731,184.302,188.492,159.63,164.683,189.261,206.358,187.361,188.448
"428",21.35,73.147,72.021,81.493,88.106,73.012,74.68,72.935,84.381,81.434,78.78,187.356,192.688,194.212,192.653,181.756,196.142,188.181,216.091,172.815,198.658,192.678,186.925,220.605,191.474,188.813,206.353,207.256,225.34,202.676,195.922,NA,NA,NA,NA,NA,NA,NA,NA,NA,NA,NA,NA,NA,NA,NA,NA,NA,NA,NA,NA,162.499,148.54,139.259,150.696,154.902,138.282,155.949,184.296,152.479,175.39,161.394,160.991,145.881,178.089,147.895,158.347,160.444,176.966,168.298,172.041,172.956,175.527,157.967,172.894,166.407,167.795,169.317,188.6,167.398,173.639,160.536,NA,162.859,155.143,162.642,162.044,160.449,172.209,157.246,156.981,179.469,184.299,181.273,188.589,175.422,184.796,183.288,196.262,180.489,180.833,170.716,176.979,182.094,170.713,179.034,174.304,180.286,190.135,171.228,175.735,205.882,206.293,201.02,203.56,196.841,184.362,206.645,225.358,201.801,201.048,193.996,187.107,184.855,189.502,158.559,164.669,189.23,206.261,188.33,188.467
"429",21.4,73.241,72.49,81.164,87.673,73.045,74.673,72.886,85.091,81.566,78.72,187.386,192.717,193.313,195.112,179.697,196.162,188.581,215.761,173.37,198.603,192.86,187.44,222.072,190.044,187.535,206.296,207.41,224.365,203.038,195.857,NA,NA,NA,NA,NA,NA,NA,NA,NA,NA,NA,NA,NA,NA,NA,NA,NA,NA,NA,NA,162.488,148.254,138.911,150.461,156.858,138.243,155.927,183.219,152.024,175.387,161.418,161.594,145.483,178.401,146.607,158.351,160.542,176.643,167.941,171.921,172.913,174.326,157.88,172.285,165.762,167.721,169.453,188.722,167.464,173.559,160.391,NA,162.76,155.504,162.405,161.92,160.251,173.756,157.438,156.822,179.446,183.783,182.599,187.496,175.352,185.029,183.332,196.373,181.506,180.716,170.714,176.893,181.436,170.35,179.123,174.317,180.069,188.15,171.823,175.92,205.922,205.708,201.51,204.225,196.757,184.304,206.658,224.991,201.449,200.948,194.039,187.561,186.218,188.444,159.531,164.69,189.274,205.276,187.698,188.592
"430",21.45,73.162,72.771,81.966,87.742,73.277,74.688,72.912,85.193,81.551,78.75,187.313,193.281,194.285,193.234,180.139,196.207,188.503,215.363,172.938,198.387,192.79,187.56,221.67,191.419,188.697,206.336,207.537,224.61,201.817,195.914,NA,NA,NA,NA,NA,NA,NA,NA,NA,NA,NA,NA,NA,NA,NA,NA,NA,NA,NA,NA,162.425,148.838,138.84,149.939,155.716,138.332,156.007,184.384,152.674,175.221,161.223,160.344,145.988,177.391,147.902,158.302,160.398,177.43,168.283,172.042,172.869,175.607,157.939,172.423,166.131,167.66,169.289,188.033,167.966,173.414,160.397,NA,163.037,155.141,160.945,161.964,160.35,173.963,157.082,156.884,179.467,186.625,180.33,188.282,174.973,185.248,183.28,194.434,181.03,181.019,170.782,177.65,182.093,171.184,179.609,174.345,180.162,189.614,171.928,175.951,205.809,205.604,201.364,203.623,197.733,184.4,206.34,224.352,201.009,200.902,194.05,187.628,185.549,188.781,159.595,164.741,189.434,207.108,187.321,188.641
"431",21.5,73.208,72.676,81.684,88.227,72.455,74.718,72.759,85.228,81.065,78.686,187.413,193.724,192.903,192.23,180.118,196.04,188.613,215.664,173.355,198.513,192.688,189.466,223.387,191.484,188.855,206.356,207.518,224.277,202.983,196.019,NA,NA,NA,NA,NA,NA,NA,NA,NA,NA,NA,NA,NA,NA,NA,NA,NA,NA,NA,NA,162.389,149.14,139.274,150.651,155.162,138.343,155.871,182.921,152.562,175.382,161.316,160.246,146.204,177.139,146.488,158.193,160.41,177.017,168.308,172.034,172.892,174.763,157.099,172.295,165.891,167.752,169.384,188.151,167.374,173.55,160.357,NA,163.7,155.38,160.186,161.899,160.318,173.446,157.858,156.874,179.634,185.145,180.878,186.917,176.19,184.981,183.412,196.873,180.662,180.974,170.879,178.259,182.666,170.171,178.101,174.427,180.3,189.235,171.766,176.016,205.9,204.711,200.676,202.083,197.479,184.417,206.482,225.444,201.289,200.907,194.06,187.547,184.666,188.852,160.67,164.601,189.397,205.959,188.009,188.6
"432",21.55,73.119,72.051,81.311,87.93,72.974,74.741,72.741,85.136,80.856,78.753,187.558,192.755,195.05,193.257,180.921,196.121,188.599,215.492,173.487,198.557,192.75,187.52,220.646,190.644,190.039,206.415,207.25,225.823,203.144,196.065,NA,NA,NA,NA,NA,NA,NA,NA,NA,NA,NA,NA,NA,NA,NA,NA,NA,NA,NA,NA,162.302,148.974,139.021,150.636,155.585,138.194,155.92,183.954,152.702,175.254,161.288,160.436,146.124,178.224,147.105,158.277,160.363,175.116,168.159,171.912,172.904,174.782,157.713,172.754,167.396,167.673,169.329,188.299,166.718,173.455,160.412,NA,163.2,154.62,160.694,161.939,160.395,173.588,157.913,156.956,179.624,184.363,179.845,187.395,175.978,184.917,183.328,196.667,181.708,180.777,170.877,178.407,182.124,171.383,178.051,174.464,180.169,189.164,171.498,176.027,205.93,206.798,201.096,204.477,195.776,184.324,206.457,224.561,201.109,201.047,194.162,187.373,185.152,189.561,159.239,164.704,189.497,206.168,187.94,188.698
"433",21.6,73.189,72.8,81.36,87.511,73.012,74.735,72.821,84.749,81.558,78.745,187.528,193.593,192.761,192.668,180.859,196.251,188.7,214.417,173.483,198.531,192.795,188.089,222.101,190.249,189.765,206.213,207.248,224.473,203.098,195.949,NA,NA,NA,NA,NA,NA,NA,NA,NA,NA,NA,NA,NA,NA,NA,NA,NA,NA,NA,NA,162.34,148.868,138.87,150.676,156.786,138.135,155.778,183.384,152.682,175.336,161.303,161.689,145.646,178.032,148.014,158.134,160.424,176.705,167.968,171.998,172.836,175.121,158.553,172.891,165.022,167.761,169.486,189.134,167.379,173.498,160.411,NA,163.456,154.464,162.091,162.001,160.118,173.391,157.028,156.939,179.839,184.595,180.918,187.724,176.575,185.005,183.337,197.85,181.448,180.956,171.043,178.827,183.033,171.699,179.063,174.523,180.292,188.92,171.848,176.146,205.832,205.734,199.802,202.062,198.059,184.437,206.538,224.615,201.297,201.131,194.187,186.986,185.308,188.174,160.92,164.755,189.393,204.089,188.328,188.681
"434",21.65,73.071,72.752,81.234,87.115,72.88,74.678,72.799,85.011,81.25,78.762,187.686,192.91,192.892,192.985,180.823,195.994,188.66,214.687,173.454,198.524,192.702,189.751,220.518,191.054,189.405,206.387,207.479,224.626,203.26,195.876,NA,NA,NA,NA,NA,NA,NA,NA,NA,NA,NA,NA,NA,NA,NA,NA,NA,NA,NA,NA,162.335,147.092,138.339,150.644,156.257,138.044,155.899,183.26,152.899,175.388,161.28,159.95,145.864,177.265,145.662,158.211,160.529,176.836,167.829,171.932,172.838,176.388,157.055,171.386,167.149,167.756,169.613,187.949,167.164,173.54,160.405,NA,162.879,154.873,160.093,161.94,160.391,172.963,156.773,156.864,179.939,185.601,181.546,187.681,176.274,185.239,183.43,196.438,181.735,180.908,171.059,178.166,181.911,171.598,176.263,174.473,180.529,188.741,171.312,176.184,205.958,205.384,200.734,202.89,197.098,184.402,206.536,224.473,200.75,200.97,194.255,187.37,184.916,189.007,161.227,164.852,189.57,204.993,188.535,188.721
"435",21.7,73.103,72.59,81.373,87.532,73.05,74.693,72.84,84.73,81.122,78.745,187.67,191.626,194.015,192.32,181.24,196.026,188.787,215.331,173.599,198.462,192.519,187.859,221.969,191.248,188.628,206.354,207.471,223.925,203.149,195.938,NA,NA,NA,NA,NA,NA,NA,NA,NA,NA,NA,NA,NA,NA,NA,NA,NA,NA,NA,NA,162.28,148.51,137.993,150.688,155.817,138.121,155.785,183.291,152.835,175.23,161.287,159.69,145.788,179.074,147.194,158.077,160.469,175.152,167.263,171.93,172.765,176.691,158.121,172.433,166.029,167.748,169.231,188.513,167.123,173.465,160.425,NA,163.795,154.42,161.717,161.991,160.244,172.489,157.387,156.913,180.052,185.52,181.404,187.757,176.014,185.291,183.402,197.3,180.945,180.918,171.019,177.431,182.234,171.064,179.305,174.646,180.454,189.382,172.934,176.212,205.822,205.679,201.404,202.039,195.509,184.343,206.421,225.971,201.873,201.016,194.043,188.123,185.854,189.05,161.179,164.85,189.451,205.183,188.345,188.786
"436",21.75,73.106,72.853,81.531,87.442,73.933,74.694,72.842,85.042,81.191,78.727,187.657,191.525,194.754,193.081,181.944,196.096,188.79,215.906,173.686,198.375,192.581,188.092,220.235,191.566,187.827,206.413,207.38,224.532,203.206,195.939,NA,NA,NA,NA,NA,NA,NA,NA,NA,NA,NA,NA,NA,NA,NA,NA,NA,NA,NA,NA,162.232,148.582,138.371,150.895,156.318,138.037,155.781,183.553,152.653,175.295,161.198,161.555,146.443,178.341,146.716,157.927,160.339,177.303,167.575,171.884,172.837,175.694,157.532,172.94,166.054,167.531,169.251,188.128,167.27,173.475,160.32,NA,163.138,154.625,161.313,161.904,160.29,173.361,156.63,156.892,179.949,184.323,181.576,187.896,175.651,185.264,183.603,197.405,181.496,181.009,171.101,178.424,182.97,171.645,177.789,174.604,180.549,189.592,171.729,176.144,205.842,205.543,200.845,203.444,196.773,184.52,206.451,224.646,201.989,200.911,194.281,188.018,185.995,188.59,160.291,164.889,189.603,205.224,188.514,188.715
"437",21.8,73.092,71.966,82.109,87.555,72.617,74.676,72.909,84.474,81.31,78.753,187.725,193.661,193.352,193.255,180.841,195.978,188.745,215.477,173.532,198.56,192.561,187.965,221.022,190.987,188.269,206.354,207.566,226.085,203.059,195.893,NA,NA,NA,NA,NA,NA,NA,NA,NA,NA,NA,NA,NA,NA,NA,NA,NA,NA,NA,NA,162.235,148.85,138.004,150.091,154.822,138.082,155.757,182.296,151.546,175.439,161.23,160.723,145.012,178.143,148.212,158.142,160.276,177.216,167.648,171.979,172.75,177.333,158.722,173.294,166.214,167.605,169.235,188.918,167.508,173.548,160.339,NA,163.159,155.265,161.268,161.914,160.102,173.458,157.463,156.86,179.958,184.713,182.488,187.709,175.101,185.361,183.677,197.197,181.513,180.931,171.153,178.232,181.878,171.38,176.904,174.623,180.786,189.421,172.215,176.254,205.841,204.141,202.828,203.039,196.868,184.285,206.434,225.726,201.187,200.798,194.268,187.031,184.198,188.896,161.969,164.73,189.595,206.127,188.816,188.785
"438",21.85,73.076,72.717,81.023,87.083,72.874,74.69,72.858,84.757,81.361,78.709,187.783,192.058,194.324,193.894,181.505,196.034,188.937,214.512,173.608,198.543,192.669,188.36,224.153,190.815,187.067,206.259,207.491,224.166,203.111,195.993,NA,NA,NA,NA,NA,NA,NA,NA,NA,NA,NA,NA,NA,NA,NA,NA,NA,NA,NA,NA,162.268,149.235,137.63,149.925,156.467,137.756,155.527,183.694,152.749,175.296,161.08,160.77,145.162,179.293,147.6,157.945,160.68,177.258,167.92,171.903,172.745,176.665,158.103,172.63,164.94,167.756,169.391,188.946,167.603,173.574,160.388,NA,162.531,155.376,160.277,161.95,160.441,172.794,157.202,156.922,180.26,185.137,183.479,189.453,176.301,185.131,183.655,197.696,181.589,181.184,171.237,177.388,181.126,172.316,178.253,174.825,180.579,189.513,171.882,176.367,205.826,205.258,200.602,202.346,196.839,184.405,206.527,225.547,202.067,201.015,194.312,187.8,184.671,189.663,160.893,164.879,189.717,206.112,188.697,188.814
"439",21.9,73.062,72.077,81.67,87.054,72.994,74.7,72.834,84.748,81.271,78.704,187.752,192.358,195.794,193.057,183.384,195.98,188.802,215.328,174.17,198.537,192.61,187.728,222.218,190.556,188.624,206.191,207.442,225.387,202.466,195.785,NA,NA,NA,NA,NA,NA,NA,NA,NA,NA,NA,NA,NA,NA,NA,NA,NA,NA,NA,NA,162.183,148.474,138.49,150.23,155.448,137.84,155.706,183.382,152.776,175.26,161.055,159.812,145.134,178.187,147.589,157.91,160.549,177.922,167.781,171.881,172.722,176.168,157.262,171.851,166.373,167.67,169.365,189.072,167.741,173.59,160.336,NA,163.854,154.738,161.533,161.941,160.113,172.94,157.045,156.846,180.266,184.841,180.769,187.982,176.396,185.24,183.663,198.184,182.07,181.221,171.261,178.542,182.252,172.408,179.041,174.743,180.783,189.936,172.834,176.377,205.78,206.401,201.355,203.066,196.099,184.519,206.358,224.722,201.168,200.917,194.363,187.06,185.85,189.65,159.221,164.822,189.871,205.86,188.946,188.978
"440",21.95,72.955,72.142,81.199,86.996,72.298,74.686,72.812,84.863,80.993,78.706,187.957,191.801,194.564,193.442,182.746,195.951,188.784,214.089,173.905,198.465,192.618,187.85,220.9,190.503,187.683,206.423,207.29,225.632,202.881,195.905,NA,NA,NA,NA,NA,NA,NA,NA,NA,NA,NA,NA,NA,NA,NA,NA,NA,NA,NA,NA,162.099,147.671,138.299,149.723,154.375,137.634,155.681,182.745,151.708,175.493,161.091,160.576,145.267,177.622,146.077,157.779,163.394,176.545,167.917,171.867,172.713,175.996,157.505,172.949,166.706,167.8,169.297,188.454,167.789,173.669,160.365,NA,162.425,154.94,161.612,161.864,160.144,172.853,156.897,156.877,180.399,185.435,182.534,187.669,176.988,185.311,183.806,198.283,181.675,181.161,171.453,177.674,182.573,171.871,178.198,174.865,180.911,189.378,172.576,176.352,205.912,204.315,201.436,202.097,197.062,184.431,206.507,225.386,201.155,200.962,194.291,187.517,186.922,189.604,161.864,164.858,189.83,205.724,189.132,188.92
"441",22,73.054,72.196,81.825,86.703,72.06,74.651,72.799,85.536,80.936,78.749,187.951,192.165,193.185,194.094,182.408,195.924,189.213,215.106,174.067,198.495,192.468,188.157,221.969,190.775,187.481,206.435,207.527,226.045,202.957,195.854,NA,NA,NA,NA,NA,NA,NA,NA,NA,NA,NA,NA,NA,NA,NA,NA,NA,NA,NA,NA,162.048,148.973,137.88,150.712,154.266,137.617,155.705,181.762,152.462,175.179,161.059,159.956,145.096,178.519,146.658,157.884,161.945,176.708,168.123,171.851,172.673,175.976,158.032,172.749,165.748,167.774,169.332,188.716,167.35,173.485,160.329,NA,162.785,154.267,161.876,161.836,160.212,174.103,157.845,157.048,180.486,186.261,182.532,188.075,176.883,185.297,183.696,197.3,181.05,181.21,171.386,179.585,182.779,171.19,178.372,174.825,180.855,189.376,172.635,176.534,205.83,204.195,200.278,203.275,197.126,184.458,206.526,224.366,201.494,201.056,194.396,187.871,185.6,189.092,159.811,164.786,189.699,205.275,188.516,189.027
"442",22.05,73.079,72.424,81.744,86.316,73.034,74.679,72.795,85.021,81.113,78.732,187.951,192.265,194.665,193.241,181.493,195.931,189.062,215.407,174.634,198.524,192.408,188.082,222.287,191.544,188.494,206.343,207.368,225.817,202.551,195.97,NA,NA,NA,NA,NA,NA,NA,NA,NA,NA,NA,NA,NA,NA,NA,NA,NA,NA,NA,NA,161.997,149.019,137.844,149.799,156.158,137.721,155.721,182.6,151.936,175.309,161.235,161.279,145.104,176.73,145.933,157.738,160.848,175.44,167.238,171.992,172.522,174.507,158.029,173.363,164.953,167.61,169.523,188.885,167.348,173.472,160.428,NA,162.735,154.347,160.838,161.825,160.329,173.856,157.692,156.83,180.385,185.746,182.97,188.302,174.326,185.353,183.941,196.6,181.505,181.316,171.52,179.072,181.562,172.461,179.227,174.738,180.975,189.806,172.029,176.524,205.801,205.264,199.618,201.189,195.538,184.273,206.221,223.573,201.67,201.02,194.35,186.851,186.233,189.596,160.771,164.97,189.731,205.031,188.411,189.064
"443",22.1,73.006,72.419,81.416,86.547,72.545,74.686,72.778,84.871,80.782,78.736,187.898,191.53,194.179,193.217,180.186,195.833,189.077,213.818,174.393,198.396,192.529,186.657,221.236,190.282,189.26,206.534,207.478,225.195,203.498,195.964,NA,NA,NA,NA,NA,NA,NA,NA,NA,NA,NA,NA,NA,NA,NA,NA,NA,NA,NA,NA,161.986,147.973,137.746,150.202,156.779,137.672,155.688,183.361,152.187,175.203,161.104,160.127,145.267,177.57,147.918,157.616,160.318,176.217,168.138,171.925,172.674,176.041,157.654,172.487,166.396,167.631,169.323,189.066,167.763,173.57,160.359,NA,163.452,155.115,162.437,161.939,160.277,173.482,157.111,156.75,180.684,185.5,183.603,188.508,175.53,185.402,183.791,198.317,181.505,181.354,171.547,177.737,182.694,171.66,180.212,174.947,181.081,189.951,171.849,176.665,205.767,204.966,199.534,202.595,198.573,184.306,206.405,224.761,201.683,201.066,194.441,186.581,185.447,189.205,160.405,165.073,189.912,205.284,188.725,189.04
"444",22.15,72.938,72.184,81.357,86.281,73.043,74.618,72.815,84.72,81.163,78.752,187.914,193.719,194.262,193.212,180.414,195.929,189.165,213.767,173.867,198.639,192.564,187.67,221.296,191.878,190.806,206.295,207.36,224.254,203.252,195.987,NA,NA,NA,NA,NA,NA,NA,NA,NA,NA,NA,NA,NA,NA,NA,NA,NA,NA,NA,NA,161.938,148.357,137.499,150.509,156.475,137.615,155.543,183.248,152.537,175.324,161.028,161.242,145.237,178.21,147.741,157.609,160.387,176.333,167.592,171.912,172.554,175.439,157.824,172.216,166.703,167.688,169.392,187.841,167.224,173.522,160.299,NA,163.165,154.761,161.731,161.896,160.182,173.744,157.491,156.846,180.672,185.778,181.858,188.666,175.714,185.267,183.907,198.541,182.591,181.287,171.627,178.453,181.693,172.462,179.561,174.925,181.147,189.692,171.955,176.666,205.856,205.98,200.932,202.56,196.851,184.364,206.44,225.38,201.505,200.975,194.476,188.139,185.279,189.551,162.454,164.95,189.947,205.819,188.295,189.275
"445",22.2,72.902,72.948,82.032,86.795,72.581,74.661,72.831,84.776,81.168,78.734,188.109,192.314,194.939,194.032,180.498,195.867,189.049,215.139,175.088,198.541,192.584,187.884,221.023,192.573,188.471,206.442,207.459,225.504,203.6,196.088,NA,NA,NA,NA,NA,NA,NA,NA,NA,NA,NA,NA,NA,NA,NA,NA,NA,NA,NA,NA,161.976,148.801,137.593,150.16,156.176,137.448,155.619,182.334,151.317,175.22,161.07,159.697,145.073,178.305,146.487,157.433,160.117,176.253,167.972,171.826,172.583,175.834,158.215,172.059,164.791,167.508,169.348,188.354,166.574,173.551,160.412,NA,162.501,155.155,161.195,161.847,160.315,172.385,156.968,156.958,180.75,184.447,182.52,188.356,176.861,185.373,183.998,199.231,181.731,181.254,171.725,178.428,182.683,172.311,178.629,175.047,181.12,190.112,172.262,176.699,205.779,205.521,199.93,203.544,196.053,184.479,206.525,224.743,202.57,200.948,194.707,187.297,185.199,190.56,161.395,165.05,189.923,206.635,188.865,189.197
"446",22.25,73.001,72.252,81.859,86.503,72.823,74.687,72.771,85.542,80.883,78.74,188.121,193.148,194.798,193.143,180.72,195.9,189.241,214.86,174.014,198.365,192.475,188.628,220.613,191.748,189.289,206.168,207.311,225.817,203.277,195.878,NA,NA,NA,NA,NA,NA,NA,NA,NA,NA,NA,NA,NA,NA,NA,NA,NA,NA,NA,NA,161.893,148.57,137.744,149.9,157,137.356,155.761,182.875,151.929,175.344,161.079,159.905,145.555,178.011,146.382,157.632,160.051,176.297,167.802,171.804,172.574,175.03,157.721,172.155,166.035,167.764,169.353,188.665,167.189,173.637,160.273,NA,161.681,154.638,162.051,161.779,160.218,171.879,157.323,156.858,180.742,185.602,181.777,188.309,177.165,185.486,183.921,199.161,182.617,181.377,171.796,178.432,182.359,172.375,179.25,175.103,181.157,191.38,172.618,176.732,205.803,205.556,203.392,203.445,196.779,184.354,206.501,223.922,201.684,200.947,194.516,186.393,185.358,188.835,161.986,165.124,189.867,205.65,188.827,189.244
"447",22.3,72.986,72.855,81.536,86.065,72.305,74.629,72.793,84.824,81.023,78.707,188.192,193.778,194.357,193.115,183.348,195.956,189.28,214.836,173.877,198.49,192.367,187.634,220.084,192.2,189.707,206.265,207.4,226.379,202.83,195.95,NA,NA,NA,NA,NA,NA,NA,NA,NA,NA,NA,NA,NA,NA,NA,NA,NA,NA,NA,NA,161.949,147.931,138.174,150.244,156.443,137.351,155.624,182.528,151.735,175.247,161.088,160.407,145.698,177.419,146.271,157.536,160.01,176.668,167.261,171.927,172.587,175.883,157.914,171.441,165.411,167.678,169.321,189.81,167.164,173.646,160.295,NA,162.926,155.076,161.948,161.919,160.288,173.338,156.933,156.825,180.979,184.446,181.881,187.59,176.617,185.345,184.067,197.125,181.477,181.375,171.893,178.094,181.256,172.787,178.838,175.061,181.302,190.208,172.381,176.878,205.847,205.531,202.02,203.782,196.984,184.454,206.306,226.475,201.596,200.854,194.655,187.418,186.774,189.172,160.616,165.194,189.993,204.859,188.95,189.52
"448",22.35,72.958,72.264,81.076,86.36,72.507,74.671,72.764,84.586,80.81,78.725,188.214,192.429,193.681,193.26,181.791,195.756,189.229,214.047,174.18,198.283,192.424,187.591,219.327,191.776,189.131,206.342,207.354,225.038,204.059,195.97,NA,NA,NA,NA,NA,NA,NA,NA,NA,NA,NA,NA,NA,NA,NA,NA,NA,NA,NA,NA,161.966,147.784,137.406,150.491,155.041,137.288,155.523,183.363,151.458,175.215,161.003,159.931,145.147,178.175,147.169,157.592,160.051,177.041,167.534,171.91,172.467,175.248,157.752,171.472,166.208,167.544,169.364,187.921,166.577,173.63,160.257,NA,161.674,155.151,162.178,161.834,160.362,173.225,157.607,156.731,180.993,185.649,181.774,187.085,178.712,185.549,183.987,197.82,182.047,181.407,171.916,177.4,182.009,172.839,178.773,175.244,181.132,191.633,172.682,176.878,205.846,206.413,201.033,203.646,196.674,184.335,206.43,226.632,201.436,200.928,194.572,187.053,186.021,190.853,162.06,165.124,190.099,205.875,189.336,189.294
"449",22.4,72.891,72.644,81.665,86.215,72.719,74.669,72.651,84.686,81.086,78.748,188.144,193.769,193.131,194.161,181.704,195.858,189.428,214.987,174.251,198.288,192.42,188.544,220.58,191.248,188.701,206.383,207.488,225.657,203.445,195.885,NA,NA,NA,NA,NA,NA,NA,NA,NA,NA,NA,NA,NA,NA,NA,NA,NA,NA,NA,NA,161.91,147.765,137.347,149.862,154.726,137.227,155.491,183.022,151.812,175.285,160.925,160.921,144.879,177.974,146.461,157.3,159.925,176.353,168.005,171.882,172.43,175.221,158.101,171.178,166.891,167.454,169.187,188.119,167.328,173.484,160.239,NA,162.924,154.629,159.361,161.767,160.226,172.444,157.449,156.763,181.081,184.341,181.015,188.166,176.39,185.468,184.178,198.034,182.394,181.494,172.081,179.715,183.095,172.756,178.487,175.129,181.518,190.343,173.021,176.992,205.752,204.794,202.005,202.599,194.315,184.339,206.558,224.781,201.264,201.011,194.591,187.442,185.874,190.301,161.854,165.232,190.073,206.526,188.832,189.408
"450",22.45,72.927,72.39,81.21,86.079,72.56,74.672,72.556,85.003,81.144,78.704,188.242,192.673,193.819,193.692,182.704,195.852,189.461,214.751,174.613,198.575,192.272,187.667,220.815,192.637,189.512,206.368,207.446,224.816,202.718,195.957,NA,NA,NA,NA,NA,NA,NA,NA,NA,NA,NA,NA,NA,NA,NA,NA,NA,NA,NA,NA,161.727,147.852,137.765,150.466,154.565,137.314,155.455,183.328,151.441,175.3,161.045,160.457,145.002,177.549,146.147,157.344,160.03,176.589,167.377,171.968,172.49,174.589,157.945,171.996,165.56,167.513,169.145,188.929,166.299,173.607,160.272,NA,162.698,154.965,161.606,161.895,160.458,172.139,157.196,156.844,181.283,185.159,182.116,187.735,176.876,185.592,184.187,198.271,182.245,181.459,172.187,178.573,181.795,172.37,179.738,175.361,181.538,189.645,173.271,177.09,205.851,205.04,200.21,202.585,197.107,184.427,206.58,224.517,202.116,200.827,194.729,188.531,185.879,190.135,161.047,165.112,190.244,206.253,188.555,189.613
"451",22.5,72.926,72.09,81.389,86.218,72.273,74.647,72.555,85.219,80.495,78.745,188.192,194.379,194.782,194.147,182.621,195.805,189.52,215.311,174.313,198.549,192.306,186.948,220.53,190.259,187.788,206.494,207.264,226.193,203.69,196.002,NA,NA,NA,NA,NA,NA,NA,NA,NA,NA,NA,NA,NA,NA,NA,NA,NA,NA,NA,NA,161.732,148.581,137.277,150.014,155.019,137.077,155.432,183.264,151.522,175.255,161.024,159.588,144.845,177.739,146.885,157.338,159.987,175.836,167.194,171.839,172.428,175.8,156.66,172.385,166.091,167.467,169.364,189.494,167.63,173.501,160.289,NA,161.951,154.885,161.956,161.87,160.404,172.43,157.956,156.815,181.241,184.833,181.939,188.306,177.088,185.569,184.216,198.468,183.038,181.579,172.074,178.023,183.462,173.189,179.287,175.404,181.672,190.64,172.769,177.087,205.851,204.199,200.776,203.28,197.02,184.304,206.306,223.768,201.41,200.913,194.707,187.267,185.203,188.943,161.502,165.185,190.342,205.871,189.035,189.428
"452",22.55,72.845,72.367,81.398,86.353,72.268,74.659,72.516,85.006,80.94,78.723,188.358,194.372,194.495,194.214,180.127,195.773,189.705,214.008,174.621,198.452,192.2,187.381,221.962,191.931,189.025,206.245,207.417,223.899,203.303,195.916,NA,NA,NA,NA,NA,NA,NA,NA,NA,NA,NA,NA,NA,NA,NA,NA,NA,NA,NA,NA,161.66,147.377,137.778,150.272,156.094,136.993,155.622,182.858,151.367,175.271,160.929,160.046,144.576,177.764,146.436,157.32,160.13,176.926,167.796,171.857,172.503,175.486,156.812,171.617,165.489,167.631,169.385,188.215,167.401,173.654,160.317,NA,162.027,154.803,162.105,161.85,160.053,172.399,157.026,156.855,181.435,185.591,182.523,188.668,178.031,185.607,184.358,198.727,182.022,181.678,172.27,178.838,181.788,172.077,178.705,175.258,181.656,191.421,173.229,177.095,205.681,205.811,200.943,202.996,197.45,184.444,206.477,224.637,201.836,200.955,194.637,188.702,185.559,190.018,162.678,165.332,190.272,206.564,188.315,189.546
"453",22.6,72.908,71.943,81.469,85.818,72.602,74.652,72.556,84.865,81.03,78.678,188.399,193.314,195.529,194.614,182.69,195.723,189.699,214.294,175.12,198.454,192.105,188.543,220.91,192.307,187.817,206.389,207.465,225.884,203.489,195.959,NA,NA,NA,NA,NA,NA,NA,NA,NA,NA,NA,NA,NA,NA,NA,NA,NA,NA,NA,NA,161.666,147.223,137.322,150.245,156.812,137.037,155.42,183.402,151.609,175.239,161.004,159.849,144.625,178.045,146.179,157.266,159.891,176.369,167.834,171.721,172.559,175.467,156.813,171.426,165.388,167.528,169.192,188.07,167.311,173.696,160.349,NA,163.834,154.559,159.843,161.822,160.145,173.008,156.624,156.819,181.597,185.377,181.741,188.731,176.892,185.649,184.522,199.772,182.816,181.56,172.35,178.399,182.373,173.69,179.375,175.362,181.952,192.056,174.147,177.165,205.841,206.215,200.017,203.461,195.877,184.436,206.333,224.225,201.965,201.074,194.874,187.797,186.607,190.381,160.524,165.294,190.159,207.51,188.883,189.705
"454",22.65,72.89,72.09,81.483,86.203,72.564,74.647,72.556,84.971,81.032,78.731,188.558,193.156,195.463,194.693,182.525,195.687,189.626,214.123,174.574,198.416,192.161,188.322,221.382,192.017,189.158,206.372,207.334,224.817,203.741,195.936,NA,NA,NA,NA,NA,NA,NA,NA,NA,NA,NA,NA,NA,NA,NA,NA,NA,NA,NA,NA,161.661,147.073,137.871,149.429,155.448,136.919,155.388,183.74,150.892,175.214,161.095,160.933,144.517,177.812,146.603,157.328,159.847,174.921,167.72,171.918,172.54,175.605,157.629,171.441,166.174,167.507,169.344,188.395,167.364,173.678,160.265,NA,162.128,154.827,159.146,161.807,160.15,174.074,157.361,156.706,181.625,186.836,184.329,188.067,178.278,185.615,184.349,198.172,181.916,181.721,172.342,179.941,182.529,174.487,178.26,175.554,181.604,190.634,173.63,177.225,205.855,206.408,199.534,202.433,197.676,184.349,206.449,226.507,202.436,200.88,194.777,189.562,185.745,190.407,161.796,165.394,190.224,205.76,188.735,189.474
"455",22.7,72.845,71.817,81.921,85.869,72.974,74.64,72.5,84.893,80.931,78.711,188.397,194.148,195.327,194.044,180.679,195.679,189.903,214.572,174.877,198.458,192.221,188.749,223.395,190.928,190.635,206.449,207.329,224.722,202.099,195.818,NA,NA,NA,NA,NA,NA,NA,NA,NA,NA,NA,NA,NA,NA,NA,NA,NA,NA,NA,NA,161.562,148.137,137.777,149.195,155.494,136.926,155.39,183.023,151.11,175.183,160.976,159.96,144.357,178,145.126,157.172,159.988,175.741,167.231,171.864,172.481,175.519,157.276,171.864,165.317,167.55,169.253,187.942,166.952,173.547,160.301,NA,163.038,155.018,160.95,161.837,160.163,171.735,156.93,156.909,181.611,185.544,183.219,188.031,178.276,185.703,184.615,198.725,182.11,181.764,172.438,179.697,182.199,172.871,180.3,175.459,181.989,190.969,173.282,177.177,205.657,206.055,201.677,202.7,197.807,184.357,206.451,223.959,201.884,201.043,194.727,187.199,185.87,189.599,160.479,165.379,190.335,206.255,188.335,189.681
"456",22.75,72.799,72.728,81.322,85.494,72.558,74.659,72.424,84.662,80.899,78.755,188.521,193.953,195.451,194.618,182.271,195.768,189.799,214.938,175.064,198.311,192.058,186.681,222.179,191.523,188.528,206.298,207.424,223.66,203.006,195.817,NA,NA,NA,NA,NA,NA,NA,NA,NA,NA,NA,NA,NA,NA,NA,NA,NA,NA,NA,NA,161.575,147.333,137.095,150.067,155.466,136.834,155.516,183.739,151.5,175.359,160.946,160.38,145.23,177.029,146.819,157.115,160.084,175.587,167.663,171.777,172.388,176.511,157.518,171.813,166.79,167.431,169.311,188.984,166.842,173.512,160.281,NA,162.25,154.517,162.303,161.803,160.202,172.753,157.365,156.821,181.73,185.441,181.787,189.023,179.358,185.633,184.538,198.181,182.49,181.85,172.373,179.472,182.97,173.771,177.785,175.484,181.892,190.899,173.297,177.311,205.883,205.869,201.078,202.413,195.752,184.378,206.342,225.131,201.969,200.884,194.948,187.639,185.112,189.883,160.773,165.333,190.219,207.764,188.522,189.718
"457",22.8,72.906,72.16,81.947,85.603,72.671,74.633,72.299,84.871,81.242,78.712,188.576,194.092,195.943,195.016,182.047,195.722,189.967,215.586,174.657,198.449,192.135,187.042,223.057,192.248,188.575,206.247,207.478,226.33,202.266,196.097,NA,NA,NA,NA,NA,NA,NA,NA,NA,NA,NA,NA,NA,NA,NA,NA,NA,NA,NA,NA,161.362,147.319,137.806,149.896,156.368,136.737,155.378,183.075,151.421,175.39,160.883,160.852,144.355,177.081,146.433,157.062,159.93,176.503,167.836,171.801,172.425,174.515,158.613,171.862,165.689,167.579,169.29,189.06,167.138,173.538,160.262,NA,162.545,154.871,161.622,161.818,160.276,171.576,157.274,156.899,181.686,186.181,182.643,188.685,177.661,185.528,184.409,198.556,182.359,181.742,172.617,180.385,183.679,173.106,179.267,175.627,182.164,191.224,173.588,177.545,205.761,204.602,201.438,203.914,197.741,184.442,206.401,224.912,201.911,200.8,194.83,186.815,186.29,190.001,161.495,165.428,190.463,207.811,189.023,189.731
"458",22.85,72.865,72.581,81.784,85.521,72.478,74.626,72.352,84.619,80.895,78.742,188.597,194.295,196.439,193.325,182.744,195.727,189.826,214.241,175.188,198.524,192.213,188.391,221.401,192.027,190.235,206.113,207.53,223.986,203.053,195.862,NA,NA,NA,NA,NA,NA,NA,NA,NA,NA,NA,NA,NA,NA,NA,NA,NA,NA,NA,NA,161.552,147.69,136.482,149.482,155.654,136.858,155.358,183.674,151.449,175.197,160.837,160.151,144.94,177.533,145.411,157.117,160.005,175.577,166.594,171.856,172.327,175.146,156.553,172.352,167.213,167.476,169.222,188.891,167.326,173.609,160.297,NA,163.083,154.234,161.254,161.883,160.202,173.197,157.289,156.692,181.833,186.63,183.047,187.92,179.415,185.826,184.695,200.677,182.205,181.875,172.636,178.488,181.697,172.872,180.081,175.546,182.116,190.89,173.856,177.363,205.715,205.87,200.476,202.606,198.522,184.39,206.396,225.347,201.677,200.918,194.915,188.866,185.737,189.264,161.629,165.528,190.449,206.657,188.772,189.842
"459",22.9,72.87,72.664,81.111,85.516,72.99,74.629,72.234,84.654,80.79,78.739,188.666,193.568,193.395,194.569,181.701,195.597,189.883,213.357,174.986,198.514,192.189,186.788,220.609,191.198,189.728,206.31,207.311,225.568,203.895,195.962,NA,NA,NA,NA,NA,NA,NA,NA,NA,NA,NA,NA,NA,NA,NA,NA,NA,NA,NA,NA,161.437,147.604,137.695,149.772,156.159,136.862,155.287,182.738,151.371,175.323,160.832,159.384,145.706,176.601,145.711,157.13,159.954,175.362,166.809,171.852,172.488,175.418,157.549,172.005,166.511,167.461,169.096,188.368,167.254,173.664,160.197,NA,163.041,154.718,161.849,161.858,160.11,173.256,156.518,156.845,181.939,187.432,182.74,188.706,177.265,185.843,184.585,198.728,181.999,181.902,172.694,178.39,182.455,174.329,180.949,175.692,181.957,191.49,174.395,177.57,205.852,206.226,201.58,202.925,196.518,184.434,206.431,223.873,201.597,201,195.026,188.532,186.6,189.87,161.734,165.522,190.408,206.528,188.776,189.998
"460",22.95,72.858,72.293,81.904,85.389,72.542,74.642,72.214,84.526,81.063,78.684,188.752,193.377,194.283,194.288,181.674,195.575,189.86,214.499,175.191,198.582,192.104,186.3,221.574,190.459,189.869,206.335,207.448,226.569,203.678,195.846,NA,NA,NA,NA,NA,NA,NA,NA,NA,NA,NA,NA,NA,NA,NA,NA,NA,NA,NA,NA,161.382,147.127,137.499,150.189,154.861,136.744,155.387,181.312,150.941,175.129,160.93,159.714,144.564,178.344,146.347,157.067,160.013,175.594,167.24,171.806,172.388,175.788,157.866,171.697,166.724,167.54,169.317,187.848,167.135,173.553,160.226,NA,163.466,154.615,161.946,161.886,160.286,173.167,156.913,156.85,182.167,185.22,183.053,188.634,179.781,185.733,184.52,199.28,182.828,181.848,172.765,178.221,182.754,173.86,180.197,175.821,181.964,190.913,174.484,177.535,205.782,205.657,201.943,202.653,194.595,184.467,206.605,224.796,200.729,200.973,194.958,188.807,185.306,189.397,161.446,165.62,190.68,206.789,189.178,189.922
"461",23,72.86,72.126,81.726,85.601,72.648,74.634,72.16,85.446,80.884,78.697,188.836,195.195,195.452,194.432,183.126,195.618,189.995,215.011,174.584,198.441,191.928,187.549,221.203,191.374,188.512,206.366,207.55,224.495,202.939,195.867,NA,NA,NA,NA,NA,NA,NA,NA,NA,NA,NA,NA,NA,NA,NA,NA,NA,NA,NA,NA,161.407,147.455,137.205,149.928,154.2,136.77,155.441,182.198,151.115,175.228,161.04,161.127,144.664,177.5,146.698,157.04,160.109,175.417,167.659,171.821,172.305,176.986,157.674,172.049,166.435,167.414,169.279,187.621,167.261,173.614,160.343,NA,163.766,154.848,162.504,161.789,160.115,173.208,157.177,156.759,182.076,184.737,183.422,188.372,177.681,185.723,184.585,199.053,182.954,181.912,172.878,179.441,183.748,173.704,177.745,175.693,182.027,190.589,173.691,177.53,205.906,206.731,201.018,203.309,194.109,184.269,206.345,224.42,201.368,201.022,195.076,188.125,185.3,189.892,162.227,165.542,190.424,206.571,189.01,190.057
"462",23.05,72.843,72.46,81.507,85.11,72.154,74.663,72.109,84.623,80.828,78.725,188.781,193.79,195.066,193.696,183.917,195.636,190.029,214.414,174.404,198.393,191.918,188.041,221.959,191.582,189.362,206.333,207.262,226.512,203.191,195.903,NA,NA,NA,NA,NA,NA,NA,NA,NA,NA,NA,NA,NA,NA,NA,NA,NA,NA,NA,NA,161.354,147.603,137.071,149.159,155.789,136.667,155.186,182.963,151.018,175.109,160.83,160.857,144.636,178.534,147.103,156.934,159.916,176.503,166.918,171.839,172.315,174.516,157.127,171.508,166.271,167.568,169.247,187.687,166.895,173.594,160.237,NA,162.211,155.447,162.185,161.837,160.205,172.152,157.04,156.797,182.135,185.304,182.282,188.131,180.694,185.923,184.782,198.381,182.744,182.05,172.924,179.508,185.111,174.691,181.575,175.812,182.326,192.501,174.408,177.682,205.854,204.78,200.877,202.387,197.682,184.404,206.679,224.423,201.727,200.772,195.073,187.542,186.507,190.216,162.057,165.599,190.593,206.533,189.631,190.014
"463",23.1,72.858,72.32,81.543,84.804,72.323,74.656,72.066,84.892,81.077,78.722,188.941,194.384,194.43,195.383,182.868,195.591,190.046,213.953,174.921,198.421,191.966,187.42,221.9,190.879,187.83,206.37,207.461,226.172,203.541,195.922,NA,NA,NA,NA,NA,NA,NA,NA,NA,NA,NA,NA,NA,NA,NA,NA,NA,NA,NA,NA,161.278,146.755,137.455,149.905,154.737,136.615,155.301,183.399,151.086,175.27,160.816,160.44,144.469,177.358,146.424,156.955,160.017,175.768,167.907,171.649,172.348,175.059,157.073,171.518,166.463,167.539,169.143,188.616,166.448,173.561,160.218,NA,161.209,154.857,161.58,161.785,160.36,172.573,156.487,156.819,182.285,185.796,184.322,189.25,179.043,185.85,184.795,199.506,182.783,181.963,172.949,179.029,182.919,173.825,179.056,175.959,182.402,190.064,173.383,177.743,205.737,206.364,200.588,203.78,196.998,184.431,206.562,223.851,201.237,200.939,195.192,188.373,187.447,190.306,164.319,165.63,190.544,206.987,189.166,190.163
"464",23.15,72.827,72.432,81.154,85.389,72.287,74.606,72.098,84.74,80.892,78.735,188.965,195.341,194.896,194.561,183.304,195.539,190.242,214.477,175.397,198.317,191.915,187.801,223.344,190.679,190.344,206.248,207.548,226.636,203.383,195.975,NA,NA,NA,NA,NA,NA,NA,NA,NA,NA,NA,NA,NA,NA,NA,NA,NA,NA,NA,NA,161.335,147.333,137.337,149.956,155.115,136.536,155.31,182.594,151.186,175.289,160.887,160.984,144.5145,177.559,145.531,156.852,160.026,175.892,167.544,171.735,172.253,175.172,156.795,171.447,167.639,167.455,169.173,189.471,167.024,173.582,160.177,NA,162.754,154.65,158.482,161.724,160.375,173.081,157.327,156.645,182.359,187.171,183.267,188.252,178.01,185.946,184.864,198.223,182.774,182.018,172.972,179.95,183.844,173.589,179.919,176.015,182.406,192.14,174.041,177.823,205.831,205.999,201.717,202.107,196.537,184.476,206.538,225.172,201.215,200.896,195.116,188.765,185.578,191.055,161.999,165.655,190.705,206.934,188.906,190.123
"465",23.2,72.768,72.285,81.55,84.923,72.257,74.584,72.143,84.697,81.126,78.757,189.032,194.912,194.772,194.426,184.762,195.407,190.393,214.656,175.535,198.408,191.96,186.951,220.282,191.655,188.64,206.326,207.427,224.326,203.034,195.868,NA,NA,NA,NA,NA,NA,NA,NA,NA,NA,NA,NA,NA,NA,NA,NA,NA,NA,NA,NA,161.22,146.062,137.771,149.668,154.435,136.564,155.44,183.175,151.77,175.219,160.948,160.343,144.50325,177.103,146.129,156.891,159.962,176.347,167.986,171.734,172.385,175.783,157.51,171.844,168.088,167.547,169.022,188.407,167.726,173.578,160.257,NA,161.742,154.587,163.567,161.695,160.337,172.92,157.264,156.867,182.338,186.49,182.964,188.371,178.377,186.074,184.804,198.243,183.217,182.108,173.09,179.412,182.808,175.091,179.443,175.985,182.401,191.858,174.51,177.9,205.774,204.904,198.861,202.563,197.454,184.375,206.372,224.318,201.484,200.945,195.185,188.394,186.102,190.386,162.088,165.726,190.713,206.692,189.526,190.185
"466",23.25,72.732,72.232,81.626,85.225,73.115,74.661,72.068,84.755,80.662,78.741,189.155,194.353,194.398,193.829,182.664,195.528,190.109,215.207,176.041,198.593,191.82,186.046,220.382,190.676,189.679,206.228,207.456,224.067,202.593,195.843,NA,NA,NA,NA,NA,NA,NA,NA,NA,NA,NA,NA,NA,NA,NA,NA,NA,NA,NA,NA,161.205,146.798,137.15,149.544,156.316,136.464,155.244,182.514,151.034,175.31,160.866,160.392,144.355625,177.17,145.209,156.952,160,175.19,167.291,171.605,172.291,176.013,157.68,171.678,165.696,167.483,169.338,190.291,166.934,173.605,160.142,NA,163.103,154.189,161.23,161.818,160.175,173.117,157.006,156.807,182.521,185.139,183.558,189.716,177.482,186.107,184.857,198.565,182.741,182.046,173.175,180.105,183.174,174.176,179.083,176.086,182.58,190.516,174.578,177.822,205.765,203.7,201.387,203.271,195.695,184.445,206.641,226.519,202.117,200.992,195.109,188.549,186.318,190.798,162.519,165.698,190.762,208.388,189.262,190.245
"467",23.3,72.786,72.639,81.114,84.439,72.238,74.621,72.044,85.214,80.865,78.697,189.177,195.368,195.773,194.826,184.085,195.392,190.176,214.728,176.174,198.43,191.72,187.379,220.583,191.994,190.115,206.362,207.452,226.304,203.22,195.962,NA,NA,NA,NA,NA,NA,NA,NA,NA,NA,NA,NA,NA,NA,NA,NA,NA,NA,NA,NA,161.188,147.035,136.456,149.702,155.583,136.46,155.323,183.381,151.224,175.216,160.928,159.656,144.4228125,177.202,146.139,156.798,159.993,175.681,167.359,171.855,172.265,175.708,157.421,171.394,166.587,167.454,169.411,189.038,166.832,173.629,160.193,NA,163.113,153.337,162.816,161.814,160.279,172.768,156.99,156.691,182.476,186.52,183.522,189.461,179.022,186.158,184.792,199.398,183.216,182.174,173.176,178.787,183.666,175.047,179.118,176.121,182.402,190.153,174.123,177.912,205.827,205.094,201.492,202.274,197.871,184.329,206.591,224.765,200.247,200.933,195.212,187.471,186.781,189.744,163.487,165.887,190.676,205.271,188.944,190.166
"468",23.35,72.718,72.471,81.354,84.728,71.615,74.626,72.072,85.203,80.485,78.75,189.238,196.604,195.201,194.904,182.836,195.582,190.236,213.882,176.002,198.32,191.822,186.926,221.372,192.175,189.238,206.281,207.466,224.7,202.419,195.792,NA,NA,NA,NA,NA,NA,NA,NA,NA,NA,NA,NA,NA,NA,NA,NA,NA,NA,NA,NA,161.241,147.27,136.417,150.209,154.221,136.411,155.318,181.414,151.281,175.141,160.854,159.816,144.0289063,177.447,145.574,156.691,159.921,176.032,167.253,171.787,172.261,175.113,157.279,171.149,166.254,167.342,169.194,188.157,168.176,173.638,160.167,NA,163.632,154.819,160.596,161.828,160.192,172.735,156.805,156.841,182.623,185.465,183.61,190.033,180.369,186.062,185.031,200.213,183.625,182.282,173.204,179.053,183.19,174.626,178.894,176.024,182.368,191.278,173.51,177.973,205.62,204.571,200.855,202.994,197.524,184.426,206.396,225.159,201.265,200.902,195.13,187.536,186.586,189.958,163.445,165.901,190.845,207.48,189.305,190.29
"469",23.4,72.786,72.541,81.191,84.758,72.434,74.627,72.098,84.608,80.863,78.731,189.21,195.429,195.672,194.698,181.145,195.47,190.186,213.989,175.825,198.465,191.644,187.266,222.467,190.758,189.193,206.247,207.488,223.474,204.127,195.898,NA,NA,NA,NA,NA,NA,NA,NA,NA,NA,NA,NA,NA,NA,NA,NA,NA,NA,NA,NA,161.131,147.174,136.155,149.679,154.463,136.353,155.212,182.97,151.273,175.087,160.73,159.354,143.9259531,177.077,145.018,156.747,160.012,175.455,167.765,171.674,172.245,175.13,156.121,171.64,166.354,167.426,169.228,188.568,167.144,173.647,160.149,NA,162.829,154.728,161.471,161.819,160.173,172.7,156.562,156.836,182.565,186.216,183.845,188.014,179.001,185.994,185.1,200.765,183.126,182.129,173.367,179.41,182.967,173.88,180.398,176.236,182.651,191.377,174.385,178.012,205.756,205.163,201.042,203.352,196.564,184.455,206.557,224.742,200.647,200.829,195.293,189.691,185.515,189.869,163.469,165.82,190.874,206.335,189.286,190.319
"470",23.45,72.785,72.492,81.248,84.52,72.767,74.597,72.131,84.315,80.821,78.724,189.269,194.518,195.262,194.534,183.016,195.345,190.531,215.557,175.666,198.401,191.702,187.365,220.946,191.768,187.214,206.316,207.439,225.945,203.824,195.948,NA,NA,NA,NA,NA,NA,NA,NA,NA,NA,NA,NA,NA,NA,NA,NA,NA,NA,NA,NA,161.093,146.107,136.532,149.701,155.09,136.218,155.238,182.955,151.245,175.164,160.807,160.316,144.0789766,177.52,146.782,156.872,160.0355,175.215,167.228,171.648,172.21,176.081,157.756,172.727,165.573,167.299,169.318,188.144,167.184,173.632,NA,NA,162.97,154.495,162.218,161.603,160.231,173.769,156.863,156.706,182.798,186.008,183.797,189.549,180.604,186.045,185.075,200.001,183.057,182.282,173.42,180.963,183.638,174.924,181.345,176.126,182.874,191.499,174.042,178.102,205.757,205.302,199.389,203.309,197.758,184.264,206.332,226.16,202.001,200.889,195.311,187.99,185.958,191.284,163.206,165.964,190.94,207.32,189.017,190.44
"471",23.5,72.767,72.436,81.561,84.639,72.263,74.614,72.011,84.324,80.724,78.748,189.338,194.338,194.249,195.257,183.979,195.41,190.495,215.071,175.949,198.372,191.881,188.087,221.222,192.223,188.732,206.18,207.471,225.468,203.044,195.848,NA,NA,NA,NA,NA,NA,NA,NA,NA,NA,NA,NA,NA,NA,NA,NA,NA,NA,NA,NA,161.113,147.12,135.937,149.987,154.591,136.197,155.21,182.302,150.626,175.285,160.703,160.306,144.608,177.862,145.036,156.645,160.059,175.281,167.624,171.752,172.289,174.553,156.467,172.055,165.605,167.369,169.34,188.688,167.2,173.674,NA,NA,162.64,NA,160.616,161.811,160.062,173.064,156.933,NA,183,186.406,182.636,189.026,178.034,186.205,185.112,199.597,183.867,182.33,173.468,180.119,183.656,174.997,179.806,176.187,182.848,191.368,173.738,178.117,205.583,205.243,202.13,203.144,196.41,184.271,206.669,224.148,201.286,201.091,195.272,188.572,186.922,191.476,163.161,165.923,191.068,209.079,189.039,190.646
"472",23.55,72.746,72.712,81.024,84.844,72.327,74.585,72.031,84.801,80.704,78.75,189.387,194.583,194.954,194.698,180.586,195.508,190.492,213.537,175.866,198.308,191.732,186.433,219.99,191.671,187.089,206.326,207.53,224.974,203.293,195.894,NA,NA,NA,NA,NA,NA,NA,NA,NA,NA,NA,NA,NA,NA,NA,NA,NA,NA,NA,NA,161.078,147.547,136.015,150.049,155.399,136.197,155.164,182.689,150.91,175.256,160.724,160.314,144.302,177.567,146.162,156.689,159.952,175.577,167.968,171.634,172.273,175.13,156.884,171.619,165.26,167.397,169.184,188.587,167.341,173.658,NA,NA,163.328,NA,NA,NA,NA,NA,NA,NA,182.992,185.983,183.663,189.224,179.177,186.2,185.153,198.957,183.489,182.318,173.584,180.53,183.703,174.864,180.242,176.257,182.832,191.309,174.684,178.202,205.712,203.887,201.275,203.655,197.916,184.569,206.366,224.988,201.161,200.811,195.428,189.201,186.748,190.319,162.568,166.025,191.187,207.442,188.685,190.557
"473",23.6,72.69,71.859,81.26,84.499,72.942,74.612,72.004,84.737,80.618,78.739,189.49,194.869,194.284,194.857,184.785,195.293,190.498,215.333,176.095,198.625,191.68,188.39,222.031,191.146,188.628,206.269,207.351,224.832,204.259,195.91,NA,NA,NA,NA,NA,NA,NA,NA,NA,NA,NA,NA,NA,NA,NA,NA,NA,NA,NA,NA,160.986,147.539,135.531,149.471,154.795,136.237,155.24,182.967,151.451,175.064,160.812,160.32,144.56,178.046,146.349,156.695,160.005,176.409,167.765,171.708,172.102,175.402,156.941,171.394,165.126,167.489,169.009,188.828,167.879,173.623,NA,NA,162.727,NA,NA,NA,NA,NA,NA,NA,183.087,186.114,184.299,189.269,179.535,186.232,185.385,199.926,183.337,182.299,173.439,179.644,183.096,174.998,180.595,176.454,182.765,191.685,174.462,178.353,205.796,204.066,199.263,203.29,194.225,184.428,206.323,224.645,200.503,200.966,195.417,189.51,186.175,191.111,162.056,165.972,191.068,205.285,189.589,190.493
"474",23.65,72.761,72.212,81.292,84.542,73.114,74.604,72.021,84.274,80.482,78.734,189.518,196.136,194.761,194.569,185.002,195.278,190.681,214.252,175.405,198.377,191.663,186.897,220.392,192.011,188.543,206.094,207.431,225.899,202.4,195.954,NA,NA,NA,NA,NA,NA,NA,NA,NA,NA,NA,NA,NA,NA,NA,NA,NA,NA,NA,NA,160.947,147.029,134.992,149.344,155.001,136.104,155.205,183.379,151.211,175.15,160.642,158.935,144.492,176.884,146.188,156.536,160.055,175.592,166.627,171.745,172.182,175.737,156.702,171.233,165.91,167.378,169.295,187.981,166.951,173.647,NA,NA,162.959,NA,NA,NA,NA,NA,NA,NA,183.179,185.043,184.668,190.024,179.049,186.338,185.303,200.587,183.42,182.476,173.677,179.306,183.032,175.561,179.422,176.392,183.106,193.084,174.913,178.402,205.563,204.09,201.053,203.089,196.217,184.338,206.259,224.922,201.502,201.099,195.382,187.532,187.845,190.792,163.953,166.134,191.049,207.713,189.64,190.713
"475",23.7,72.779,72.423,81.024,84.67,72.493,74.609,71.987,84.713,80.646,78.718,189.524,194.811,193.913,196.094,182.403,194.063,190.622,214.244,176.071,198.433,191.555,186.055,221.063,192.089,189.022,206.386,207.218,224.846,203.221,195.86,NA,NA,NA,NA,NA,NA,NA,NA,NA,NA,NA,NA,NA,NA,NA,NA,NA,NA,NA,NA,160.995,146.647,136.571,149.389,155.361,136.162,155.223,181.779,150.401,175.111,160.72,160.445,144.208,178.071,146.946,156.62,160.097,175.385,167.17,171.826,172.242,176.399,157.747,171.772,167.124,167.338,169.226,188.968,167.107,173.613,NA,NA,162.189,NA,NA,NA,NA,NA,NA,NA,183.137,185.43,184.608,188.818,179.388,186.285,185.494,199.328,183.339,182.402,173.707,180.16,183.218,174.749,180.049,176.493,182.964,192.848,175.182,178.432,205.677,204.159,200.724,202.719,196.982,184.436,206.466,227.042,200.824,200.757,195.533,189.419,187.542,191.53,162.694,165.946,191.361,206.372,189.089,190.662
"476",23.75,72.722,71.924,81.056,84.201,73.396,74.56,71.959,84.83,80.555,78.719,189.574,195.441,195.25,194.467,181.206,193.629,190.869,214.59,176.12,198.364,191.712,185.961,221.53,191.712,187.518,206.263,207.493,225.468,203.844,195.895,NA,NA,NA,NA,NA,NA,NA,NA,NA,NA,NA,NA,NA,NA,NA,NA,NA,NA,NA,NA,160.815,147.034,135.012,149.836,155.031,135.958,155.224,181.44,150.688,175.228,160.771,159.468,144.49,176.274,146.75,156.474,159.991,175.177,167.682,171.606,172.106,176.034,157.432,171.404,166.425,167.229,169.182,186.766,167.094,173.63,NA,NA,162.062,NA,NA,NA,NA,NA,NA,NA,183.414,186.65,184.19,189.936,181.237,186.303,185.455,200.572,183.865,182.529,173.719,180.221,184.685,175.422,179.14,176.482,183.064,191.464,174.333,178.457,205.694,205.729,202.039,202.065,196.601,184.393,206.344,224.596,201.256,200.864,195.495,188.022,186.623,191.525,163.9,166.188,191.293,207.778,189.166,190.76
"477",23.8,72.726,72.512,81.072,84.434,72.717,74.612,71.953,84.738,80.875,78.742,189.714,194.579,196.034,194.945,183.487,193.608,190.863,214.653,175.898,198.388,191.604,186.766,220.611,191.675,188.301,206.337,207.406,223.792,203.9,195.809,NA,NA,NA,NA,NA,NA,NA,NA,NA,NA,NA,NA,NA,NA,NA,NA,NA,NA,NA,NA,160.854,147.145,136.606,149.945,153.18,135.995,155.137,181.926,150.697,175.166,160.636,159.455,143.635,176.638,147.101,156.549,160.166,176,167.588,171.756,172.088,175.316,156.977,171.298,167.071,167.307,169.252,189.364,167.262,173.633,NA,NA,162.682,NA,NA,NA,NA,NA,NA,NA,183.306,187.078,185.04,189.525,180.509,186.26,185.458,199.804,183.108,182.537,173.815,179.746,182.418,175.088,179.892,176.531,183.217,192.124,174.023,178.377,205.696,205.916,201.564,202.788,197.374,184.354,206.426,224.694,200.425,200.831,195.489,189.557,186.993,190.468,164.064,166.097,191.375,207.157,189.346,190.878
"478",23.85,72.719,72.368,81.141,84.147,72.885,74.599,71.998,84.081,80.743,78.705,189.691,195.666,195.117,194.201,181.436,193.525,191.103,213.179,176.29,198.335,191.775,188.204,222.576,191.87,189.221,206.279,207.374,225.337,203.277,195.889,NA,NA,NA,NA,NA,NA,NA,NA,NA,NA,NA,NA,NA,NA,NA,NA,NA,NA,NA,NA,160.775,147.642,135.966,149.263,154.909,135.894,155.176,182.469,151.113,175.229,160.796,159.675,143.823,177.342,146.358,156.472,160.059,174.458,167.838,171.698,172.002,175.441,157.333,171.028,166.067,167.35,169.184,188.439,166.743,173.667,NA,NA,164.075,NA,NA,NA,NA,NA,NA,NA,183.388,186.339,183.223,190.403,179.661,186.351,185.564,200.666,183.415,182.477,173.967,179.743,183.128,175.236,181.294,176.559,183.122,192.175,174.941,178.611,205.75,205.672,199.596,202.263,196.947,184.374,206.408,224.835,200.348,200.908,195.604,189.777,187.213,191.758,162.157,166.191,191.455,206.694,190.298,190.819
"479",23.9,72.728,72.744,81.543,84.106,71.99,74.588,71.961,84.847,80.772,78.729,189.815,196.418,195.768,195.283,185.262,193.424,190.836,214.235,176.377,198.319,191.549,186.109,221.53,191.313,189.579,206.207,207.575,225.56,204.096,195.932,NA,NA,NA,NA,NA,NA,NA,NA,NA,NA,NA,NA,NA,NA,NA,NA,NA,NA,NA,NA,160.801,146.052,136.281,149.785,155.557,135.978,155.174,182.251,150.899,175.151,160.539,159.566,144.232,177.095,144.995,156.461,160.05,174.898,167.049,171.71,172.077,176.084,156.707,172.267,167.032,167.382,169.153,188.598,166.736,173.769,NA,NA,162.271,NA,NA,NA,NA,NA,NA,NA,183.532,185.904,185.28,189.459,179.805,186.321,185.55,199.003,182.805,182.716,174.022,180.549,183.557,176.053,181.857,176.5,183.229,192.753,175.046,178.53,205.765,205.477,201.693,201.889,196.817,184.514,206.406,224.896,201.434,200.92,195.634,188.418,186.337,191.758,163.719,166.273,191.435,205.846,190.126,191.038
"480",23.95,72.698,72.358,81.523,83.998,72.105,74.595,71.946,84.188,80.915,78.73,189.938,195.966,194.21,193.831,182.697,193.147,191.064,214.313,175.836,198.354,191.531,186.748,220.799,191.049,188.731,206.282,207.501,227.525,203.552,195.906,NA,NA,NA,NA,NA,NA,NA,NA,NA,NA,NA,NA,NA,NA,NA,NA,NA,NA,NA,NA,160.682,147.263,135.665,149.61,153.773,135.909,155.174,181.293,151.288,175.152,160.78,160.074,144.3255,177.789,145.127,156.335,160.058,174.853,166.656,171.813,172.11,175.877,156.666,170.918,165.978,167.217,169.285,188.285,167.241,173.714,NA,NA,NA,NA,NA,NA,NA,NA,NA,NA,183.625,186.925,185.566,188.237,180.667,186.461,185.558,200.456,183.558,182.767,173.984,181.268,183.098,175.359,180.74,176.616,183.293,192.378,175.384,178.627,205.669,204.906,200.652,202.48,195.1,184.342,206.29,225.275,201.198,200.858,195.718,189.376,188.308,190.717,163.85,166.344,191.464,207.768,189.623,190.887
"481",24,72.72,72.606,81.48,83.707,72.956,74.577,71.987,85.015,80.764,78.733,189.884,194.485,196.993,195.421,183.991,192.953,191.04,216.444,176.055,198.264,191.435,187.932,221.643,190.377,188.425,206.35,207.407,225.823,202.683,195.707,NA,NA,NA,NA,NA,NA,NA,NA,NA,NA,NA,NA,NA,NA,NA,NA,NA,NA,NA,NA,160.694,146.181,136.196,148.985,154.353,135.881,155.157,182.012,150.983,175.106,160.588,160.105,143.90825,177.158,146.11,156.37,159.957,176.581,167.043,171.719,172.054,175.384,157.012,170.847,167.14,167.268,169.034,188.855,167.01,173.67,NA,NA,NA,NA,NA,NA,NA,NA,NA,NA,183.737,185.694,184.773,189.119,178.814,186.439,185.65,200.648,184.225,182.755,174.082,180.835,183.996,175.809,182.864,176.683,183.35,193.215,175.443,178.683,205.583,206.161,201.883,202.118,197.346,184.362,206.441,225.177,202.066,200.73,195.76,190.748,186.458,190.733,163.561,166.529,191.478,207.703,190.09,191.151
"482",24.05,72.694,72.15,81.376,83.799,72.696,74.582,71.96,84.794,80.743,78.744,190.076,196.977,194.914,195.465,184.343,193.011,190.996,215.078,175.871,198.36,191.514,186.991,222.004,191.42,189.945,206.421,207.667,224.814,203.409,195.899,NA,NA,NA,NA,NA,NA,NA,NA,NA,NA,NA,NA,NA,NA,NA,NA,NA,NA,NA,NA,160.695,147.351,135.812,149.319,155.251,135.781,155.16,181.966,150.871,174.993,160.619,159.692,144.366625,176.935,145.514,156.336,160.134,174.673,167.24,171.643,172.124,175.467,156.36,170.713,167.223,167.291,169.151,188.781,166.669,173.742,NA,NA,NA,NA,NA,NA,NA,NA,NA,NA,183.674,188.054,185.035,189.325,178.557,186.471,185.803,201.348,183.841,182.676,174.183,181.381,183.458,175.024,179.744,176.556,183.611,191.427,175.443,178.741,205.755,205.195,200.788,203.995,195.71,184.362,206.459,223.796,202.187,200.897,195.777,188.924,187.481,190.961,164.492,166.531,191.564,208.576,189.518,191.038
"483",24.1,72.669,72.072,81.753,83.375,72.093,74.601,72.004,84.707,80.776,78.712,189.92,195.726,195.436,195.711,182.259,192.756,191.303,213.869,176.239,198.315,191.559,187.427,222.152,189.973,189.763,206.318,207.685,225.346,203.465,196.163,NA,NA,NA,NA,NA,NA,NA,NA,NA,NA,NA,NA,NA,NA,NA,NA,NA,NA,NA,NA,160.63,147.687,135.67,149.574,155.598,135.738,155.095,182.651,150.855,175.19,160.686,159.756,144.419,177.487,146.228,156.426,160.11,174.58,167.24,171.782,172.102,174.424,157.169,171.253,167.332,167.284,169.051,188.904,167.526,173.701,NA,NA,NA,NA,NA,NA,NA,NA,NA,NA,183.692,187.792,185.474,189.013,181.26,186.54,185.734,201.326,184.351,182.706,174.235,181.413,184.225,176.255,180.916,176.804,183.498,192.459,175.538,178.763,205.735,206.781,199.383,202.362,196.126,184.406,206.304,225.178,201.266,200.967,195.736,189.418,186.878,191.298,164.072,166.485,191.636,206.186,189.733,191.04
"484",24.15,72.68,72.121,81.371,83.969,71.824,74.62,71.932,84.81,80.51,78.741,189.952,195.814,195.584,195.889,182.97,192.637,191.209,214.748,176.484,198.318,191.538,186.636,222.534,191.649,188.312,206.287,207.326,226.253,202.554,195.971,NA,NA,NA,NA,NA,NA,NA,NA,NA,NA,NA,NA,NA,NA,NA,NA,NA,NA,NA,NA,160.508,146.788,135.521,149.788,154.568,135.682,155.161,182.103,151.068,175.06,160.668,159.662,143.491,176.197,144.121,156.215,159.93,175.013,167.023,171.673,172.155,177.898,156.448,171.76,165.36,167.313,169.14,189.043,167.032,173.814,NA,NA,NA,NA,NA,NA,NA,NA,NA,NA,183.821,186.295,183.887,190.011,182.489,186.694,185.69,200.695,183.558,182.879,174.21,179.668,183.098,175.597,180.919,176.836,183.481,192.957,175.453,178.722,205.679,206.02,202.669,202.299,196.35,184.429,206.609,223.771,200.535,200.845,195.856,188.875,187.163,191.113,163.667,166.543,191.536,207.138,190.115,191.092
"485",24.2,72.653,71.875,82.182,83.621,72.612,74.598,71.911,84.735,80.303,78.729,189.953,195.597,194.287,195.254,182.8,192.583,191.218,213.563,176.483,198.304,191.351,185.717,221.873,191.027,191.049,206.374,207.175,225.054,203.226,195.776,NA,NA,NA,NA,NA,NA,NA,NA,NA,NA,NA,NA,NA,NA,NA,NA,NA,NA,NA,NA,160.511,147.574,135.222,149.85,155.058,135.702,155.156,182.509,150.76,175.167,160.677,160.178,144.825,176.599,145.695,156.273,159.872,174.85,167.581,171.649,172.035,174.841,155.857,170.552,164.721,167.353,169.097,188.379,167.055,173.779,NA,NA,NA,NA,NA,NA,NA,NA,NA,NA,184.003,186.066,184.053,189.704,180.591,186.534,185.81,200.833,183.483,182.809,174.464,179.547,184.502,176.877,181.355,176.877,183.853,192.811,176.4,178.85,205.639,206.337,200.719,203.97,197.138,184.481,206.571,225.792,202.98,200.848,195.844,188.279,187.482,191.477,162.438,166.587,191.447,209.391,190.199,191.35
"486",24.25,72.655,72.059,81.055,83.783,72.595,74.602,71.845,85.431,80.65,78.724,190.068,195.664,196.514,195.491,184.355,192.411,191.27,214.951,176.768,198.244,191.35,186.496,224.284,191.598,188.783,206.308,207.396,225.818,203.26,195.852,NA,NA,NA,NA,NA,NA,NA,NA,NA,NA,NA,NA,NA,NA,NA,NA,NA,NA,NA,NA,160.564,146.793,134.837,149.447,153.945,135.643,155.22,181.633,150.987,175.103,160.664,160.28,143.973,176.136,146.861,156.43,160.081,175.477,167.028,171.734,171.897,174.73,157.068,170.931,166.8,167.274,169.062,189.946,166.93,173.717,NA,NA,NA,NA,NA,NA,NA,NA,NA,NA,183.972,185.446,185.025,189.349,180.179,186.71,185.957,201.209,183.875,182.935,174.432,181.021,183.213,175.978,181.113,177.01,183.723,193.571,175.861,178.874,205.714,205.232,199.866,203.257,197.059,184.276,206.447,225.384,202.095,200.925,195.865,188.715,187.046,191.133,164.444,166.75,191.688,207.843,190.165,191.244
"487",24.3,72.672,72.069,81.212,83.544,72.215,74.583,71.869,84.875,80.672,78.715,190.002,195.962,194.785,196.034,183.814,192.293,191.407,214.991,177.773,198.244,191.463,187.572,220.864,190.868,189.98,206.219,207.434,225.081,203.401,195.922,NA,NA,NA,NA,NA,NA,NA,NA,NA,NA,NA,NA,NA,NA,NA,NA,NA,NA,NA,NA,160.531,146.984,135.218,149.062,154.465,135.568,155.191,181.893,150.506,175.219,160.59,159.424,144.384,177.149,145.939,156.26,160.13,174.151,166.548,171.638,171.968,174.428,156.434,170.221,165.661,167.276,169.16,188.938,166.731,173.596,NA,NA,NA,NA,NA,NA,NA,NA,NA,NA,184.17,187.311,186.442,189.307,180.025,186.655,185.899,201.996,184.396,182.956,174.544,180.666,182.411,176.741,179.346,176.994,183.79,193.458,175.31,178.995,205.637,204.948,202.912,203.148,197.281,184.47,206.362,225.05,201.251,200.848,195.675,189.79,188.096,191.215,163.095,166.703,191.818,207.558,189.806,191.337
"488",24.35,72.67,72.563,81.003,83.699,72.665,74.583,71.885,84.416,80.654,78.735,190.157,196.956,195.562,196.198,184.246,192.089,191.453,214.259,177.294,198.305,191.283,186.839,219.842,191.006,187.773,206.264,207.529,225.147,203.395,195.851,NA,NA,NA,NA,NA,NA,NA,NA,NA,NA,NA,NA,NA,NA,NA,NA,NA,NA,NA,NA,160.389,146.665,135.452,149.771,154.651,135.576,155.168,182.519,150.914,175.126,160.431,159.838,143.957,176.397,145.018,156.289,160.136,176.047,167.403,171.64,172.05,174.98,156.743,170.543,165.039,167.333,169.098,187.767,167.231,173.653,NA,NA,NA,NA,NA,NA,NA,NA,NA,NA,184.257,188.116,184.48,188.976,182.622,186.621,186.003,200.78,183.86,182.841,174.621,180.281,184.211,176.366,181.051,177.083,183.919,191.986,175.987,178.95,205.663,203.609,201.257,202.291,196.682,184.475,206.317,223.334,199.982,200.797,195.939,187.937,187.194,192.777,162.888,166.679,191.788,207.057,190.121,191.399
"489",24.4,72.644,72.319,81.327,83.128,72.859,74.559,71.876,84.466,80.442,78.726,190.266,196.139,194.893,194.884,184.886,191.932,191.523,215.696,177.001,198.349,191.453,186.254,223.05,191.289,189.196,206.468,207.616,225.591,204.256,195.985,NA,NA,NA,NA,NA,NA,NA,NA,NA,NA,NA,NA,NA,NA,NA,NA,NA,NA,NA,NA,160.401,147.49,135.815,149.684,154.489,135.501,155.174,182.315,150.911,175.119,160.652,159.92,144.23,177.395,145.059,156.256,160.049,175.877,167.139,171.573,171.962,175.559,156.93,170.135,165.169,167.245,169.191,187.672,166.396,173.745,NA,NA,NA,NA,NA,NA,NA,NA,NA,NA,184.473,188.625,186.805,190.246,178.494,186.619,186.042,200.769,184.587,182.926,174.642,181.502,183.585,175.902,181.103,176.922,183.982,191.691,174.939,179.119,205.727,206.016,198.796,202.326,196.394,184.336,206.387,225.32,201.46,200.808,196.02,189.243,187.149,191.065,165.076,166.788,191.73,206.657,190.163,191.432
"490",24.45,72.661,72.415,81.437,83.545,72.557,74.578,71.855,84.411,80.68,78.735,190.226,195.188,194.961,195.301,184.881,191.815,191.613,213.971,176.857,198.301,191.385,185.866,221.024,191.975,189.831,206.24,207.343,223.838,202.64,195.848,NA,NA,NA,NA,NA,NA,NA,NA,NA,NA,NA,NA,NA,NA,NA,NA,NA,NA,NA,NA,160.438,146.038,135.603,149.759,155.67,135.54,155.063,182.803,151.055,175.118,160.557,160.66,144.025,176.78,144.789,156.219,160.145,174.677,167.223,171.581,171.998,175.774,157.001,171.33,164.893,167.145,169.095,187.103,166.804,173.686,NA,NA,NA,NA,NA,NA,NA,NA,NA,NA,184.385,186.259,185.407,190.613,180.169,186.606,186.18,200.21,183.73,182.968,174.639,180.369,184.857,175.369,181.338,176.929,184.062,192.175,175.718,179.087,205.678,205.441,200.309,203.337,195.298,184.418,206.34,224.281,201.46,200.898,195.976,188.628,186.281,191.586,163.921,166.934,191.651,205.979,189.645,191.563
"491",24.5,72.646,72.376,81.211,83.526,72.732,74.56,71.873,84.732,80.41,78.746,190.252,197.463,195.42,194.811,185.057,191.676,191.502,214.903,177.276,198.299,191.288,186.549,221.51,190.498,188.903,206.311,207.366,225.417,203.611,195.935,NA,NA,NA,NA,NA,NA,NA,NA,NA,NA,NA,NA,NA,NA,NA,NA,NA,NA,NA,NA,160.358,146.15,134.818,148.827,153.5,135.492,155.142,181.626,150.858,175.132,160.59,159.333,144.607,176.173,145.934,156.103,160.129,175.605,167.886,171.616,172.091,174.322,156.57,171.629,165.717,167.284,169.128,188.68,166.373,173.746,NA,NA,NA,NA,NA,NA,NA,NA,NA,NA,184.641,186.799,185.174,189.124,182.079,186.765,186.032,200.845,184.984,183.051,174.775,182.673,183.181,177.085,180.063,177.078,183.944,193.634,175.924,179.12,205.791,205.139,200.246,202.326,195.144,184.407,206.299,223.754,200.616,200.827,196.005,190.296,187.399,191.259,164.155,166.899,191.779,206.876,189.564,191.501
"492",24.55,72.535,72.632,81.85,83.361,72.421,74.548,71.887,84.159,80.99,78.729,190.371,197.363,195.237,195.581,183.416,191.473,191.483,214.864,177.161,198.486,191.307,185.794,219.478,191.238,189.868,206.482,207.271,225.341,203.161,195.897,NA,NA,NA,NA,NA,NA,NA,NA,NA,NA,NA,NA,NA,NA,NA,NA,NA,NA,NA,NA,160.316,146.394,134.358,149.931,153.546,135.436,155.148,182.873,151.167,175.051,160.618,158.866,144.188,177.02,145.376,156.065,160.041,176.626,166.754,171.575,171.895,175.74,156.598,171.742,167.234,167.244,169.121,187.757,166.7,173.647,NA,NA,NA,NA,NA,NA,NA,NA,NA,NA,184.693,186.239,184.566,189.644,180.105,186.721,186.24,201.28,184.292,183.1,174.793,180.817,183.47,177.78,182.392,177.303,184.184,193.105,175.761,179.398,205.674,205.963,200.006,201.787,196.219,184.237,206.324,224.722,201.067,200.787,195.882,191.951,187.13,192.208,165.062,166.974,191.857,207.678,190.001,191.488
"493",24.6,72.633,72.693,81.763,83.213,72.382,74.574,71.871,85.06,80.808,78.71,190.492,194.806,195.459,195.986,186.494,191.446,191.594,214.036,176.973,198.179,191.267,185.081,221.582,191.996,189.677,206.385,207.448,226.893,202.242,195.855,NA,NA,NA,NA,NA,NA,NA,NA,NA,NA,NA,NA,NA,NA,NA,NA,NA,NA,NA,NA,160.196,147.541,135.567,149.657,154.644,135.419,155.075,182.168,151.029,175.093,160.457,160.792,144.481,176.706,145.937,155.955,160.187,174.512,167.614,171.566,171.849,173.649,157.456,172.034,166.374,167.205,169.095,188.416,167.277,173.732,NA,NA,NA,NA,NA,NA,NA,NA,NA,NA,184.758,188.496,185.572,190.325,179.612,186.817,186.156,202.182,184.783,183.216,174.793,181.449,184.595,177.85,181.458,177.119,184.118,192.771,176.449,179.381,205.767,206.163,201.441,203.377,195.035,184.455,206.403,224.775,201.276,200.968,196.08,189.334,186.424,192.309,164.004,166.948,191.902,208.354,190.763,191.769
"494",24.65,72.668,72.542,81.808,83.788,72.549,74.521,71.848,84.862,80.472,78.712,190.547,197.211,196.872,195.738,183.967,191.21,191.642,214.999,177.871,198.266,191.225,186.422,220.555,190.754,191.493,206.311,207.494,225.379,203.16,195.9,NA,NA,NA,NA,NA,NA,NA,NA,NA,NA,NA,NA,NA,NA,NA,NA,NA,NA,NA,NA,160.261,147.062,136.111,149.507,154.277,135.299,155.067,181.749,150.521,174.979,160.531,159.16,143.466,176.282,144.333,156.005,160.068,175.206,167.004,171.673,171.836,174.793,155.976,170.835,166.548,167.237,169.073,189.064,167.257,173.69,NA,NA,NA,NA,NA,NA,NA,NA,NA,NA,184.612,184.516,186.682,189.065,178.663,186.822,186.394,201.673,183.911,183.168,174.937,180.886,184.405,176.669,181.134,177.208,184.318,192.806,175.428,179.372,205.562,205.87,200.689,202.144,196.581,184.343,206.408,225.73,201.937,200.862,196.167,189.998,187.017,191.117,164.079,167.002,192.172,206.612,190.63,191.642
"495",24.7,72.624,72.49,81.447,83.295,72.002,74.541,71.791,84.34,80.584,78.731,190.468,196.405,194.943,195.478,183.199,191.237,191.9,214.996,177.899,198.327,191.162,186.678,222.383,189.989,190.715,206.306,207.472,225.705,203.137,195.867,NA,NA,NA,NA,NA,NA,NA,NA,NA,NA,NA,NA,NA,NA,NA,NA,NA,NA,NA,NA,160.119,146.549,135.532,149.93,154.822,135.26,154.98,182.434,150.654,175.087,160.539,160.641,144.797,176.59,145.466,156.02,160.11,174.744,166.976,171.43,171.709,174.891,157.063,170.963,166.529,167.178,169.195,188.315,167.189,173.645,NA,NA,NA,NA,NA,NA,NA,NA,NA,NA,184.877,185.713,185.877,189.276,181.09,186.855,186.203,201.745,184.265,183.188,174.881,180.861,185.875,177.407,181.525,177.341,184.325,192.736,176.034,179.498,205.672,205.155,201.284,202.254,196.469,184.383,206.447,223.092,200.92,200.92,196.126,189.884,187.352,192.572,165.259,167.062,191.997,208.807,190.482,191.777
"496",24.75,72.598,72.461,81.273,83.255,72.843,74.534,71.783,84.988,80.42,78.724,190.573,196.934,195.455,195.683,184.119,191.024,191.802,213.379,177.727,198.323,191.233,185.999,221.865,190.715,188.304,206.18,207.438,225.509,203.76,195.963,NA,NA,NA,NA,NA,NA,NA,NA,NA,NA,NA,NA,NA,NA,NA,NA,NA,NA,NA,NA,160.1,145.954,135.54,149.215,154.319,135.347,155.028,182.952,150.684,175.009,160.642,158.901,144.833,176.465,146.589,156.033,160.299,175.593,166.765,171.558,171.761,175.346,156.02,171.365,165.776,167.244,169.054,187.556,167.471,173.817,NA,NA,NA,NA,NA,NA,NA,NA,NA,NA,184.849,186.501,185.729,190.936,180.65,186.975,186.229,202.115,184.535,183.149,175.163,179.692,185.272,177.081,181.87,177.229,184.321,193.927,175.724,179.472,205.746,205.198,199.494,203.214,197.618,184.436,206.385,223.464,202.242,200.85,196.165,190.423,187.297,191.474,163.497,167.059,192.049,208.156,189.306,191.837
"497",24.8,72.604,72.361,81.259,82.979,72.659,74.573,71.785,85.246,80.642,78.745,190.546,195.635,196.459,195.228,184.012,191.004,191.944,215.479,177.856,198.241,191.356,185.719,222.032,191.675,190.265,206.362,207.544,225.59,203.082,195.873,NA,NA,NA,NA,NA,NA,NA,NA,NA,NA,NA,NA,NA,NA,NA,NA,NA,NA,NA,NA,160.15,147.173,134.602,149.492,155.505,135.204,155.149,182.575,150.74,175.013,160.553,160.497,144.26,176.071,145.714,155.906,160.24,175.588,166.773,171.61,171.782,175.23,157.268,170.61,165.733,167.217,169.075,188.904,167.282,173.718,NA,NA,NA,NA,NA,NA,NA,NA,NA,NA,185.081,186.671,184.723,190.338,181.572,186.913,186.392,203.166,185.129,183.197,175.132,181.232,183.075,178.219,181.696,177.439,184.535,193.681,176.403,179.555,205.625,204.256,201.267,203.076,195.715,184.414,206.378,223.763,201.425,200.914,196.114,190.639,186.994,192.536,163.599,167.177,192.35,208.219,190.507,191.861
"498",24.85,72.623,72.587,81.521,83.198,71.878,74.546,71.775,84.735,80.557,78.722,190.724,196.263,195.981,195.713,185.08,190.908,191.862,215.281,177.988,198.381,191.222,186.517,221.569,191.126,188.67,206.416,207.319,225.977,203.209,195.957,NA,NA,NA,NA,NA,NA,NA,NA,NA,NA,NA,NA,NA,NA,NA,NA,NA,NA,NA,NA,160.011,146.853,135.169,149.901,154.85,135.268,155.151,182.317,150.883,175.195,160.527,160.56,144.507,176.658,144.867,155.916,160.273,174.515,166.86,171.514,171.757,177.051,156.273,171.192,166.315,167.326,169.288,188.349,166.855,173.801,NA,NA,NA,NA,NA,NA,NA,NA,NA,NA,185.187,186.713,186.275,191.513,180.205,186.781,186.563,201.924,184.205,183.262,175.292,181.427,183.408,177.151,180.522,177.447,184.578,194.817,177.119,179.576,205.673,204.802,200.468,203.618,197.222,184.363,206.528,225.139,201.359,200.897,196.375,189.871,186.621,191.5,165.602,167.292,192.257,207.798,190.265,191.958
"499",24.9,72.58,72.162,81.632,82.31,72.445,74.573,71.753,84.926,80.584,78.677,190.799,194.873,198.006,195.872,185.19,190.714,191.942,213.979,178.247,198.203,191.15,185.465,222.031,190.718,188.997,206.477,207.355,224.79,202.889,195.904,NA,NA,NA,NA,NA,NA,NA,NA,NA,NA,NA,NA,NA,NA,NA,NA,NA,NA,NA,NA,159.971,145.737,134.928,149.886,154.222,135.339,155.19,182.715,151.005,174.95,160.507,159.254,143.85,176.483,145.668,155.94,160.077,175.082,167.471,171.662,171.732,175.058,155.82,172.106,167.001,167.153,169.118,189.387,166.567,173.681,NA,NA,NA,NA,NA,NA,NA,NA,NA,NA,185.148,187.125,186.752,190.459,179.026,186.984,186.5,202.049,184.644,183.463,175.268,182.662,184.682,177.641,179.269,177.546,184.48,194.205,176.494,179.686,205.747,205.831,200.435,203.285,198.374,184.441,206.66,223.505,201.741,200.918,196.183,190.344,188.012,191.925,164.935,167.258,192.194,207.256,190.837,191.949
"500",24.95,72.602,72.127,81.029,83.091,72.671,74.579,71.817,84.541,80.522,78.773,190.596,195.421,196.626,196.333,184.69,190.649,192.132,214.783,178.317,198.199,191.114,186.575,221.935,191.122,191.737,206.424,207.44,226.708,203.249,195.953,NA,NA,NA,NA,NA,NA,NA,NA,NA,NA,NA,NA,NA,NA,NA,NA,NA,NA,NA,NA,160.004,146.35,134.901,150.43,154.222,135.171,155.175,182.334,150.839,175.108,160.438,160.176,145.267,175.99,145.618,155.858,160.06,175.156,167.746,171.619,171.737,174.079,156.011,170.475,166.1,167.197,169.038,188.386,166.77,173.773,NA,NA,NA,NA,NA,NA,NA,NA,NA,NA,185.22,185.599,187.202,189.488,181.864,187.097,186.521,202.764,185.122,183.389,175.358,181.086,184.392,177.675,181.618,177.573,184.626,193.511,176.085,179.731,205.708,205.526,199.21,202.892,196.283,184.405,206.366,224.455,201.22,200.835,196.337,189.981,187.728,192.49,163.913,167.3,192.345,207.632,190.069,191.975
"501",25,72.603,72.437,81.671,82.96,71.702,74.548,71.75,84.175,80.578,78.706,190.833,196.093,197.637,195.432,184.843,190.511,192.251,214.973,178.102,198.244,191.165,185.766,222.183,191.09,187.508,206.351,207.474,225.644,202.546,195.94,NA,NA,NA,NA,NA,NA,NA,NA,NA,NA,NA,NA,NA,NA,NA,NA,NA,NA,NA,NA,160.011,147.03,134.625,148.678,155.039,135.192,154.927,181.876,151.242,175.031,160.435,158.4,143.669,176.617,143.91,155.777,160.211,174.616,167.654,171.529,171.724,174.874,156.78,170.505,166.755,167.196,169.023,187.715,166.985,173.787,NA,NA,NA,NA,NA,NA,NA,NA,NA,NA,185.307,186.753,185.947,190.627,180.32,186.996,186.605,201.498,184.815,183.431,175.519,182.211,184.591,176.879,180.968,177.568,184.812,193.211,176.288,179.658,205.71,206.512,200.787,202.405,196.362,184.372,206.403,225.44,202.674,200.878,196.394,190.543,187.725,191.681,165.687,167.299,192.437,208.113,190.383,192.106
"502",25.05,72.602,72.625,81.662,83.156,72.763,74.552,71.709,84.806,80.487,78.705,191.101,197.287,195.316,196.654,183.708,190.359,192.393,213.923,178.364,198.336,191.071,185.03,221.2,190.777,187.871,206.475,207.298,225.84,203.045,196.141,NA,NA,NA,NA,NA,NA,NA,NA,NA,NA,NA,NA,NA,NA,NA,NA,NA,NA,NA,NA,159.908,146.971,134.888,149.213,154.607,135.151,155.016,181.9,151.286,175.079,160.433,159.052,143.736,177.39,146.514,155.825,160.236,175.452,167.253,171.557,171.747,175.43,157.21,170.111,166.771,167.199,169.109,188.316,166.109,173.742,NA,NA,NA,NA,NA,NA,NA,NA,NA,NA,185.483,185.706,185.588,190.573,182.535,186.997,186.8,201.699,184.928,183.506,175.581,181.024,183.915,178.549,181.872,177.78,184.826,194.135,177.535,179.942,205.529,205.615,201.144,204.002,196.866,184.211,206.128,225.748,201.928,200.831,196.374,191.198,187.915,192.131,165.864,167.387,192.437,208.665,190.048,192.191
"503",25.1,72.596,72.282,81.46,82.915,72.51,74.532,71.712,84.549,80.691,78.721,190.928,196.415,195.881,195.797,184.88,190.334,192.242,214.137,177.668,198.185,191.221,185.076,220.436,191.191,191.883,206.277,207.302,224.861,202.885,195.909,NA,NA,NA,NA,NA,NA,NA,NA,NA,NA,NA,NA,NA,NA,NA,NA,NA,NA,NA,NA,159.942,147.115,134.476,149.429,155.15,135.173,155.028,181.543,150.445,175.022,160.442,159.937,143.799,175.97,144.953,155.793,160.208,174.446,167.035,171.544,171.736,174.966,157.434,171.019,165.054,167.151,169.069,189.232,166.954,173.812,NA,NA,NA,NA,NA,NA,NA,NA,NA,NA,185.51,186.279,186.21,190,181.86,187.077,186.72,202.082,184.013,183.468,175.573,182.275,182.979,178.335,182.823,177.719,184.764,194.037,176.643,179.758,205.601,205.084,201.23,203.004,198.354,184.334,206.319,225.713,200.627,200.91,196.585,190.441,188.47,192.207,163.43,167.433,192.371,208.899,190.613,192.307
"504",25.15,72.574,72.555,81.055,82.759,72.08,74.548,71.675,85.09,80.345,78.691,190.958,196.309,195.412,195.939,185.445,190.147,192.31,214.305,178.953,198.363,191.052,185.987,222.203,191.278,189.811,206.261,207.477,225.159,202.904,195.94,NA,NA,NA,NA,NA,NA,NA,NA,NA,NA,NA,NA,NA,NA,NA,NA,NA,NA,NA,NA,159.868,146.989,134.755,149.666,155.528,135.117,155.153,181.393,150.514,175.096,160.395,159.374,144.119,177.39,145.074,155.816,160.14,174.722,167.365,171.554,171.807,176.24,155.166,170.318,165.156,167.126,169.034,188.829,166.899,173.903,NA,NA,NA,NA,NA,NA,NA,NA,NA,NA,185.593,186.298,186.894,190.199,181.351,187.037,186.828,201.929,185.084,183.525,175.745,182.787,184.886,177.801,182.153,177.769,185.01,194.218,176.722,179.78,205.562,205.654,200.985,201.933,196.619,184.362,206.189,224.199,201.389,200.952,196.526,190.638,188.41,192.278,165.163,167.489,192.361,207.63,190.799,192.491
"505",25.2,72.561,72.17,80.59,82.343,71.633,74.549,71.756,84.691,80.491,78.675,191.191,196.057,196.149,195.736,187.139,190.011,192.096,213.92,178.911,198.096,190.899,185.548,221.04,191.356,190.762,206.411,207.567,225.045,202.268,195.888,NA,NA,NA,NA,NA,NA,NA,NA,NA,NA,NA,NA,NA,NA,NA,NA,NA,NA,NA,NA,159.864,146.228,133.817,149.273,154.419,135.133,155.185,182.146,150.63,175.049,160.524,160.045,144.931,176.687,144.956,155.733,160.191,174.538,166.332,171.581,171.697,176.484,156.349,170.395,165.208,167.072,169.054,187.963,167.143,173.773,NA,NA,NA,NA,NA,NA,NA,NA,NA,NA,185.815,186.163,187.418,191.107,182.133,187.232,186.755,202.63,184.571,183.501,175.59,182.172,184.025,177.262,181.721,177.879,185.033,193.681,176.552,180.007,205.665,204.897,200.299,202.606,195.061,184.293,206.567,224.421,201.38,200.829,196.418,190.392,187.114,190.997,164.974,167.547,192.609,207.561,190.921,192.309
"506",25.25,72.517,72.526,81.629,81.946,72.475,74.544,71.735,84.527,80.644,78.692,191.061,196.333,196.035,194.957,184.983,189.96,192.44,214.55,178.121,198.175,191.083,185.115,220.334,191.54,190.05,206.31,207.587,224.391,204.219,195.959,NA,NA,NA,NA,NA,NA,NA,NA,NA,NA,NA,NA,NA,NA,NA,NA,NA,NA,NA,NA,159.868,146.492,134.461,149.207,154.589,135.066,155.045,181.472,150.71,174.965,160.502,159.016,142.803,177.084,144.583,155.618,160.2,174.721,166.907,171.517,171.706,175.002,156.712,170.419,167.497,167.152,168.99,189.276,166.566,173.736,NA,NA,NA,NA,NA,NA,NA,NA,NA,NA,185.653,187.148,185.668,190.799,182.907,187.184,186.878,201.96,185.509,183.639,175.816,181.522,183.311,178.858,181.865,177.832,185.038,194.53,176.399,180.022,205.595,204.242,201.391,203.549,196.335,184.368,206.232,224.767,201.212,200.981,196.581,190.798,186.767,192.441,164.901,167.582,192.368,208.336,190.239,192.433
"507",25.3,72.567,72.188,81.168,82.446,72.813,74.516,71.785,84.925,80.614,78.725,191.34,198.492,194.292,196.6,186.824,189.651,192.551,214.707,177.928,198.16,190.851,185.508,220.707,193.077,189.762,206.366,207.476,224.969,203.388,195.819,NA,NA,NA,NA,NA,NA,NA,NA,NA,NA,NA,NA,NA,NA,NA,NA,NA,NA,NA,NA,159.933,146.414,134.467,149.361,154.497,135.022,154.912,181.531,151.372,175.075,160.585,158.224,143.655,175.959,144.945,155.811,160.136,175.262,167.271,171.502,171.567,176.371,156.675,170.736,167.892,167.048,169.054,188.572,167.142,173.882,NA,NA,NA,NA,NA,NA,NA,NA,NA,NA,185.841,186.685,186.111,191.485,180.997,187.11,186.898,202.052,185.05,183.533,175.891,181.894,183.873,178.765,180.614,177.815,185.05,194.088,176.802,180.061,205.69,205.77,199.399,202.522,196.129,184.332,206.117,226.451,201.726,200.8,196.725,190.29,187.662,192.37,165.798,167.624,192.633,207.102,189.46,192.433
"508",25.35,72.558,72.106,81.148,82.13,72.438,74.508,71.712,84.767,80.603,78.727,191.299,197.369,196.471,197.005,183.645,189.556,192.403,214.122,178.542,198.137,190.904,186.682,223.083,191.487,188.581,206.476,207.556,225.361,203.172,195.929,NA,NA,NA,NA,NA,NA,NA,NA,NA,NA,NA,NA,NA,NA,NA,NA,NA,NA,NA,NA,159.803,146.139,134.41,149.787,153.283,134.942,155.071,181.838,151.061,174.929,160.441,159.35,143.201,176.148,144.13,155.749,160.244,174.92,167.818,171.395,171.629,174.847,155.727,170.945,164.607,167.125,169.042,188.631,167.095,173.836,NA,NA,NA,NA,NA,NA,NA,NA,NA,NA,186.002,187.414,187.764,190.046,182.361,187.252,187.027,204.034,184.522,183.621,175.904,181.88,185.061,178.941,181.845,178.011,185.119,194.192,177.902,180.15,205.671,204.872,201.919,203.923,194.318,184.386,206.438,223.596,201.556,200.849,196.653,190.931,188.909,192.67,164.507,167.712,192.67,208.001,190.076,192.409
"509",25.4,72.5,72.447,80.979,82.258,72.019,74.535,71.688,84.426,80.099,78.724,191.339,197.261,194.397,196.696,186.164,189.534,192.706,214.677,178.037,198.156,191.025,185.432,220.595,191.415,188.602,206.363,207.541,224.802,202.851,195.822,NA,NA,NA,NA,NA,NA,NA,NA,NA,NA,NA,NA,NA,NA,NA,NA,NA,NA,NA,NA,159.771,147.038,133.845,148.989,153.566,134.943,155.176,182.114,151.023,175.082,160.527,159.687,143.232,176.869,145.498,155.706,160.247,174.729,167.377,171.438,171.638,175.898,156.831,171.006,165.938,167.073,168.973,187.896,167.343,173.808,NA,NA,NA,NA,NA,NA,NA,NA,NA,NA,186.076,187.872,184.809,190.688,183.924,187.133,187.06,202.724,185.861,183.755,176.019,182.059,185.153,178.034,182.452,177.949,185.231,194.378,177.735,180.089,205.599,204.999,200.716,202.65,193.539,184.374,206.62,223.46,201.618,200.9,196.681,190.77,187.997,193.028,166.471,167.753,192.776,209.194,190.169,192.619
"510",25.45,72.52,72.051,81.033,82.073,72.464,74.54,71.699,84.574,80.546,78.717,191.408,196.88,195.588,196.166,184.61,189.388,192.663,214.301,178.708,198.146,190.926,187.132,220.923,191.709,189.864,206.224,207.554,224.616,202.653,195.818,NA,NA,NA,NA,NA,NA,NA,NA,NA,NA,NA,NA,NA,NA,NA,NA,NA,NA,NA,NA,159.711,146.644,134.386,149.306,154.3,134.981,155.005,182.416,151.13,175.083,160.517,159.431,143.804,176.451,145.015,155.668,160.252,176.068,167.04,171.547,171.666,175.309,155.994,170.833,166.842,167.123,169.054,188.617,167.203,173.823,NA,NA,NA,NA,NA,NA,NA,NA,NA,NA,186.104,187.234,188.051,190.524,182.584,187.141,187.059,203.144,186.272,183.696,175.975,183.052,184.293,178.058,183.187,178.158,185.191,194.687,177.618,180.196,205.544,203.839,200.008,202.831,196.389,184.438,206.355,224.587,200.912,200.98,196.656,191.526,187.995,192.096,166.826,167.625,192.691,208.531,191.322,192.462
"511",25.5,72.554,72.721,81.388,82.324,72.094,74.523,71.724,84.608,80.485,78.724,191.448,198.387,197.514,195.837,187.172,189.303,192.531,215.541,178.28,198.395,190.843,186.192,222.425,190.289,188.434,206.384,207.389,226.655,203.37,195.952,NA,NA,NA,NA,NA,NA,NA,NA,NA,NA,NA,NA,NA,NA,NA,NA,NA,NA,NA,NA,159.687,147.053,133.766,149.795,153.693,134.818,155.081,181.805,150.688,175.12,160.412,159.312,143.692,177.092,145.968,155.691,160.405,174.866,167.531,171.585,171.517,174.298,155.76,171.343,165.279,167.132,169.066,188.451,167.135,173.706,NA,NA,NA,NA,NA,NA,NA,NA,NA,NA,186.245,188.22,187.194,191.1,183.076,187.38,187.018,202.959,185.044,183.82,176.145,183.235,184.674,178.508,181.988,178.091,185.421,195.175,177.634,180.25,205.573,205.089,200.9,201.808,195.834,184.262,206.493,224.469,200.594,200.935,196.564,189.916,188.37,192.68,165.591,167.866,192.775,208.267,189.769,192.377
"512",25.55,72.529,72.259,81.37,82.514,71.666,74.534,71.764,84.818,80.173,78.723,191.378,196.087,197.08,196.964,186.078,189.463,192.726,214.358,178.871,198.088,190.791,185.26,222.041,190.63,188.692,206.301,207.513,225.199,201.82,195.851,NA,NA,NA,NA,NA,NA,NA,NA,NA,NA,NA,NA,NA,NA,NA,NA,NA,NA,NA,NA,159.717,146.087,134.232,149.118,153.287,134.841,155.231,181.214,150.818,174.946,160.293,159.483,143.625,176.784,144.857,155.667,160.355,174.768,167.629,171.581,171.486,176.747,155.832,169.736,166.695,167.008,168.995,189.585,166.494,173.757,NA,NA,NA,NA,NA,NA,NA,NA,NA,NA,186.2,187.56,186.527,191.716,183.073,187.273,187.133,201.948,184.751,183.86,176.165,181.817,183.752,178.84,182.016,178.118,185.376,194.155,177.794,180.321,205.625,204.662,200.144,202.853,196.462,184.234,206.29,224.588,201.293,201.028,196.629,190.022,186.87,192.691,167.331,167.827,193.009,208.591,190.975,192.549
"513",25.6,72.508,72.661,80.637,82.4,71.652,74.553,71.693,85.04,80.314,78.728,191.568,197.616,197.019,196.48,184.924,189.131,192.941,215.42,179.179,198.029,190.765,186.129,221.746,191.371,188.495,206.238,207.381,224.651,202.331,195.955,NA,NA,NA,NA,NA,NA,NA,NA,NA,NA,NA,NA,NA,NA,NA,NA,NA,NA,NA,NA,159.746,145.679,133.833,149.371,154.167,134.734,155.026,181.116,151.255,175.019,160.405,160.013,143.806,176.575,145.281,155.589,160.267,175.966,166.337,171.518,171.529,175.941,155.345,170.295,165.857,167.075,169.069,188.199,167.64,173.805,NA,NA,NA,NA,NA,NA,NA,NA,NA,NA,186.335,186.983,187.012,189.848,183.703,187.303,187.39,202.638,185.903,183.779,176.285,182.199,184.611,178.852,181.29,178.148,185.525,194.274,177.213,180.357,205.504,205.483,200.677,203.76,193.698,184.296,206.366,225.466,200.864,200.755,196.825,192.157,188.436,193.003,165.837,167.841,192.846,208.289,190.703,192.72
"514",25.65,72.517,72.268,81.345,82.183,71.909,74.499,71.743,84.494,80.453,78.696,191.739,197.526,196.348,196.31,186.943,189.196,193.044,214.452,179.002,198.057,190.882,186.012,221.151,191.494,190.712,206.308,207.561,225.096,202.917,195.784,NA,NA,NA,NA,NA,NA,NA,NA,NA,NA,NA,NA,NA,NA,NA,NA,NA,NA,NA,NA,159.525,145.882,134.116,149.085,154.441,134.669,154.921,182.207,150.939,175.112,160.313,158.693,143.735,176.655,145.489,155.601,160.232,174.761,167.727,171.479,171.498,176.637,156.949,170.191,166.114,167.142,169.027,188.988,167.163,173.761,NA,NA,NA,NA,NA,NA,NA,NA,NA,NA,186.42,185.395,188.186,191.324,181.777,187.383,187.248,203.403,185.548,183.73,176.322,182.158,183.621,179.069,184.191,178.241,185.556,194.604,177.271,180.459,205.491,206.856,199.603,202.802,193.975,184.316,206.475,224.455,201.298,200.762,196.785,190.405,187.938,192.303,167.263,167.986,192.975,209.345,190.402,192.795
"515",25.7,72.506,71.688,81.743,82.041,71.811,74.512,71.722,84.708,80.237,78.742,191.748,195.099,197.254,195.715,184.398,188.982,192.928,216.157,177.994,198.144,190.877,184.875,220.679,192.049,187.475,206.409,207.514,225.022,202.904,196.034,NA,NA,NA,NA,NA,NA,NA,NA,NA,NA,NA,NA,NA,NA,NA,NA,NA,NA,NA,NA,159.571,146.16,134.203,149.128,153.747,134.645,154.881,182.743,150.557,175.03,160.353,159.592,143.805,176.962,143.578,155.522,160.307,174.436,167.32,171.354,171.456,175.358,156.371,170.406,167.09,167.134,169.003,187.948,166.498,173.827,NA,NA,NA,NA,NA,NA,NA,NA,NA,NA,186.578,186.47,187.541,189.473,183.118,187.334,187.509,203.337,184.632,NA,176.465,180.479,183.881,179.839,181.412,178.353,185.664,194.773,177.877,180.576,205.683,204.924,201.114,203.251,197.474,184.307,206.44,224.819,201.581,200.879,196.83,190.829,188.989,192.935,166.341,168.044,193.138,209.115,191.088,192.828
"516",25.75,72.471,72.554,81.361,82.192,72.302,74.481,71.696,85.046,80.16,78.712,191.829,197.202,195.335,196.858,184.918,188.931,192.984,214.899,178.622,198.202,190.742,185.365,219.616,191.119,188.827,206.334,207.437,225.921,202.694,195.954,NA,NA,NA,NA,NA,NA,NA,NA,NA,NA,NA,NA,NA,NA,NA,NA,NA,NA,NA,NA,159.61,146.562,134.081,149.692,154.727,134.663,155.127,181.517,150.979,174.963,160.489,159.431,143.493,176.292,145.654,155.635,160.235,174.7,166.6,171.568,171.448,176.348,156.652,170.84,166.755,167.101,169.139,187.401,166.94,173.794,NA,NA,NA,NA,NA,NA,NA,NA,NA,NA,NA,NA,NA,NA,NA,NA,NA,NA,NA,NA,176.483,182.083,185.034,179.592,182.612,178.319,185.757,195.06,177.445,180.606,205.621,204.724,200.595,201.772,196.188,184.368,206.511,223.137,201.728,200.823,196.875,191.939,187.634,193.052,166.654,168.084,193.12,209.264,191.183,192.801
"517",25.8,72.486,72.381,81.527,81.914,72.03,74.535,71.694,84.53,80.139,78.722,191.796,197.837,195.562,197.291,186.625,188.863,192.919,214.103,179.105,198.238,190.601,184.211,221.248,190.822,189.614,206.378,207.416,225.998,202.582,195.836,NA,NA,NA,NA,NA,NA,NA,NA,NA,NA,NA,NA,NA,NA,NA,NA,NA,NA,NA,NA,159.526,146.091,133.144,148.915,154.908,134.624,155.052,181.623,150.448,175.044,160.489,159.563,143.791,176.725,144.693,155.582,160.374,174.303,167.581,171.503,171.582,174.286,156.297,169.746,166.564,167.051,169.084,188.043,167.032,173.956,NA,NA,NA,NA,NA,NA,NA,NA,NA,NA,NA,NA,NA,NA,NA,NA,NA,NA,NA,NA,NA,NA,183.278,180.002,NA,178.276,185.94,194.614,177.128,180.686,205.587,205.422,200.576,203.68,195.946,184.359,206.401,222.906,202.206,200.817,197.06,191.465,187.465,192.784,165.335,168.049,193.198,208.402,191.674,193.083
"518",25.85,72.468,72.02,81.63,81.838,71.44,74.533,71.633,84.989,80.273,78.745,191.831,197.652,196.07,196.641,184.817,182.486,193.067,214.496,178.686,198.16,190.762,184.823,220.855,191.121,188.777,206.376,207.358,224.678,202.766,195.769,NA,NA,NA,NA,NA,NA,NA,NA,NA,NA,NA,NA,NA,NA,NA,NA,NA,NA,NA,NA,159.614,146.302,133.899,149.292,154.022,134.61,155.135,182.258,150.302,175.024,160.445,160.135,143.01,176.275,144.479,155.662,160.289,174.392,167.342,171.435,171.327,174.583,156.468,169.989,166.026,166.916,169.034,188.075,166.2,173.927,NA,NA,NA,NA,NA,NA,NA,NA,NA,NA,NA,NA,NA,NA,NA,NA,NA,NA,NA,NA,NA,NA,NA,NA,NA,NA,NA,NA,NA,NA,205.706,204.699,201.203,202.459,196.631,184.292,206.344,222.867,201.177,200.828,196.856,190.016,187.735,192.394,167.302,168.146,193.211,207.711,190.356,192.819
"519",25.9,72.504,72.108,81.102,82.358,71.973,74.495,71.605,84.635,80.159,78.77,191.963,198.426,196.367,196.333,186.653,190.746,193.067,215.658,179.565,198.053,190.779,185.578,220.693,191.952,188.179,206.321,207.442,226.05,202.319,195.953,NA,NA,NA,NA,NA,NA,NA,NA,NA,NA,NA,NA,NA,NA,NA,NA,NA,NA,NA,NA,159.455,146.186,134.891,149.84,153.736,134.614,154.991,180.872,150.733,174.929,160.286,159.545,143.765,176.239,144.197,155.462,160.541,174.917,167.222,171.582,171.421,176.055,155.638,171.108,164.965,167.063,169.056,188.045,167.77,173.784,NA,NA,NA,NA,NA,NA,NA,NA,NA,NA,NA,NA,NA,NA,NA,NA,NA,NA,NA,NA,NA,NA,NA,NA,NA,NA,NA,NA,NA,NA,205.539,204.362,201.162,202.003,195.686,184.465,206.372,223.137,201.064,200.738,196.839,192.203,187.803,193.131,165.889,168.302,193.167,207.908,190.719,192.811
"520",25.95,72.44,72.23,81.27,81.919,71.831,74.481,71.616,84.669,80.654,78.722,191.888,197.227,195.489,197.633,186.267,189.818,193.24,215.192,178.325,198.109,190.623,185.04,218.958,192.292,189.318,206.368,207.524,225.604,202.849,195.929,NA,NA,NA,NA,NA,NA,NA,NA,NA,NA,NA,NA,NA,NA,NA,NA,NA,NA,NA,NA,159.395,145.897,134.218,149.152,154.694,134.527,155.048,182.508,150.878,174.967,160.335,160.458,142.446,176.569,146.081,155.513,160.29,174.759,166.797,171.334,171.565,176.383,155.972,171.567,166.68,166.993,169.109,187.649,167.032,173.829,NA,NA,NA,NA,NA,NA,NA,NA,NA,NA,NA,NA,NA,NA,NA,NA,NA,NA,NA,NA,NA,NA,NA,NA,NA,NA,NA,NA,NA,NA,205.407,205.208,201.583,201.566,194.258,184.348,206.301,225.38,201.838,200.868,197.066,191.9,188.634,193.335,166.323,168.133,193.195,209.763,191.087,193.101
"521",26,72.483,72.311,80.857,81.42,72.085,74.506,71.534,84.496,80.116,78.752,191.986,198.276,196.642,197.822,184.698,189.637,193.405,213.668,179.243,198.034,190.737,185.406,221.949,191.301,189.265,206.415,207.595,225.272,203.154,195.875,NA,NA,NA,NA,NA,NA,NA,NA,NA,NA,NA,NA,NA,NA,NA,NA,NA,NA,NA,NA,159.42,146.318,132.967,149.589,154.099,134.617,155.002,182.726,150.969,174.987,160.417,159.558,143.647,176.912,144.723,155.523,160.42,174.409,168.002,171.529,171.301,174.304,156.764,170.426,165.72,166.964,168.817,188.439,166.701,173.779,NA,NA,NA,NA,NA,NA,NA,NA,NA,NA,NA,NA,NA,NA,NA,NA,NA,NA,NA,NA,NA,NA,NA,NA,NA,NA,NA,NA,NA,NA,205.499,205.703,199.343,202.995,194.156,184.426,206.466,224.838,200.994,200.845,196.999,190.409,188.456,193.08,167.523,168.223,193.224,208.989,190.493,193.059
"522",26.05,72.467,72.328,81.054,81.883,71.493,74.497,71.541,84.442,80.226,78.745,192.03,196.595,196.1,197.253,187.734,189.501,193.459,215.197,179.488,198.169,190.615,185.626,222.944,191.382,190.359,206.252,207.542,224.258,203.313,195.845,NA,NA,NA,NA,NA,NA,NA,NA,NA,NA,NA,NA,NA,NA,NA,NA,NA,NA,NA,NA,159.462,146.392,133.723,149.213,154.267,134.548,154.932,183.029,151.478,174.926,160.386,158.988,142.681,176.769,146.007,155.485,160.355,175.105,166.896,171.248,171.453,175.906,155.84,170.632,164.188,166.961,169.085,188.816,166.869,173.783,NA,NA,NA,NA,NA,NA,NA,NA,NA,NA,NA,NA,NA,NA,NA,NA,NA,NA,NA,NA,NA,NA,NA,NA,NA,NA,NA,NA,NA,NA,205.683,204.934,200.902,202.289,195.061,184.423,206.465,224.132,202.142,200.944,197.031,192.686,188.348,193.045,166.747,168.326,193.428,209.26,190.456,193.193
"523",26.1,72.461,72.115,81.581,81.637,72.345,74.491,71.5,84.656,80.252,78.704,192.157,198.308,196.38,196.634,184.182,189.475,193.313,215.394,179.506,198.062,190.545,184.717,221.215,191.855,188.774,206.399,207.528,225.043,203.02,195.835,NA,NA,NA,NA,NA,NA,NA,NA,NA,NA,NA,NA,NA,NA,NA,NA,NA,NA,NA,NA,159.339,146.441,133.616,150.092,153.882,134.535,155.082,181.651,150.604,174.935,160.38,159.388,142.854,175.515,144.933,155.47,160.272,173.865,166.77,171.385,171.366,176.53,156.207,170.74,165.963,167.051,168.949,188.012,166.073,173.892,NA,NA,NA,NA,NA,NA,NA,NA,NA,NA,NA,NA,NA,NA,NA,NA,NA,NA,NA,NA,NA,NA,NA,NA,NA,NA,NA,NA,NA,NA,205.501,205.901,200.781,202.645,196.387,184.393,205.973,224.208,201.8,200.87,197.144,190.891,187.539,192.016,166.25,168.339,193.462,207.781,191.828,193.265
"524",26.15,72.476,72.585,81.429,81.494,72.248,74.514,71.479,85.203,80.141,78.731,192.314,198.523,197.166,197.47,185.76,189.504,193.476,215.041,179.533,198.065,190.692,186.202,221.978,191.781,190.434,206.458,207.234,227.101,203.395,196.093,NA,NA,NA,NA,NA,NA,NA,NA,NA,NA,NA,NA,NA,NA,NA,NA,NA,NA,NA,NA,159.291,146.926,134.235,149.777,153.173,134.491,155.122,182.546,151.004,174.934,160.491,158.583,143.391,176.307,144.621,155.515,160.402,174.934,167.338,171.439,171.35,175.786,155.872,170.48,166.974,166.828,169.038,188.764,167.228,173.763,NA,NA,NA,NA,NA,NA,NA,NA,NA,NA,NA,NA,NA,NA,NA,NA,NA,NA,NA,NA,NA,NA,NA,NA,NA,NA,NA,NA,NA,NA,205.594,205.24,201.072,203.067,196.423,184.359,206.23,224.923,201.016,200.916,197.146,192.021,189.501,193.116,166.874,168.497,193.413,209.501,190.465,193.152
"525",26.2,72.445,72.543,81.175,81.439,71.913,74.498,71.438,84.576,80.208,78.732,192.227,199.112,196.718,197.152,183.115,189.257,193.62,215.399,179.434,198.277,190.558,185.075,221.392,191.979,188.945,206.429,207.558,224.719,202.995,195.988,NA,NA,NA,NA,NA,NA,NA,NA,NA,NA,NA,NA,NA,NA,NA,NA,NA,NA,NA,NA,159.248,146.769,133.557,148.985,155.431,134.471,155.071,181.641,150.839,174.831,160.35,159.618,144.038,177.126,143.958,155.34,160.433,173.31,166.959,171.481,171.363,174.225,156.031,169.65,166.098,166.961,169.01,187.904,166.588,173.823,NA,NA,NA,NA,NA,NA,NA,NA,NA,NA,NA,NA,NA,NA,NA,NA,NA,NA,NA,NA,NA,NA,NA,NA,NA,NA,NA,NA,NA,NA,205.489,204.274,201.3,202.715,196.155,184.407,206.44,226.237,201.654,200.88,197.18,190.366,188.753,193.79,166.254,168.508,193.659,207.006,190.475,193.255
"526",26.25,72.441,72.323,81.488,81.247,72.104,74.538,71.477,84.92,80.527,78.681,192.301,197.893,197.425,197.301,185.331,189.266,193.479,214.877,179.243,198.102,190.436,185.083,220.86,191.488,190.398,206.448,207.4,226.57,203.163,195.859,NA,NA,NA,NA,NA,NA,NA,NA,NA,NA,NA,NA,NA,NA,NA,NA,NA,NA,NA,NA,159.271,146.125,132.435,148.809,152.17,134.55,154.951,180.627,150.647,174.884,160.337,158.548,143.61,176.414,143.81,155.324,160.366,174.687,166.734,171.56,171.504,174.992,157.026,170.833,165.356,166.99,169.051,188.39,166.198,173.829,NA,NA,NA,NA,NA,NA,NA,NA,NA,NA,NA,NA,NA,NA,NA,NA,NA,NA,NA,NA,NA,NA,NA,NA,NA,NA,NA,NA,NA,NA,205.49,204.616,201.974,203.626,194.729,184.291,206.416,223.019,201.959,200.792,197.338,191.235,188.071,193.59,167.484,168.466,193.617,208.706,190.941,193.433
"527",26.3,72.46,72.095,81.69,81.586,71.963,74.521,71.415,84.972,80.08,78.734,192.358,197.494,196.562,196.687,183.49,189.093,193.687,215.329,179.347,198.21,190.589,185.399,220.786,191.279,190.487,206.483,207.475,226.231,203.279,195.846,NA,NA,NA,NA,NA,NA,NA,NA,NA,NA,NA,NA,NA,NA,NA,NA,NA,NA,NA,NA,159.203,145.921,132.585,148.643,154.127,134.363,154.966,182.318,150.487,174.964,160.446,159.079,143.491,177.132,145.893,155.342,160.349,174.709,166.689,171.376,171.423,174.941,156.547,170.473,165.877,166.914,168.929,188.261,166.717,173.885,NA,NA,NA,NA,NA,NA,NA,NA,NA,NA,NA,NA,NA,NA,NA,NA,NA,NA,NA,NA,NA,NA,NA,NA,NA,NA,NA,NA,NA,NA,205.604,205.053,201.043,203.261,196.224,184.395,206.4,223.794,201.547,200.827,197.264,190.807,189.12,193.528,167.193,168.585,193.796,208.49,190.7,193.453
"528",26.35,72.43,72.464,80.965,81.068,71.96,74.488,71.376,84.569,80.509,78.714,192.417,197.119,197.15,197.627,186.632,189.111,193.714,215.738,180.277,198.118,190.447,184.815,222.969,191.32,188.179,206.282,207.562,223.993,202.766,195.717,NA,NA,NA,NA,NA,NA,NA,NA,NA,NA,NA,NA,NA,NA,NA,NA,NA,NA,NA,NA,159.271,146.379,133.601,149.277,154.432,134.375,155.018,181.932,150.803,174.906,160.298,158.794,143.627,175.974,144.342,155.313,160.515,175.387,166.718,171.335,171.306,174.367,156.719,169.806,163.816,166.916,168.911,189.038,166.401,173.84,NA,NA,NA,NA,NA,NA,NA,NA,NA,NA,NA,NA,NA,NA,NA,NA,NA,NA,NA,NA,NA,NA,NA,NA,NA,NA,NA,NA,NA,NA,205.552,204.935,201.22,202.396,197.039,184.324,206.426,224.513,201.166,200.906,197.298,190.373,189.564,194.016,169.094,168.668,193.641,210.133,191.587,193.572
"529",26.4,72.398,72.556,81.429,80.997,71.96,74.513,71.339,84.74,80.178,78.706,192.543,197.643,195.729,195.234,187.745,188.967,193.7,216.041,180.006,198.061,190.4,184.526,221.975,191.846,188.983,206.177,207.282,225.772,203.366,195.826,NA,NA,NA,NA,NA,NA,NA,NA,NA,NA,NA,NA,NA,NA,NA,NA,NA,NA,NA,NA,159.318,146.85,132.997,148.853,154.385,134.449,154.985,181.853,150.828,174.904,160.395,159.521,143.338,176.901,145.61,155.337,160.424,174.756,168.024,171.459,171.29,176.474,156.52,170.143,165.865,166.957,169.077,186.236,166.244,173.943,NA,NA,NA,NA,NA,NA,NA,NA,NA,NA,NA,NA,NA,NA,NA,NA,NA,NA,NA,NA,NA,NA,NA,NA,NA,NA,NA,NA,NA,NA,205.579,204.859,199.97,202.187,197.573,184.425,206.219,224.347,200.999,200.758,197.355,191.978,188.829,193.942,167.508,168.695,193.791,209.675,191.405,193.623
"530",26.45,72.44,71.965,81.2,81.086,72.21,74.495,71.254,84.723,80.055,78.716,192.572,199.061,197.525,196.304,185.661,188.949,193.632,214.189,181.344,198.029,190.497,183.644,221.001,191.471,189.581,206.31,207.473,224.519,203.539,195.762,NA,NA,NA,NA,NA,NA,NA,NA,NA,NA,NA,NA,NA,NA,NA,NA,NA,NA,NA,NA,159.122,146.486,132.747,149.375,153.356,134.336,154.931,182.026,150.027,174.81,160.282,158.203,143.476,176.11,144.838,155.268,160.344,174.65,167.272,171.481,171.267,175.799,156.835,170.373,164.903,166.869,169.062,188.133,167.438,173.816,NA,NA,NA,NA,NA,NA,NA,NA,NA,NA,NA,NA,NA,NA,NA,NA,NA,NA,NA,NA,NA,NA,NA,NA,NA,NA,NA,NA,NA,NA,205.647,205.695,200.134,202.305,197.15,184.282,206.452,224.675,200.895,200.829,197.421,192.364,187.66,194.615,167.627,168.738,193.585,209.743,192.344,193.59
"531",26.5,72.414,72.426,81.363,81.628,72.098,74.491,71.241,84.313,80.235,78.711,192.477,199.538,197.121,197.59,186.942,188.849,193.74,214.909,180.759,198.034,190.347,184.367,220.532,191.386,189.031,206.361,207.343,226.401,203.435,195.814,NA,NA,NA,NA,NA,NA,NA,NA,NA,NA,NA,NA,NA,NA,NA,NA,NA,NA,NA,NA,159.295,145.553,132.822,149.134,153.825,134.321,155.097,181.973,150.62,174.957,160.247,159.328,143.215,175.998,144.177,155.256,160.536,174.262,166.763,171.364,171.285,176.037,155.549,170.63,167.124,166.902,168.933,189.823,167.387,173.789,NA,NA,NA,NA,NA,NA,NA,NA,NA,NA,NA,NA,NA,NA,NA,NA,NA,NA,NA,NA,NA,NA,NA,NA,NA,NA,NA,NA,NA,NA,205.376,206.961,200.063,202.912,196.813,184.386,206.197,223.426,200.662,200.744,197.454,190.935,188.412,192.968,168.167,168.846,193.766,209.276,191.931,193.611
"532",26.55,72.403,72.435,81.169,80.74,72.236,74.533,71.171,84.732,80.112,78.731,192.719,197.334,196.538,197.44,187.219,188.75,193.751,215.121,180.016,198.186,190.397,185.584,220.519,190.162,187.934,206.345,207.446,225.676,203.255,195.942,NA,NA,NA,NA,NA,NA,NA,NA,NA,NA,NA,NA,NA,NA,NA,NA,NA,NA,NA,NA,159.1,146.622,133.364,149.226,154.197,134.34,155.124,180.738,151.323,174.976,160.25,159.384,143.806,178.175,143.518,155.304,160.434,175.031,168.009,171.373,171.341,175.058,156.295,170.606,166.285,166.943,168.856,188.665,166.699,173.85,NA,NA,NA,NA,NA,NA,NA,NA,NA,NA,NA,NA,NA,NA,NA,NA,NA,NA,NA,NA,NA,NA,NA,NA,NA,NA,NA,NA,NA,NA,205.439,205.362,200.016,202.933,197.521,184.301,206.36,222.944,201.979,200.689,197.406,192.78,189.186,193.273,168.151,168.852,193.665,210.881,190.346,193.765
"533",26.6,72.401,72.358,81.207,80.876,72.377,74.478,71.169,84.595,79.819,78.757,192.626,197.818,196.808,198.11,186.641,188.761,193.93,215.515,179.935,198.245,190.335,185.151,220.731,191.042,190.371,206.332,207.698,225.848,203.574,195.833,NA,NA,NA,NA,NA,NA,NA,NA,NA,NA,NA,NA,NA,NA,NA,NA,NA,NA,NA,NA,159.004,146.967,133.169,149.067,153.835,134.248,154.989,180.635,150.234,174.899,160.268,160.677,143.01,176.251,144.516,155.288,160.582,174.177,166.175,171.265,171.27,176.495,155.544,170.648,165.405,166.993,168.965,187.793,166.705,173.843,NA,NA,NA,NA,NA,NA,NA,NA,NA,NA,NA,NA,NA,NA,NA,NA,NA,NA,NA,NA,NA,NA,NA,NA,NA,NA,NA,NA,NA,NA,205.516,205.626,200.474,203.367,195.322,184.378,206.345,224.293,201.715,200.827,197.389,191.285,189.291,194.223,167.136,168.824,193.928,209.692,190.8,193.976
"534",26.65,72.397,72.095,81.179,81.247,71.726,74.514,71.1,84.83,80.173,78.738,192.825,198.079,197.3,197.54,186.493,188.496,193.921,214.388,180.309,198.173,190.489,185.268,221.174,191.021,191.213,206.379,207.541,224.534,203.824,195.945,NA,NA,NA,NA,NA,NA,NA,NA,NA,NA,NA,NA,NA,NA,NA,NA,NA,NA,NA,NA,159.049,146.556,133.505,149.794,152.651,134.251,155.02,181.695,150.374,174.922,160.376,159.725,143.721,176.716,143.661,155.206,160.46,174.773,167.117,171.468,171.35,174.352,156.099,169.848,165.598,166.91,168.987,186.997,166.901,173.905,NA,NA,NA,NA,NA,NA,NA,NA,NA,NA,NA,NA,NA,NA,NA,NA,NA,NA,NA,NA,NA,NA,NA,NA,NA,NA,NA,NA,NA,NA,205.527,205.767,202.372,202.411,196.852,184.2,206.375,224.369,201.234,200.682,197.553,191.911,187.566,193.182,169.57,168.939,194.208,210.667,191.502,193.865
"535",26.7,72.383,72.373,81.535,81.242,71.414,74.483,71.098,84.813,80.283,78.734,192.882,198.978,195.945,197.649,186.489,188.744,194.164,215.195,180.389,198.219,190.43,183.225,222.816,190.942,189.464,206.279,207.387,225.469,202.703,195.874,NA,NA,NA,NA,NA,NA,NA,NA,NA,NA,NA,NA,NA,NA,NA,NA,NA,NA,NA,NA,159.002,146.758,132.792,149.001,153.844,134.254,155.042,180.876,150.53,174.868,160.334,158.883,142.914,176.905,144.738,155.311,160.504,174.976,166.857,171.424,171.285,175.594,156.721,169.156,166.205,166.959,168.921,187.183,167.091,173.837,NA,NA,NA,NA,NA,NA,NA,NA,NA,NA,NA,NA,NA,NA,NA,NA,NA,NA,NA,NA,NA,NA,NA,NA,NA,NA,NA,NA,NA,NA,205.577,204.613,200,203.575,197.962,184.465,206.27,223.244,201.281,200.779,197.453,191.018,188.734,194.586,166.3,169.126,193.78,209.542,191.435,193.97
"536",26.75,72.384,71.613,81.849,80.95,72.41,74.478,71.077,84.692,80.328,78.693,192.83,196.992,195.928,196.523,186.25,188.746,194.319,214.921,179.957,198.191,190.305,183.399,221.492,192.312,189.651,206.345,207.455,224.065,202.692,195.839,NA,NA,NA,NA,NA,NA,NA,NA,NA,NA,NA,NA,NA,NA,NA,NA,NA,NA,NA,NA,158.986,146.056,133.5,149.678,154.015,134.253,154.959,181.668,150.709,174.948,160.299,158.474,142.994,176.261,144.028,155.183,160.532,174.966,167.58,171.35,171.29,174.482,156.039,168.963,166.328,167.051,168.953,187.177,166.683,173.874,NA,NA,NA,NA,NA,NA,NA,NA,NA,NA,NA,NA,NA,NA,NA,NA,NA,NA,NA,NA,NA,NA,NA,NA,NA,NA,NA,NA,NA,NA,205.474,204.212,199.523,202.669,195.836,184.41,206.416,223.84,201.21,200.781,197.616,192.334,187.379,194.663,168.131,169.101,193.98,209.983,191.868,193.999
"537",26.8,72.399,71.882,81.46,81.06,71.713,74.51,71.028,85.015,80.167,78.715,192.987,198.894,197.528,197.624,187.421,188.522,194.187,213.476,181.211,198.021,190.308,185.742,222.465,190.679,188.685,206.481,207.531,224.406,203.996,195.931,NA,NA,NA,NA,NA,NA,NA,NA,NA,NA,NA,NA,NA,NA,NA,NA,NA,NA,NA,NA,158.959,146.327,133.175,148.802,153.759,134.144,155.181,182.267,150.319,174.873,160.414,159.94,144.151,175.986,143.523,155.288,160.628,175.459,167.853,171.269,171.064,174.133,155.415,170.098,165.644,166.824,169.061,187.996,166.584,173.876,NA,NA,NA,NA,NA,NA,NA,NA,NA,NA,NA,NA,NA,NA,NA,NA,NA,NA,NA,NA,NA,NA,NA,NA,NA,NA,NA,NA,NA,NA,205.736,204.694,200.733,202.126,195.092,184.342,206.358,224.258,201.193,200.932,197.531,192.994,188.536,193.042,168.75,169.151,193.945,209.838,191.47,194.013
"538",26.85,72.371,72.271,81.577,81.105,71.906,74.492,70.947,84.71,79.968,78.699,192.917,198.355,197.141,196.865,186.643,188.342,194.191,215.766,180.686,198.056,190.305,185.414,220.901,192.781,189.236,206.313,207.437,225.616,203.056,195.892,NA,NA,NA,NA,NA,NA,NA,NA,NA,NA,NA,NA,NA,NA,NA,NA,NA,NA,NA,NA,159.037,146.467,133.005,149.101,152.861,134.127,155.006,181.636,151.427,174.905,160.191,158.696,143.156,176.182,143.444,155.207,160.566,174.458,167.226,171.336,171.25,175.419,155.552,171.129,165.186,166.793,168.942,189.175,166.007,173.936,NA,NA,NA,NA,NA,NA,NA,NA,NA,NA,NA,NA,NA,NA,NA,NA,NA,NA,NA,NA,NA,NA,NA,NA,NA,NA,NA,NA,NA,NA,205.524,205.869,199.414,203.22,197.866,184.272,206.716,223.208,201.868,200.738,197.496,191.204,188.872,194.162,170.112,169.286,194.035,209.769,190.689,194.097
"539",26.9,72.359,72.67,80.959,80.977,72.009,74.468,70.944,84.581,79.88,78.726,193.095,198.231,196.261,197.131,188.01,188.463,194.377,215.477,180.516,198.171,190.284,184.815,221.544,191.674,189.85,206.413,207.443,225.38,202.808,195.766,NA,NA,NA,NA,NA,NA,NA,NA,NA,NA,NA,NA,NA,NA,NA,NA,NA,NA,NA,NA,158.884,147.434,132.342,149.199,153.943,134.076,155.008,181.572,151.087,174.798,160.277,159.547,142.669,176.708,145.666,155.223,160.613,175.311,167.052,171.418,171.191,175.336,155.926,170.397,164.749,166.889,168.919,188.689,166.851,173.995,NA,NA,NA,NA,NA,NA,NA,NA,NA,NA,NA,NA,NA,NA,NA,NA,NA,NA,NA,NA,NA,NA,NA,NA,NA,NA,NA,NA,NA,NA,205.447,205.072,200.353,202.451,194.263,184.373,206.301,225.042,201.791,200.701,197.741,193.33,188.962,194.285,166.646,169.147,194.247,208.853,191.805,194.04
"540",26.95,72.337,72.506,81.268,81.111,71.268,74.448,70.966,84.874,79.848,78.706,193.137,198.235,197.319,196.904,187.658,188.186,194.218,214.906,180.611,198.078,190.242,183.789,221.885,191.69,188.579,206.487,207.441,225.019,203.188,195.941,NA,NA,NA,NA,NA,NA,NA,NA,NA,NA,NA,NA,NA,NA,NA,NA,NA,NA,NA,NA,158.849,146.22,131.894,149.542,154.252,134.021,155.056,182.028,150.573,174.879,160.181,159.77,142.874,175.519,144.095,155.209,160.735,174.097,166.819,171.226,171.109,175.727,155.604,169.884,165.125,166.856,168.939,188.585,166.846,173.963,NA,NA,NA,NA,NA,NA,NA,NA,NA,NA,NA,NA,NA,NA,NA,NA,NA,NA,NA,NA,NA,NA,NA,NA,NA,NA,NA,NA,NA,NA,205.467,206.856,201.621,202.803,197.35,184.395,206.439,223.812,201.6,200.817,197.64,192.101,189.263,193.032,169.133,169.374,194.291,209.961,190.718,194.234
"541",27,72.337,72.321,81.432,80.719,71.872,74.489,70.886,84.917,80.117,78.781,193.121,198.637,198.485,197.202,186.035,188.226,194.482,215.653,180.837,198.262,190.269,185.491,222.415,190.882,188.144,206.446,207.538,226.355,203.207,195.721,NA,NA,NA,NA,NA,NA,NA,NA,NA,NA,NA,NA,NA,NA,NA,NA,NA,NA,NA,NA,158.801,146.646,132.537,149.007,153.183,134.065,155.091,182.08,149.908,174.897,160.285,159.709,143.179,176.579,143.263,155.159,160.553,175.072,167.494,171.233,171.127,176.048,155.695,169.471,167.456,166.875,168.931,188.718,166.759,173.921,NA,NA,NA,NA,NA,NA,NA,NA,NA,NA,NA,NA,NA,NA,NA,NA,NA,NA,NA,NA,NA,NA,NA,NA,NA,NA,NA,NA,NA,NA,205.481,204.561,200.779,202.27,195.143,184.308,206.541,223.817,201.387,200.818,197.886,192.383,188.648,194.294,168.936,169.302,194.286,209.249,191.945,194.247
"542",27.05,72.329,72.36,81.591,80.69,71.591,74.498,70.933,84.976,80.01,78.717,193.274,199.686,196.238,197.729,186.447,188.263,194.495,214.103,180.695,197.983,190.195,184.912,223.551,190.888,189.061,206.335,207.603,223.1,203.867,195.904,NA,NA,NA,NA,NA,NA,NA,NA,NA,NA,NA,NA,NA,NA,NA,NA,NA,NA,NA,NA,158.75,146.768,132.294,149.752,151.714,134.06,155.011,181.501,150.951,174.97,160.247,159.869,142.492,176.622,144.418,155.143,160.515,175.451,167.222,171.437,171.143,175.23,156.2,170.748,163.67,166.787,168.87,187.9,166.829,173.979,NA,NA,NA,NA,NA,NA,NA,NA,NA,NA,NA,NA,NA,NA,NA,NA,NA,NA,NA,NA,NA,NA,NA,NA,NA,NA,NA,NA,NA,NA,205.556,205.849,199.952,202.398,196.471,184.289,206.378,223.403,201.488,200.815,197.87,192.656,189.588,192.9,169.184,169.356,194.46,210.196,191.333,194.459
"543",27.1,72.325,72.146,81.262,80.498,72.193,74.454,70.886,84.708,79.972,78.756,193.265,198.109,197.266,198.344,184.743,188.214,194.441,216.373,181.289,198.115,190.085,184.459,222.463,191.886,190.453,206.356,207.524,224.035,202.659,195.9,NA,NA,NA,NA,NA,NA,NA,NA,NA,NA,NA,NA,NA,NA,NA,NA,NA,NA,NA,NA,158.901,147.67,132.998,150.161,153.176,134.056,155.007,181.935,150.855,174.721,160.272,158.661,143.089,176.083,143.714,155.189,160.586,174.647,166.885,171.3,171.04,176.675,154.908,170.437,165.532,166.867,168.843,188.935,166.936,173.9,NA,NA,NA,NA,NA,NA,NA,NA,NA,NA,NA,NA,NA,NA,NA,NA,NA,NA,NA,NA,NA,NA,NA,NA,NA,NA,NA,NA,NA,NA,205.432,205.867,202.144,203.045,197.257,184.352,206.421,224.651,201.852,200.787,197.674,192.804,188.174,194.475,169.27,169.566,194.374,211.323,191.699,194.336
"544",27.15,72.351,72.809,81.391,80.855,71.655,74.516,70.89,84.863,79.975,78.691,193.443,198.764,197.979,198.451,186.616,188.105,194.633,216.213,180.961,198.044,190.136,184.516,220.528,191.626,188.822,206.378,207.41,224.397,203.396,195.837,NA,NA,NA,NA,NA,NA,NA,NA,NA,NA,NA,NA,NA,NA,NA,NA,NA,NA,NA,NA,158.747,147.015,132.398,149.563,154.324,133.984,155.016,182.201,150.862,174.848,160.229,159.215,143.36,176.236,143.782,155.077,160.598,175.599,167.181,171.179,171.078,176.035,155.471,170.349,166.418,166.736,168.883,188.41,166.848,173.859,NA,NA,NA,NA,NA,NA,NA,NA,NA,NA,NA,NA,NA,NA,NA,NA,NA,NA,NA,NA,NA,NA,NA,NA,NA,NA,NA,NA,NA,NA,205.409,205.234,200.92,203.043,194.432,184.184,206.55,222.976,200.286,200.767,197.923,192.015,189.218,193.763,168.513,169.595,194.549,209.923,192.411,194.431
"545",27.2,72.337,72.404,80.821,80.691,71.879,74.436,70.855,85.121,80.27,78.717,193.408,199.702,196.888,197.654,186.083,188.002,194.685,216.563,180.965,198.174,190.108,183.916,221.847,190.773,188.267,206.411,207.581,225.469,203.54,195.866,NA,NA,NA,NA,NA,NA,NA,NA,NA,NA,NA,NA,NA,NA,NA,NA,NA,NA,NA,NA,158.902,146.213,131.868,149.246,154.814,133.997,155.044,180.59,151.165,174.89,160.249,160.814,143.048,176.194,145.064,155.08,160.694,174.886,166.766,171.319,171.068,174.852,155.497,170.425,166.106,166.784,168.889,188.241,167.277,173.819,NA,NA,NA,NA,NA,NA,NA,NA,NA,NA,NA,NA,NA,NA,NA,NA,NA,NA,NA,NA,NA,NA,NA,NA,NA,NA,NA,NA,NA,NA,205.593,203.655,200.872,203.93,197.569,184.401,206.516,224.115,201.785,200.775,197.937,191.758,188.194,194.568,168.984,169.594,194.582,210.545,191.435,194.435
"546",27.25,72.364,71.942,81.209,80.667,72.052,74.469,70.759,84.867,79.938,78.668,193.524,199.55,198.404,198.426,186.591,187.998,194.601,216.426,181.163,197.95,190.04,183.644,221.837,191.621,188.102,206.545,207.762,225.756,202.706,196.071,NA,NA,NA,NA,NA,NA,NA,NA,NA,NA,NA,NA,NA,NA,NA,NA,NA,NA,NA,NA,158.539,145.787,132.292,149.17,154.951,133.886,154.936,181.165,151.271,174.855,160.252,158.955,143.701,175.869,145.806,155.166,160.679,175.338,166.129,171.27,171.073,174.721,155.367,169.543,166.711,166.824,168.833,187.494,166.181,173.84,NA,NA,NA,NA,NA,NA,NA,NA,NA,NA,NA,NA,NA,NA,NA,NA,NA,NA,NA,NA,NA,NA,NA,NA,NA,NA,NA,NA,NA,NA,205.583,205.19,201.977,202.281,197.763,184.404,206.421,225.101,200.44,200.749,197.97,191.985,190.487,193.901,167.828,169.703,194.683,211.697,192.715,194.412
"547",27.3,72.311,72.284,80.815,80.848,71.933,74.46,70.684,84.886,79.861,78.704,193.563,198.893,197.527,198.328,188.357,187.955,194.751,215.161,181.027,198.168,190.049,184.713,219.279,190.599,187.813,206.357,207.556,225.484,203.85,195.648,NA,NA,NA,NA,NA,NA,NA,NA,NA,NA,NA,NA,NA,NA,NA,NA,NA,NA,NA,NA,158.708,145.211,132.074,149.441,153.459,133.914,154.999,181.812,151.683,174.866,160.276,158.128,143.779,176.235,145.073,155.033,160.666,173.844,166.885,171.285,171.071,175.977,155.592,170.047,167.267,166.886,168.979,188.835,166.786,173.779,NA,NA,NA,NA,NA,NA,NA,NA,NA,NA,NA,NA,NA,NA,NA,NA,NA,NA,NA,NA,NA,NA,NA,NA,NA,NA,NA,NA,NA,NA,205.503,204.333,200.99,202.453,194.585,184.451,206.27,224.704,202.12,200.84,198.029,192.676,190.443,194.641,169.597,169.768,194.757,210.258,191.748,194.567
"548",27.35,72.314,72.109,80.929,80.532,71.477,74.468,70.702,85.006,79.808,78.719,193.691,198.583,196.162,198.446,187.485,187.884,194.709,216.053,181.595,198.086,190.087,184.372,221.408,191.235,191.581,206.2,207.398,223.637,202.786,195.798,NA,NA,NA,NA,NA,NA,NA,NA,NA,NA,NA,NA,NA,NA,NA,NA,NA,NA,NA,NA,158.562,146.174,132.552,149.05,152.521,133.889,155.135,181.366,150.422,174.746,160.15,158.914,142.128,176.609,144.123,155.043,160.789,175.093,167.29,171.308,171.106,174.866,156.263,169.674,164.122,166.818,168.911,188.082,166.965,173.938,NA,NA,NA,NA,NA,NA,NA,NA,NA,NA,NA,NA,NA,NA,NA,NA,NA,NA,NA,NA,NA,NA,NA,NA,NA,NA,NA,NA,NA,NA,205.554,206.372,199.704,202.853,195.318,184.382,206.172,223.484,201.635,200.802,197.989,192.419,187.493,195.308,168.629,169.72,194.558,210.553,191.965,194.765
"549",27.4,72.279,72.714,81.292,80.429,72.003,74.43,70.798,84.965,79.919,78.705,193.676,199.702,197.348,197.622,186.665,187.811,194.886,216.614,181.868,198.096,189.876,183.604,221.681,192.38,189.075,206.382,207.456,226.303,203.659,195.847,NA,NA,NA,NA,NA,NA,NA,NA,NA,NA,NA,NA,NA,NA,NA,NA,NA,NA,NA,NA,158.563,146.387,133.106,149.169,153.129,134.001,154.927,182.861,150.705,174.821,160.147,158.331,142.909,177.133,144.189,155.051,160.797,174.61,166.583,171.209,170.932,176.168,156.088,170.518,165.157,166.867,169.221,187.538,166.554,173.874,NA,NA,NA,NA,NA,NA,NA,NA,NA,NA,NA,NA,NA,NA,NA,NA,NA,NA,NA,NA,NA,NA,NA,NA,NA,NA,NA,NA,NA,NA,205.602,205.651,201.678,203.012,195.672,184.404,206.226,224.34,199.827,200.894,198.018,192.542,187.769,194.126,167.808,169.813,194.761,209.718,191.574,194.773
"550",27.45,72.307,72.399,81.547,80.215,71.843,74.46,70.79,84.718,79.671,78.727,193.846,200.744,197.506,196.954,186.672,187.795,194.982,214.705,181.204,198.031,189.834,183.515,221.738,191.336,190.517,206.377,207.47,228.417,203.394,195.824,NA,NA,NA,NA,NA,NA,NA,NA,NA,NA,NA,NA,NA,NA,NA,NA,NA,NA,NA,NA,158.6,146.115,133.181,150.062,154.502,133.955,154.964,180.868,150.999,174.752,160.258,159.01,142.681,176.301,144.152,154.887,160.772,173.687,166.518,171.206,170.822,175.384,155.97,170.251,165.726,166.843,169.005,187.433,166.361,173.93,NA,NA,NA,NA,NA,NA,NA,NA,NA,NA,NA,NA,NA,NA,NA,NA,NA,NA,NA,NA,NA,NA,NA,NA,NA,NA,NA,NA,NA,NA,205.571,204.063,201.498,202.38,197.439,184.24,206.237,224.011,201.134,200.856,198.005,194.898,189.028,194.558,169.681,169.833,194.749,209.472,191.328,194.726
"551",27.5,72.319,71.661,81.153,80.354,71.831,74.442,70.78,84.706,79.818,78.743,193.747,200.034,196.786,198.08,189.618,187.714,194.88,216.212,181.395,198.17,190.045,184.327,220.047,191.384,188.572,206.4,207.449,225.534,202.958,195.868,NA,NA,NA,NA,NA,NA,NA,NA,NA,NA,NA,NA,NA,NA,NA,NA,NA,NA,NA,NA,158.543,146.538,132.048,149.664,153.484,133.857,155.244,182.058,150.904,174.826,160.174,158.872,142.794,176.212,145.428,154.949,160.728,175.031,167.765,171.313,171.058,175.204,154.364,169.779,167.261,166.836,168.806,187.852,166.349,173.963,NA,NA,NA,NA,NA,NA,NA,NA,NA,NA,NA,NA,NA,NA,NA,NA,NA,NA,NA,NA,NA,NA,NA,NA,NA,NA,NA,NA,NA,NA,205.504,204.873,199.923,203.645,196.724,184.276,206.514,223.569,201.473,200.855,198.093,192.717,191.044,194.59,169.176,169.897,194.808,210.243,191.899,194.747
"552",27.55,72.286,72.199,81.291,80.397,72.099,74.429,70.79,84.568,79.657,78.751,193.781,199.834,196.785,197.902,187.742,187.746,195.039,216.655,180.795,197.99,190.04,184.085,219.229,191.647,189.296,206.353,207.606,224.347,203.028,195.95,NA,NA,NA,NA,NA,NA,NA,NA,NA,NA,NA,NA,NA,NA,NA,NA,NA,NA,NA,NA,158.41,146.466,133.027,148.715,153.504,133.753,155.009,181.671,150.838,174.932,160.158,159.592,142.37,176.175,144.438,154.935,160.822,174.049,166.973,171.082,171.007,175.307,155.113,169.407,166.057,166.791,168.796,189.756,166.216,173.891,NA,NA,NA,NA,NA,NA,NA,NA,NA,NA,NA,NA,NA,NA,NA,NA,NA,NA,NA,NA,NA,NA,NA,NA,NA,NA,NA,NA,NA,NA,205.447,204.555,200.584,202.157,195.504,184.383,206.363,223.569,200.696,200.635,198.027,193.031,188.658,194.947,170.214,170.068,195.038,211.214,191.153,194.948
"553",27.6,72.288,72.138,81.226,79.898,72.19,74.43,70.723,84.888,79.817,78.705,194.025,199.434,197.42,197.325,187.831,187.713,195.154,214.895,181.648,198.121,189.905,184.017,220.486,191.406,187.534,206.433,207.378,224.357,202.846,195.882,NA,NA,NA,NA,NA,NA,NA,NA,NA,NA,NA,NA,NA,NA,NA,NA,NA,NA,NA,NA,158.536,146.805,132.211,149.567,154.098,133.788,155.005,181.795,150.965,174.861,160.203,159.351,142.305,177.57,144.889,154.956,160.771,174.505,166.896,171.196,170.922,175.535,156.025,169.883,165.658,166.692,168.805,187.456,166.062,173.954,NA,NA,NA,NA,NA,NA,NA,NA,NA,NA,NA,NA,NA,NA,NA,NA,NA,NA,NA,NA,NA,NA,NA,NA,NA,NA,NA,NA,NA,NA,205.563,205.137,199.496,202.915,193.58,184.337,206.233,224.326,201.208,200.925,198.258,193.779,190.348,194.867,169.375,170.011,194.983,210.3,191.57,194.794
"554",27.65,72.285,72.225,81.173,80.544,71.076,74.429,70.774,84.585,79.867,78.709,193.981,199.668,195.703,196.892,186.652,187.615,195.202,215.479,182.344,197.983,189.818,184.65,222.991,190.605,187.825,206.486,207.475,226.31,203.609,195.844,NA,NA,NA,NA,NA,NA,NA,NA,NA,NA,NA,NA,NA,NA,NA,NA,NA,NA,NA,NA,158.543,146.839,132.708,149.244,153.51,133.812,154.997,182.26,150.541,174.798,160.234,159.449,142.187,176.075,143.442,154.848,160.682,173.936,167.095,171.252,170.983,176.309,155.041,170.104,165.866,166.844,168.839,187.862,166.626,174.019,NA,NA,NA,NA,NA,NA,NA,NA,NA,NA,NA,NA,NA,NA,NA,NA,NA,NA,NA,NA,NA,NA,NA,NA,NA,NA,NA,NA,NA,NA,205.467,205.922,200.5,202.649,194.74,184.337,206.501,223.82,201.488,200.798,198.244,192.169,187.705,194.957,170.565,170.069,195.155,209.884,190.84,194.994
"555",27.7,72.285,72.016,80.857,79.889,71.655,74.445,70.723,85.267,79.734,78.708,194.108,199.68,196.778,198.518,187.078,187.76,195.159,214.223,181.604,198.062,189.854,184.402,221.2,190.644,191.01,206.415,207.487,225.57,203.962,195.765,NA,NA,NA,NA,NA,NA,NA,NA,NA,NA,NA,NA,NA,NA,NA,NA,NA,NA,NA,NA,158.433,146.993,132.534,147.971,154.615,133.833,155.006,181.156,151.12,174.912,160.256,159.041,142.667,177.134,142.808,155.069,160.957,173.783,167.011,171.18,170.856,175.2,155.75,169.928,165.401,166.774,168.742,188.605,166.438,174.018,NA,NA,NA,NA,NA,NA,NA,NA,NA,NA,NA,NA,NA,NA,NA,NA,NA,NA,NA,NA,NA,NA,NA,NA,NA,NA,NA,NA,NA,NA,205.474,204.134,200.856,202.757,195.583,184.421,206.41,223.929,201.95,200.891,198.301,192.952,188.837,195.824,169.471,170.136,195.097,209.564,191.442,195.119
"556",27.75,72.264,72.251,80.515,79.974,71.69,74.503,70.791,84.805,79.874,78.718,194.049,200.145,197.411,198.183,188.461,187.536,195.343,215.086,182.462,198.098,189.912,183.177,220.777,191.447,189.787,206.409,207.611,224.16,203.277,196.151,NA,NA,NA,NA,NA,NA,NA,NA,NA,NA,NA,NA,NA,NA,NA,NA,NA,NA,NA,NA,158.565,145.827,131.861,149.068,153.671,133.65,155.127,181.723,150.889,174.731,160.24,159.4,142.924,176.912,143.912,154.954,160.851,174.674,166.71,171.229,170.947,175.382,156.248,169.129,165.509,166.756,168.981,188.408,165.968,173.916,NA,NA,NA,NA,NA,NA,NA,NA,NA,NA,NA,NA,NA,NA,NA,NA,NA,NA,NA,NA,NA,NA,NA,NA,NA,NA,NA,NA,NA,NA,205.495,205.318,199.003,203.143,194.968,184.193,206.385,224.654,201.283,200.809,198.239,194.184,190.895,195.199,170.45,170.221,195.12,211.28,191.795,195.022
"557",27.8,72.275,71.959,80.783,79.885,71.928,74.445,70.78,84.734,79.65,78.729,194.124,198.548,196.13,198.165,187.478,187.582,195.302,214.861,182.314,197.981,189.824,183.591,220.901,192.043,189.21,206.443,207.555,225.502,202.79,195.833,NA,NA,NA,NA,NA,NA,NA,NA,NA,NA,NA,NA,NA,NA,NA,NA,NA,NA,NA,NA,158.429,146.448,132.412,149.06,154.44,133.714,155.075,182.113,150.776,174.766,160.128,159.08,142.606,175.531,144.067,154.921,161.062,173.92,167.3,171.314,170.952,175.524,155.422,169.984,166.586,166.772,168.879,187.973,166.428,174.03,NA,NA,NA,NA,NA,NA,NA,NA,NA,NA,NA,NA,NA,NA,NA,NA,NA,NA,NA,NA,NA,NA,NA,NA,NA,NA,NA,NA,NA,NA,205.388,205.175,200.83,203.486,195.856,184.156,206.451,223.306,201.804,200.809,198.339,192.95,188.978,194.213,168.931,170.213,195.183,210.62,192.278,195.283
"558",27.85,72.269,72.163,81.322,80.037,72.061,74.444,70.75,84.823,79.488,78.675,194.181,201.323,198.14,198.127,188.545,187.543,195.44,215.752,181.559,198.025,189.781,184.638,219.617,191.272,189.948,206.286,207.574,224.197,203.052,195.928,NA,NA,NA,NA,NA,NA,NA,NA,NA,NA,NA,NA,NA,NA,NA,NA,NA,NA,NA,NA,158.343,146.486,131.786,148.844,153.035,133.736,154.994,182.601,150.894,174.86,160.089,158.359,142.61,175.906,144.381,154.914,160.959,174.741,167.156,171.211,170.954,175.179,155.753,169.738,166.158,166.893,168.697,188.921,166.848,173.976,NA,NA,NA,NA,NA,NA,NA,NA,NA,NA,NA,NA,NA,NA,NA,NA,NA,NA,NA,NA,NA,NA,NA,NA,NA,NA,NA,NA,NA,NA,205.277,204.644,201.16,202.914,194.562,184.288,206.445,224.495,201.088,200.675,198.323,192.494,189.747,194.986,169.44,170.251,195.229,212.114,192.246,195.181
"559",27.9,72.275,72.335,81.186,80.412,72.144,74.444,70.764,84.669,79.871,150.928,194.258,198.39,196.796,198.855,188.278,187.437,195.39,214.356,181.71,198.006,189.808,184.304,222.481,192.179,187.559,206.315,207.539,226.553,203.817,195.913,NA,NA,NA,NA,NA,NA,NA,NA,NA,NA,NA,NA,NA,NA,NA,NA,NA,NA,NA,NA,158.367,146.091,131.596,149.721,153.138,133.603,154.987,181.734,150.607,174.772,160.179,158.86,143.641,175.649,144.598,154.783,161.016,175.025,167.581,171.253,170.853,174.992,156.432,169.568,166.704,166.786,168.775,187.46,166.65,173.961,NA,NA,NA,NA,NA,NA,NA,NA,NA,NA,NA,NA,NA,NA,NA,NA,NA,NA,NA,NA,NA,NA,NA,NA,NA,NA,NA,NA,NA,NA,205.557,206.369,202.598,202.085,196.533,184.258,206.304,223.235,201.576,200.822,198.345,193.761,188.396,195.051,170.592,170.383,195.14,211.104,192.049,195.264
"560",27.95,72.262,71.63,80.681,80.236,71.637,74.452,70.748,84.946,79.672,150.935,194.409,200.474,198.555,198.391,186.28,187.432,195.457,216.835,181.977,197.986,189.706,184.071,221.008,191.313,190.317,206.381,207.475,225.28,202.998,195.787,NA,NA,NA,NA,NA,NA,NA,NA,NA,NA,NA,NA,NA,NA,NA,NA,NA,NA,NA,NA,158.376,145.672,132.502,148.891,152.512,133.606,155.022,181.801,151.029,174.809,160.096,158.977,143.044,176.563,144.477,154.897,160.879,174.652,167.394,171.114,170.866,176.856,155.122,170.148,163.906,166.69,168.747,188.631,166.316,174.056,NA,NA,NA,NA,NA,NA,NA,NA,NA,NA,NA,NA,NA,NA,NA,NA,NA,NA,NA,NA,NA,NA,NA,NA,NA,NA,NA,NA,NA,NA,205.245,205.072,200.336,203.061,197.043,184.411,206.355,224.121,201.931,200.713,198.418,194.257,190.201,195.021,170.328,170.368,195.272,211.023,192.035,195.264
"561",28,72.247,72.706,80.492,80.035,71.776,74.456,70.794,85.084,153.588,150.855,194.451,200.182,197.925,199.5,189.17,187.379,195.502,215.708,182.295,198.055,189.624,183.82,222.746,191.563,188.436,206.262,207.514,225.068,203.425,195.844,NA,NA,NA,NA,NA,NA,NA,NA,NA,NA,NA,NA,NA,NA,NA,NA,NA,NA,NA,NA,158.383,146.048,131.957,148.69,153.766,133.741,155.025,182.048,150.006,174.85,160.146,158.758,142.194,176.8,142.971,154.939,160.978,173.79,167.249,171.276,170.93,176.155,156.704,169.241,164.615,166.786,168.77,188.445,166.618,174.023,NA,NA,NA,NA,NA,NA,NA,NA,NA,NA,NA,NA,NA,NA,NA,NA,NA,NA,NA,NA,NA,NA,NA,NA,NA,NA,NA,NA,NA,NA,205.536,206.093,200.893,203.391,195.459,184.37,206.273,224.993,200.07,200.761,198.489,193.68,190.506,195.878,169.77,170.568,195.406,210.65,192.861,195.344
"562",28.05,72.253,72.556,80.708,79.609,72.276,74.428,70.73,84.712,153.256,150.935,194.571,200.485,196.746,199.891,186.492,187.289,195.653,215.824,182.112,198.062,189.623,184.371,221.431,190.111,189.003,206.423,207.368,223.037,204.16,195.874,NA,NA,NA,NA,NA,NA,NA,NA,NA,NA,NA,NA,NA,NA,NA,NA,NA,NA,NA,NA,158.254,145.981,131.905,149.215,153.726,133.578,155.059,181.1,150.716,174.745,160.18,159.006,143.337,176.636,142.916,154.98,160.826,174.64,167.082,171.212,170.909,175.379,155.366,170.278,166.468,166.724,168.779,188.266,166.442,173.836,NA,NA,NA,NA,NA,NA,NA,NA,NA,NA,NA,NA,NA,NA,NA,NA,NA,NA,NA,NA,NA,NA,NA,NA,NA,NA,NA,NA,NA,NA,205.507,205.35,202.013,203.896,195.058,184.218,206.345,223.743,201.906,200.83,198.494,194.423,190.241,193.596,171.845,170.571,195.537,210.662,192.356,195.246
"563",28.1,72.253,72.265,81.389,79.657,72.047,74.432,70.731,84.707,152.909,150.921,194.487,200.02,197.68,199.185,188.334,187.362,195.728,216.717,181.961,197.97,189.749,185.176,221.775,192.16,189.573,206.279,207.55,226.752,203.187,195.829,NA,NA,NA,NA,NA,NA,NA,NA,NA,NA,NA,NA,NA,NA,NA,NA,NA,NA,NA,NA,158.316,146.746,132.149,148.757,153.226,133.693,155.002,181.044,150.267,174.779,160.157,159.48,142.867,176.448,144.492,154.819,160.88,173.862,166.897,171.179,170.867,176.708,154.547,170.45,165.832,166.69,168.848,188.427,166.686,174.019,NA,NA,NA,NA,NA,NA,NA,NA,NA,NA,NA,NA,NA,NA,NA,NA,NA,NA,NA,NA,NA,NA,NA,NA,NA,NA,NA,NA,NA,NA,205.394,206.517,200.11,202.822,196.584,184.353,206.393,223.128,201.478,200.856,198.618,194.209,190.461,195.36,170.351,170.643,195.573,210.312,191.562,195.423
"564",28.15,72.233,72.098,81.597,79.52,71.098,74.439,70.678,84.975,153.559,150.846,194.653,200.976,199.381,198.254,187.329,187.299,195.845,215.106,182.794,197.993,189.7,183.891,219.692,191.748,187.159,206.38,207.541,224.456,202.589,195.912,NA,NA,NA,NA,NA,NA,NA,NA,NA,NA,NA,NA,NA,NA,NA,NA,NA,NA,NA,NA,158.442,147.017,132.374,149.226,153.015,133.615,154.903,181.531,150.635,174.672,160.039,159.319,143.014,176.73,143.549,154.8,161.049,173.961,166.569,171.211,170.963,175.13,155.102,169.642,165.785,166.589,168.94,187.975,166.642,173.957,NA,NA,NA,NA,NA,NA,NA,NA,NA,NA,NA,NA,NA,NA,NA,NA,NA,NA,NA,NA,NA,NA,NA,NA,NA,NA,NA,NA,NA,NA,205.324,204.3,200.854,202.506,196.58,184.314,206.294,224.506,201.46,200.781,198.659,193.562,188.453,195.025,170.898,170.677,195.689,209.825,192.454,195.538
"565",28.2,72.232,72.324,81.123,79.835,71.511,74.435,70.683,84.648,152.678,150.908,194.679,201.217,198.964,197.339,187.681,187.153,195.678,217.437,183.005,197.936,189.763,181.973,222.079,191.781,189.233,206.568,207.521,227.167,203.174,195.897,NA,NA,NA,NA,NA,NA,NA,NA,NA,NA,NA,NA,NA,NA,NA,NA,NA,NA,NA,NA,158.134,146.47,131.974,149.846,154.582,133.477,155.107,181.515,150.61,174.778,160.01,159.495,143.502,176.226,144.134,154.841,161.101,174.898,166.268,171.07,170.855,176.298,155.355,169.416,164.569,166.701,168.852,188.129,166.982,174.011,NA,NA,NA,NA,NA,NA,NA,NA,NA,NA,NA,NA,NA,NA,NA,NA,NA,NA,NA,NA,NA,NA,NA,NA,NA,NA,NA,NA,NA,NA,205.555,203.507,200.94,202.048,196.803,184.354,206.216,225.028,201.155,200.581,198.539,194.392,189.88,194.954,171.69,170.733,195.604,211.736,193.219,195.742
"566",28.25,72.21,72.441,80.92,79.638,71.321,74.427,70.647,163.419,153.44,151.038,194.676,200.645,197.639,198.819,189.379,187.23,195.716,215.439,182.391,197.985,189.772,182.884,220.274,191.817,189.613,206.203,207.534,224.979,202.927,195.77,NA,NA,NA,NA,NA,NA,NA,NA,NA,NA,NA,NA,NA,NA,NA,NA,NA,NA,NA,NA,158.148,146.599,131.974,149.401,153.859,133.461,155.041,182.225,150.866,174.669,160.063,159.207,142.659,175.747,144.434,154.795,160.99,174.056,166.053,171.199,170.816,174.901,155.498,169.952,164.996,166.637,168.981,188.867,165.822,174.007,NA,NA,NA,NA,NA,NA,NA,NA,NA,NA,NA,NA,NA,NA,NA,NA,NA,NA,NA,NA,NA,NA,NA,NA,NA,NA,NA,NA,NA,NA,205.352,205.923,199.484,202.521,196.387,184.381,206.386,224.003,200.437,200.792,198.602,193.006,190.986,195.806,171.805,170.832,195.434,210.798,191.781,195.535
"567",28.3,72.193,72.104,81.703,79.908,71.303,74.424,70.712,162.909,152.055,150.905,194.849,199.444,199.486,198.922,188.898,187.212,195.868,215.872,182.706,197.947,189.728,185.416,220.347,191.669,188.609,206.358,207.232,225.193,201.981,195.673,NA,NA,NA,NA,NA,NA,NA,NA,NA,NA,NA,NA,NA,NA,NA,NA,NA,NA,NA,NA,158.151,145.635,131.738,148.425,153.868,133.531,155.044,181.823,150.462,174.803,160.071,159.399,142.995,174.699,144.318,154.77,160.917,174.624,166.866,171.206,170.854,175.67,154.419,169.506,165.122,166.667,168.841,187.863,166.86,174.023,NA,NA,NA,NA,NA,NA,NA,NA,NA,NA,NA,NA,NA,NA,NA,NA,NA,NA,NA,NA,NA,NA,NA,NA,NA,NA,NA,NA,NA,NA,205.406,206.405,199.512,202.152,196.461,184.317,206.528,223.535,201.594,200.623,198.792,193.125,189.687,195.773,172.343,170.8,195.66,211.049,191.648,195.734
"568",28.35,72.206,72.196,80.493,79.512,71.694,74.435,70.679,162.715,153.335,150.826,194.919,201.1,196.618,197.915,187.526,187.233,195.995,214.966,182.65,198.149,189.572,184.232,222.446,190.937,188.855,206.414,207.462,225.228,203.394,195.639,NA,NA,NA,NA,NA,NA,NA,NA,NA,NA,NA,NA,NA,NA,NA,NA,NA,NA,NA,NA,158.137,145.718,132.886,149.31,154.92,133.551,155.04,181.995,151.015,174.812,160.096,158.415,142.442,175.592,144.745,154.853,161.044,174.347,166.736,171.23,170.816,175.748,156.019,168.992,166.075,166.609,168.841,189.047,166.713,174.068,NA,NA,NA,NA,NA,NA,NA,NA,NA,NA,NA,NA,NA,NA,NA,NA,NA,NA,NA,NA,NA,NA,NA,NA,NA,NA,NA,NA,NA,NA,205.313,204.742,200.098,202.379,195.326,184.411,206.32,225.297,201.257,200.797,198.648,193.481,189.871,195.366,171.915,170.862,195.643,212.325,191.171,195.763
"569",28.4,72.185,72.238,80.753,79.514,71.445,74.418,135.359,162.773,153.205,150.935,194.966,200.059,199.353,199.035,189.07,186.985,196.126,215.656,182.786,198.052,189.578,184.227,221.359,191.708,189.07,206.42,207.447,225.816,202.724,195.88,NA,NA,NA,NA,NA,NA,NA,NA,NA,NA,NA,NA,NA,NA,NA,NA,NA,NA,NA,NA,158.175,147.282,132.115,149.348,153.592,133.422,154.895,181.954,150.662,174.768,160.154,158.15,142.004,175.988,143.757,154.69,161.083,172.849,166.942,171.28,170.784,175.678,154.834,170.89,165.657,166.651,169.044,187.627,166.332,173.92,NA,NA,NA,NA,NA,NA,NA,NA,NA,NA,NA,NA,NA,NA,NA,NA,NA,NA,NA,NA,NA,NA,NA,NA,NA,NA,NA,NA,NA,NA,205.312,205.171,200.49,202.69,196.139,184.279,206.342,224.647,200.676,200.846,198.623,193.082,189.506,193.556,173.093,170.887,195.637,211.318,192.657,195.859
"570",28.45,72.192,72.095,80.594,79.409,71.648,74.452,135.246,162.36,153.364,150.916,195.056,200.779,198.064,198.848,189.289,187.155,195.984,216.085,182.226,197.977,189.564,183.832,221.263,192.363,189.479,206.363,207.488,224.62,203.282,195.757,NA,NA,NA,NA,NA,NA,NA,NA,NA,NA,NA,NA,NA,NA,NA,NA,NA,NA,NA,NA,158.177,146.388,132.186,149.264,152.937,133.403,154.858,181.828,149.78,174.668,160.056,158.372,143.018,176.421,143.631,154.65,161.022,175.142,166.427,171.304,170.845,176.152,154.792,170.32,163.39,166.739,168.739,188.81,166.871,173.935,NA,NA,NA,NA,NA,NA,NA,NA,NA,NA,NA,NA,NA,NA,NA,NA,NA,NA,NA,NA,NA,NA,NA,NA,NA,NA,NA,NA,NA,NA,205.395,204.649,200.642,203.665,195.01,184.348,206.304,224.311,201.999,200.72,198.785,191.954,189.537,196.671,171.456,170.92,195.92,209.476,192.618,195.914
"571",28.5,72.22,72.258,80.957,79.437,71.449,74.456,135.272,162.109,152.854,150.891,195.014,201.497,197.209,198.175,188.776,187.091,195.981,215.677,182.758,197.89,189.389,184.476,219.721,191.378,187.647,206.432,207.367,224.386,202.69,195.861,NA,NA,NA,NA,NA,NA,NA,NA,NA,NA,NA,NA,NA,NA,NA,NA,NA,NA,NA,NA,157.985,147.122,131.951,149.188,153.078,133.363,154.966,180.678,150.794,174.728,159.993,157.963,142.307,175.828,144.458,154.722,161.08,174.437,167.645,171.165,170.866,175.595,156.214,169.112,166.663,166.588,168.935,188.059,166.17,173.976,NA,NA,NA,NA,NA,NA,NA,NA,NA,NA,NA,NA,NA,NA,NA,NA,NA,NA,NA,NA,NA,NA,NA,NA,NA,NA,NA,NA,NA,NA,205.473,205.41,200.385,203.004,196.89,184.383,206.31,222.958,202.01,200.794,198.874,193.744,190.123,195.36,171.386,171.038,195.619,211.962,192.232,195.901
"572",28.55,72.206,71.876,81.129,79.297,71.176,143.511,135.263,162.591,152.899,150.915,195.193,200.479,199.877,198.27,187.175,187.032,196.288,214.662,183.223,197.91,189.343,183.445,222.161,190.9,190.112,206.399,207.414,225.552,203.042,195.915,NA,NA,NA,NA,NA,NA,NA,NA,NA,NA,NA,NA,NA,NA,NA,NA,NA,NA,NA,NA,157.998,147.076,131.458,149.145,153.54,133.391,154.872,181.749,150.667,174.77,159.973,158.072,142.074,176.093,143.235,154.623,161.03,174.22,166.738,171.071,170.716,176.799,154.471,170.094,165.976,166.706,168.916,187.642,165.958,174.145,NA,NA,NA,NA,NA,NA,NA,NA,NA,NA,NA,NA,NA,NA,NA,NA,NA,NA,NA,NA,NA,NA,NA,NA,NA,NA,NA,NA,NA,NA,205.405,207.117,200.287,202.235,194.981,184.406,206.164,222.739,201.487,200.662,198.731,192.362,189.025,195.669,172.551,171.114,195.915,210.972,192.489,196.107
"573",28.6,72.148,72.49,80.959,79.487,70.867,143.507,135.099,162.13,153.04,150.965,195.221,200.395,197.504,199.348,187.523,186.987,196.35,216.401,183.215,197.914,189.399,183.659,220.422,190.9,188.534,206.265,207.473,226.211,203.236,195.686,NA,NA,NA,NA,NA,NA,NA,NA,NA,NA,NA,NA,NA,NA,NA,NA,NA,NA,NA,NA,158.03,146.15,131.591,148.807,153.988,133.291,155.01,181.525,150.877,174.793,160.118,158.598,143.075,176.006,142.808,154.753,161.146,173.653,167.527,171.193,170.756,175.524,156.066,168.782,165.864,166.595,168.809,189.679,166.478,173.959,NA,NA,NA,NA,NA,NA,NA,NA,NA,NA,NA,NA,NA,NA,NA,NA,NA,NA,NA,NA,NA,NA,NA,NA,NA,NA,NA,NA,NA,NA,205.447,205.281,201.903,202.284,195.958,184.446,206.576,222.601,201.285,200.708,198.805,193.241,191.578,196.063,169.358,171.149,195.863,211.284,193.074,196.149
"574",28.65,72.165,72.229,80.453,79.324,70.757,143.536,135.16,163.123,153.287,150.791,195.221,201.291,199.006,198.89,190.743,186.959,196.29,215.453,182.459,198.042,189.432,184.283,222.346,191.34,188.497,206.288,207.497,225.579,203.179,195.817,NA,NA,NA,NA,NA,NA,NA,NA,NA,NA,NA,NA,NA,NA,NA,NA,NA,NA,NA,NA,157.981,147.255,131.524,149.01,153.847,133.35,155.004,181.302,150.827,174.746,160.004,159.524,142.428,175.716,144.242,154.727,161.053,174.391,166.973,170.988,170.746,174.984,153.962,169.59,166.135,166.589,168.876,187.574,167.322,174.039,NA,NA,NA,NA,NA,NA,NA,NA,NA,NA,NA,NA,NA,NA,NA,NA,NA,NA,NA,NA,NA,NA,NA,NA,NA,NA,NA,NA,NA,NA,205.471,205.096,200.21,202.01,195.226,184.394,206.267,224.563,200.822,200.737,198.962,194.829,189.563,195.025,171.031,171.167,195.796,210.86,192.461,196.183
"575",28.7,72.155,71.99,80.899,79.303,71.262,143.495,135.118,162.615,152.58,150.807,195.329,200.921,198.589,199.928,188.971,187.142,196.322,216.96,183.53,197.883,189.486,184.251,220.92,191.199,191.354,206.229,207.415,224.441,203.142,195.739,NA,NA,NA,NA,NA,NA,NA,NA,NA,NA,NA,NA,NA,NA,NA,NA,NA,NA,NA,NA,157.917,146.828,131.051,149.033,152.37,133.314,154.994,181.614,150.476,174.542,160.05,159.29,142.707,175.15,144.709,154.693,160.92,174.001,167.361,171.063,170.796,175.744,155.841,170.246,168.236,166.527,168.943,188.781,166.071,174.086,NA,NA,NA,NA,NA,NA,NA,NA,NA,NA,NA,NA,NA,NA,NA,NA,NA,NA,NA,NA,NA,NA,NA,NA,NA,NA,NA,NA,NA,NA,205.482,205.476,200.985,202.859,195.694,184.338,206.358,223.428,201.439,200.653,198.911,194.909,190.885,196.108,170.399,171.214,195.956,211.589,192.649,196.037
"576",28.75,72.169,72.035,80.919,79.393,71.153,143.513,135.028,161.817,152.49,150.946,195.315,201.179,197.084,198.168,187.915,186.918,196.393,215.834,183.775,197.984,189.435,183.424,219.39,190.363,187.469,206.329,207.361,225.184,202.886,195.624,NA,NA,NA,NA,NA,NA,NA,NA,NA,NA,NA,NA,NA,NA,NA,NA,NA,NA,NA,NA,157.875,146.565,131.842,149.208,153.499,133.349,155.048,181.425,150.534,174.746,159.991,158.02,143.297,176.623,142.568,154.7,161.022,174.204,166.38,171.057,170.664,175.524,155.35,169.363,165.134,166.603,168.599,187.913,166.297,174.001,NA,NA,NA,NA,NA,NA,NA,NA,NA,NA,NA,NA,NA,NA,NA,NA,NA,NA,NA,NA,NA,NA,NA,NA,NA,NA,NA,NA,NA,NA,205.306,205.051,200.826,203.442,197.253,184.353,206.456,223.789,201.203,200.839,198.91,193.513,191.651,196.222,171.725,171.263,196.184,211.478,192.501,196.114
"577",28.8,72.149,72.358,80.694,79.339,70.536,143.373,135.058,163.439,152.584,150.842,195.516,201.005,198.666,200.141,188.478,187.042,196.517,215.767,182.951,197.872,189.393,183.303,219.419,192.311,190.001,206.405,207.556,224.358,204.166,195.782,NA,NA,NA,NA,NA,NA,NA,NA,NA,NA,NA,NA,NA,NA,NA,NA,NA,NA,NA,NA,157.846,147.061,130.943,149.491,154.878,133.261,154.941,179.987,150.572,174.686,160.055,158.425,141.801,176.276,143.515,154.616,161.251,174.908,167.307,171.142,170.719,175.933,155.034,169.896,165.708,166.588,168.829,188.472,166.26,174.117,NA,NA,NA,NA,NA,NA,NA,NA,NA,NA,NA,NA,NA,NA,NA,NA,NA,NA,NA,NA,NA,NA,NA,NA,NA,NA,NA,NA,NA,NA,205.401,204.83,200.981,203.194,198.075,184.199,206.23,223.285,200.108,200.669,199.02,194.981,189.863,196.169,171.956,171.431,196.378,211.376,193.089,196.322
"578",28.85,72.166,72.25,80.254,78.817,72.137,143.451,135.046,162.103,153.171,150.941,195.536,202.267,199.347,198.89,188.705,187.001,196.371,215.604,183.037,197.828,189.191,183.745,218.961,190.17,187.194,206.301,207.385,225.984,203.301,195.905,NA,NA,NA,NA,NA,NA,NA,NA,NA,NA,NA,NA,NA,NA,NA,NA,NA,NA,NA,NA,157.754,145.62,131.34,149.54,154.154,133.282,154.822,181.315,150.885,174.766,160.08,159.423,143.147,175.552,143.728,154.614,161.271,174.279,166.42,171.124,170.606,175.953,154.898,168.885,164.908,166.561,168.818,188.955,166.254,174.095,NA,NA,NA,NA,NA,NA,NA,NA,NA,NA,NA,NA,NA,NA,NA,NA,NA,NA,NA,NA,NA,NA,NA,NA,NA,NA,NA,NA,NA,NA,205.41,204.698,199.742,201.896,194.745,184.184,206.278,224.055,201.207,200.809,199.064,194.956,188.591,196.342,172.675,171.424,196.13,212.939,192.678,196.435
"579",28.9,72.151,72.773,80.475,79.487,71.961,143.543,135.066,163.149,152.533,150.92,195.522,202.106,199.519,199.148,189.375,186.955,196.421,216.086,184.084,197.888,189.242,184.142,220.824,190.843,189.359,206.253,207.424,224.727,203.069,195.754,NA,NA,NA,NA,NA,NA,NA,NA,NA,NA,NA,NA,NA,NA,NA,NA,NA,NA,NA,NA,157.803,146.301,131.528,149.09,154.715,133.213,155.16,181.609,150.253,174.764,160.064,159.558,142.091,176.055,143.524,154.583,161.148,173.701,166.901,171.049,170.67,174.624,154.81,170.592,166.975,166.627,168.782,188.398,166.843,174.053,NA,NA,NA,NA,NA,NA,NA,NA,NA,NA,NA,NA,NA,NA,NA,NA,NA,NA,NA,NA,NA,NA,NA,NA,NA,NA,NA,NA,NA,NA,205.272,205.747,201.4,202.964,196.403,184.357,206.23,224.051,201.613,200.77,199.028,193.854,190.336,195.735,173.31,171.545,196.134,211.835,192.943,196.582
"580",28.95,72.153,72.669,80.611,79.104,71.109,143.523,134.987,162.388,152.923,150.816,195.672,201.983,198.195,199.443,188.078,186.933,196.582,214.879,183.674,197.859,189.311,182.465,219.498,191.081,188.354,206.296,207.492,224.702,202.837,195.897,NA,NA,NA,NA,NA,NA,NA,NA,NA,NA,NA,NA,NA,NA,NA,NA,NA,NA,NA,NA,157.872,146.864,131.273,149.374,152.284,133.27,155.072,182.673,149.982,174.775,159.98,159.561,142.117,176.367,144.426,154.588,161.257,174.026,166.489,171.238,170.666,176.239,154.283,169.59,164.465,166.619,168.739,187.593,166.255,174.007,NA,NA,NA,NA,NA,NA,NA,NA,NA,NA,NA,NA,NA,NA,NA,NA,NA,NA,NA,NA,NA,NA,NA,NA,NA,NA,NA,NA,NA,NA,205.402,205.173,201.431,203.011,198.482,184.4,206.221,223.836,201.351,200.766,199.244,193.248,191.598,196.094,171.338,171.522,196.316,210.477,193.417,196.538
"581",29,72.148,72.16,80.729,79.048,71.186,143.604,134.927,162.051,153.149,150.854,195.833,200.67,197.98,199.843,189.871,186.851,196.671,215.677,183.097,197.887,189.117,181.984,221.418,190.578,188.971,206.314,207.524,226.173,203.249,195.87,NA,NA,NA,NA,NA,NA,NA,NA,NA,NA,NA,NA,NA,NA,NA,NA,NA,NA,NA,NA,157.856,145.736,130.299,149.164,154.002,133.285,154.989,181.578,150.317,174.592,159.959,158.182,142.397,176.429,142.502,154.652,161.236,173.22,166.95,171.1,170.539,174.164,154.743,170.892,165.774,166.451,168.852,189.217,166.27,173.918,NA,NA,NA,NA,NA,NA,NA,NA,NA,NA,NA,NA,NA,NA,NA,NA,NA,NA,NA,NA,NA,NA,NA,NA,NA,NA,NA,NA,NA,NA,205.498,205.262,201.066,203.599,195.564,184.357,206.401,223.45,201.266,200.69,199.014,194.817,190.59,195.799,171.651,171.574,196.441,212.482,192.971,196.554
"582",29.05,72.143,72.423,80.933,79.261,71.425,143.502,134.993,163.218,152.65,NA,195.658,201.134,197.839,200.36,189.544,186.939,196.652,216.485,183.718,197.903,189.194,183.484,221.817,190.475,187.688,206.322,207.564,224.506,203.156,195.727,NA,NA,NA,NA,NA,NA,NA,NA,NA,NA,NA,NA,NA,NA,NA,NA,NA,NA,NA,NA,157.843,146.915,131.496,148.79,151.922,133.279,154.95,182.849,150.525,174.644,160.012,158.886,142.922,176.516,141.946,154.523,161.195,174.86,166.544,171.112,170.507,174.773,154.718,169.479,164.618,166.591,168.942,188.319,167.121,174.028,NA,NA,NA,NA,NA,NA,NA,NA,NA,NA,NA,NA,NA,NA,NA,NA,NA,NA,NA,NA,NA,NA,NA,NA,NA,NA,NA,NA,NA,NA,205.262,203.952,199.497,202.253,196.783,184.243,206.246,224.233,201.067,200.832,199.197,195.027,190.205,194.944,172.647,171.627,196.47,212.582,192.813,196.643
"583",29.1,72.112,71.882,80.903,78.882,70.534,143.426,134.865,162.314,152.685,NA,195.727,202.462,199.788,199.479,189.558,187.083,196.694,216.464,184.335,197.931,189.129,181.73,220.796,190.743,188.565,206.485,207.348,225.303,203.204,195.798,NA,NA,NA,NA,NA,NA,NA,NA,NA,NA,NA,NA,NA,NA,NA,NA,NA,NA,NA,NA,157.817,147.775,130.711,148.953,153.171,133.24,154.988,180.476,150.511,174.719,159.904,159.065,142.512,175.45,142.856,154.594,161.183,173.825,166.536,171.09,170.54,175.7,154.918,169.412,166.308,166.627,168.726,187.441,166.083,174.057,NA,NA,NA,NA,NA,NA,NA,NA,NA,NA,NA,NA,NA,NA,NA,NA,NA,NA,NA,NA,NA,NA,NA,NA,NA,NA,NA,NA,NA,NA,205.414,205.017,198.947,203.073,197.009,184.32,206.377,223.505,200.9,200.673,199.131,194.018,190.327,195.827,171.436,171.663,196.413,211.542,193.012,196.695
"584",29.15,72.112,72.381,80.839,79.126,70.938,143.361,134.809,162.571,NA,NA,195.784,201.039,200.026,198.61,189.516,186.93,196.722,215.988,183.752,197.996,189.064,183.073,220.112,190.617,189.572,206.424,207.394,225.091,202.853,195.864,NA,NA,NA,NA,NA,NA,NA,NA,NA,NA,NA,NA,NA,NA,NA,NA,NA,NA,NA,NA,157.62,147.11,129.92,148.263,153.89,133.218,155.02,181.51,150.515,174.608,160.131,159.326,142.47,175.454,143.785,154.623,161.146,173.511,167.539,170.97,170.527,176.23,155.834,169.794,165.991,166.532,168.64,187.661,165.808,173.994,NA,NA,NA,NA,NA,NA,NA,NA,NA,NA,NA,NA,NA,NA,NA,NA,NA,NA,NA,NA,NA,NA,NA,NA,NA,NA,NA,NA,NA,NA,205.321,204.871,201.064,201.881,196.924,184.351,206.367,223.043,201.122,200.744,199.375,194.008,190.37,195.983,171.703,171.706,196.775,211.455,193.478,196.766
"585",29.2,72.106,72.279,80.875,79.213,70.928,143.44,134.795,163.503,NA,NA,195.877,201.496,197.194,200.025,190.099,186.86,197.02,214.885,184.09,197.798,189.053,184.814,221.334,191.918,189.278,206.344,207.238,225.051,203.765,195.879,NA,NA,NA,NA,NA,NA,NA,NA,NA,NA,NA,NA,NA,NA,NA,NA,NA,NA,NA,NA,157.649,147.1,131.068,149.073,153.469,133.209,154.993,181.159,149.921,174.7,160.014,159.554,142.301,175.529,143.733,154.575,161.318,173.629,167.078,171.041,170.682,175.732,153.329,169.248,165.016,166.493,168.701,187.216,166.461,174.104,NA,NA,NA,NA,NA,NA,NA,NA,NA,NA,NA,NA,NA,NA,NA,NA,NA,NA,NA,NA,NA,NA,NA,NA,NA,NA,NA,NA,NA,NA,205.333,205.176,202.159,201.83,196.147,184.4,206.299,225.064,201.107,200.722,199.347,195.136,189.918,196.082,172.133,171.969,196.829,211.2,193.044,196.784
"586",29.25,72.135,71.747,80.828,78.634,71.232,143.447,134.767,162.79,NA,NA,196.034,201.879,198.756,199.325,189.69,186.969,197.168,214.573,183.419,197.92,189.172,182.42,220.361,190.894,189.831,206.271,207.365,224.323,203.325,195.615,NA,NA,NA,NA,NA,NA,NA,NA,NA,NA,NA,NA,NA,NA,NA,NA,NA,NA,NA,NA,157.633,145.571,130.516,148.971,153.824,133.16,155.251,179.976,149.895,174.8,159.981,158.812,143.056,176.241,144.007,154.624,161.234,174.407,166.189,171.148,170.561,175.248,154.785,169.787,166.759,166.578,168.79,188.169,166.885,174.071,NA,NA,NA,NA,NA,NA,NA,NA,NA,NA,NA,NA,NA,NA,NA,NA,NA,NA,NA,NA,NA,NA,NA,NA,NA,NA,NA,NA,NA,NA,205.289,205.415,200.323,201.903,198.24,184.403,206.576,223.025,202.051,200.723,199.351,195.312,189.562,196.042,174.378,172.018,196.52,213.661,193.105,196.929
"587",29.3,72.096,72.183,80.818,79.205,71.05,143.382,134.687,NA,NA,NA,195.978,202.251,198.649,198.304,189.397,186.845,197.138,217.309,183.028,197.954,189.042,183.308,220.609,191.431,189.274,206.204,207.448,224.7,203.722,195.832,NA,NA,NA,NA,NA,NA,NA,NA,NA,NA,NA,NA,NA,NA,NA,NA,NA,NA,NA,NA,157.594,145.55,131.773,148.36,153.295,133.188,155.11,181.137,151.003,174.431,160.036,157.901,143.008,175.55,143.116,154.659,161.359,174.604,167.204,171.115,170.645,175.157,155.007,169.891,165.62,166.446,168.778,188.061,166.181,174.098,NA,NA,NA,NA,NA,NA,NA,NA,NA,NA,NA,NA,NA,NA,NA,NA,NA,NA,NA,NA,NA,NA,NA,NA,NA,NA,NA,NA,NA,NA,205.288,205.005,200.029,203.776,194.282,184.396,206.145,224.839,201.317,200.759,199.338,194.055,190.889,196.202,172.991,171.974,196.647,210.721,192.734,196.809
"588",29.35,72.095,72.293,81.278,78.549,70.413,143.496,134.617,NA,NA,NA,196.136,202.096,198.51,198.663,187.964,186.864,197.114,217.203,184.364,197.905,188.999,183.24,221.967,191.035,189.091,206.246,207.462,224.942,203.558,195.654,NA,NA,NA,NA,NA,NA,NA,NA,NA,NA,NA,NA,NA,NA,NA,NA,NA,NA,NA,NA,157.776,147.416,130.932,149.151,153.625,133.132,155.127,180.821,150.942,174.658,159.999,159.382,143.211,175.492,143.465,154.524,161.303,174.032,166.376,171.161,170.681,174.72,155.282,168.646,165.401,166.452,168.864,188.565,166.308,174.132,NA,NA,NA,NA,NA,NA,NA,NA,NA,NA,NA,NA,NA,NA,NA,NA,NA,NA,NA,NA,NA,NA,NA,NA,NA,NA,NA,NA,NA,NA,205.425,202.678,201.58,202.154,195.269,184.416,206.375,222.698,200.583,200.773,199.402,194.921,191.843,195.204,174.35,171.972,196.605,212.984,193.762,196.891
"589",29.4,72.109,72.165,81.022,78.646,136.781,143.44,134.704,NA,NA,NA,196.079,201.27,199.761,200.251,188.72,186.83,197.02,216.348,184.787,197.823,188.963,183.061,221.406,191.111,190.75,206.223,207.352,225.792,202.948,195.812,NA,NA,NA,NA,NA,NA,NA,NA,NA,NA,NA,NA,NA,NA,NA,NA,NA,NA,NA,NA,157.623,145.62,130.919,149.494,153.665,133.042,155.094,181.846,150.389,174.643,159.899,158.538,141.74,175.789,143.065,154.481,161.378,173.684,167.42,171.097,170.466,177.153,154.427,169.565,163.334,166.533,168.769,187.9,166.805,174.219,NA,NA,NA,NA,NA,NA,NA,NA,NA,NA,NA,NA,NA,NA,NA,NA,NA,NA,NA,NA,NA,NA,NA,NA,NA,NA,NA,NA,NA,NA,205.236,206.446,200.376,203.667,194.561,184.358,206.261,224.535,201.027,200.687,199.34,196.081,192.017,196.426,172.133,171.968,196.902,213.31,193.345,196.946
"590",29.45,72.087,72.289,80.991,78.99,137.029,143.372,NA,NA,NA,NA,196.089,202.149,199.699,199.226,187.888,186.878,197.166,218.013,184.619,197.915,189.051,182.618,222.214,191.694,188.955,206.211,207.414,223.967,203.467,195.88,NA,NA,NA,NA,NA,NA,NA,NA,NA,NA,NA,NA,NA,NA,NA,NA,NA,NA,NA,NA,157.515,147.319,130.736,149.239,153.148,132.976,155.035,182.678,150.177,174.69,159.965,159.986,142.717,176.093,142.887,154.41,161.234,174.742,166.583,171.029,170.498,175.762,154.634,169.269,164.487,166.619,168.68,187.769,165.685,174.197,NA,NA,NA,NA,NA,NA,NA,NA,NA,NA,NA,NA,NA,NA,NA,NA,NA,NA,NA,NA,NA,NA,NA,NA,NA,NA,NA,NA,NA,NA,205.263,204.56,201.197,202.453,196.711,184.311,206.462,224.475,201.564,200.581,199.421,194.858,191.305,197.229,172.87,171.984,196.818,212.437,192.466,197.022
"591",29.5,72.069,72.083,81.125,78.692,136.743,143.31,NA,NA,NA,NA,196.318,201.505,198.611,200.767,187.943,186.727,197.225,218.011,184.025,197.839,188.918,182.153,221.125,191.032,188.748,206.392,207.404,225.577,202.891,195.772,NA,NA,NA,NA,NA,NA,NA,NA,NA,NA,NA,NA,NA,NA,NA,NA,NA,NA,NA,NA,157.557,146.238,131.239,149.305,152.927,133.023,155.147,181.549,150.235,174.71,159.999,158.45,142.823,175.65,143.115,154.461,161.268,173.654,167.167,171.167,170.692,174.987,154.478,169.13,165.277,166.53,168.653,188.17,166.05,174.125,NA,NA,NA,NA,NA,NA,NA,NA,NA,NA,NA,NA,NA,NA,NA,NA,NA,NA,NA,NA,NA,NA,NA,NA,NA,NA,NA,NA,NA,NA,205.214,205.476,200.228,202.521,195.186,184.382,206.434,222.901,201.136,200.701,199.499,195.25,191.174,195.822,172.854,172.172,196.867,212.329,193.706,197.193
"592",29.55,72.06,71.98,81.091,78.713,138.072,NA,NA,NA,NA,NA,196.391,203.084,198.496,198.927,190.246,186.763,197.428,215.342,184.339,197.818,189.019,183.523,221.039,190.208,189.222,206.17,207.421,224.502,201.798,195.639,NA,NA,NA,NA,NA,NA,NA,NA,NA,NA,NA,NA,NA,NA,NA,NA,NA,NA,NA,NA,157.587,147.07,131.492,148.52,153.672,133.032,155.136,182.493,150.3,174.693,159.909,159.41,141.192,175.329,143.311,154.525,161.433,174.252,167.479,170.938,170.49,175.848,154.683,169.192,166.129,166.588,168.748,188.086,166.005,174.113,NA,NA,NA,NA,NA,NA,NA,NA,NA,NA,NA,NA,NA,NA,NA,NA,NA,NA,NA,NA,NA,NA,NA,NA,NA,NA,NA,NA,NA,NA,205.256,204.465,201.795,203.481,197.173,184.353,206.18,222.811,201.644,200.668,199.471,194.863,191.17,197.29,171.925,172.246,196.91,213.12,193.919,197.269
"593",29.6,72.054,72.285,81.428,151.503,137.25,NA,NA,NA,NA,NA,196.398,201.982,199.455,199.947,189.329,186.727,197.505,215.529,184.465,197.996,188.901,182.803,221.57,191.277,189.038,206.316,207.44,225.904,202.982,195.743,NA,NA,NA,NA,NA,NA,NA,NA,NA,NA,NA,NA,NA,NA,NA,NA,NA,NA,NA,NA,157.577,146.907,131.595,149.105,154.018,133.058,155.173,182.394,150.594,174.785,159.969,158.764,141.469,175.395,142.514,154.533,161.444,174.482,166.523,170.973,170.519,176.101,155.105,168.62,165.123,166.625,168.778,189.291,165.686,174.094,NA,NA,NA,NA,NA,NA,NA,NA,NA,NA,NA,NA,NA,NA,NA,NA,NA,NA,NA,NA,NA,NA,NA,NA,NA,NA,NA,NA,NA,NA,205.332,205.547,201.982,202.495,194.599,184.458,206.384,224.842,200.905,200.708,199.72,195.064,190.213,196.23,174.002,172.334,196.85,212.983,192.326,197.339
"594",29.65,72.064,72.087,155.912,150.516,136.722,NA,NA,NA,NA,NA,196.514,202.169,198.553,200.701,191.461,186.814,197.398,216.079,185.335,197.783,188.779,181.823,220.065,191.162,190.28,206.371,207.602,224.377,203.356,195.799,NA,NA,NA,NA,NA,NA,NA,NA,NA,NA,NA,NA,NA,NA,NA,NA,NA,NA,NA,NA,157.544,147.081,130.702,149.057,152.696,132.987,154.873,182.289,151.182,174.679,159.941,157.919,142.52,175.588,143.198,154.573,161.458,174.267,166.893,171.064,170.435,173.995,155.117,169.537,164.226,166.388,168.817,187.675,165.995,174.163,NA,NA,NA,NA,NA,NA,NA,NA,NA,NA,NA,NA,NA,NA,NA,NA,NA,NA,NA,NA,NA,NA,NA,NA,NA,NA,NA,NA,NA,NA,205.347,205.084,200.71,202.712,195.107,184.28,206.299,224.892,201.402,200.751,199.537,196.064,190.006,196.709,173.106,172.295,197.033,211.481,192.944,197.286
"595",29.7,72.061,71.629,155.492,150.626,136.548,NA,NA,NA,NA,NA,196.412,203.219,198.69,200.906,190.263,186.875,197.487,216.885,184.474,197.824,188.868,184.117,219.608,191.766,187.707,206.389,207.331,224.097,203.402,195.544,NA,NA,NA,NA,NA,NA,NA,NA,NA,NA,NA,NA,NA,NA,NA,NA,NA,NA,NA,NA,157.418,145.238,130.051,149.195,154.428,132.957,154.989,181.393,150.507,174.624,159.911,159.181,142.517,175.297,141.88,154.454,161.426,173.854,166.457,171.135,170.427,175.612,154.636,170.143,166.32,166.402,168.636,187.348,165.508,174.113,NA,NA,NA,NA,NA,NA,NA,NA,NA,NA,NA,NA,NA,NA,NA,NA,NA,NA,NA,NA,NA,NA,NA,NA,NA,NA,NA,NA,NA,NA,205.291,208.447,200.408,203.419,196.328,184.273,206.125,223.832,200.995,200.718,199.663,194.882,191.608,195.488,174.361,172.454,197.096,212.169,193.638,197.391
"596",29.75,72.05,72.719,156.648,151.395,136.221,NA,NA,NA,NA,NA,196.485,202.554,198.019,200.235,190.79,186.703,197.709,216.796,184.538,197.761,188.794,182.146,219.839,192.032,190.36,206.354,207.573,223.726,203.337,195.804,NA,NA,NA,NA,NA,NA,NA,NA,NA,NA,NA,NA,NA,NA,NA,NA,NA,NA,NA,NA,157.435,147.093,130.704,149.045,153.97,133.043,154.972,180.423,151.021,174.738,159.903,159.289,142.477,175.088,143.868,154.565,161.452,173.901,166.889,170.945,170.471,175.221,154.693,170.596,164.914,166.535,168.811,187.647,165.84,174.126,NA,NA,NA,NA,NA,NA,NA,NA,NA,NA,NA,NA,NA,NA,NA,NA,NA,NA,NA,NA,NA,NA,NA,NA,NA,NA,NA,NA,NA,NA,205.316,205.088,200.576,203.263,196.745,184.514,206.244,224.541,200.638,200.711,199.63,196.896,190.068,197.242,173.232,172.38,196.964,212.525,193.504,197.336
"597",29.8,72.043,72.279,156.035,151.096,136.911,NA,NA,NA,NA,NA,196.603,204.047,198.482,200.42,190.075,186.66,197.643,215.604,184.826,197.956,188.869,183.641,218.573,191.899,189.013,206.152,207.477,225.189,202.751,195.945,NA,NA,NA,NA,NA,NA,NA,NA,NA,NA,NA,NA,NA,NA,NA,NA,NA,NA,NA,NA,157.343,146.531,131.295,148.659,154.589,132.949,157.282,180.534,150.847,174.682,159.885,159.426,142.076,175.579,142.922,154.469,161.376,173.143,166.917,171.021,170.286,176.08,155.792,169.404,165.032,166.436,168.729,188.517,166.373,174.064,NA,NA,NA,NA,NA,NA,NA,NA,NA,NA,NA,NA,NA,NA,NA,NA,NA,NA,NA,NA,NA,NA,NA,NA,NA,NA,NA,NA,NA,NA,205.239,204.137,200.77,203.151,194.231,184.269,206.593,223.541,200.025,200.544,199.666,194.329,192.631,197.486,173.33,172.487,197.11,214.162,193.644,197.494
"598",29.85,72.059,72.34,157.436,151.522,136.073,NA,NA,NA,NA,NA,196.585,203.481,198.088,200.755,189.872,186.757,197.664,214.664,184.998,197.846,188.853,182.806,219.603,191.272,189.335,206.309,207.511,226.596,202.409,195.733,NA,NA,NA,NA,NA,NA,NA,NA,NA,NA,NA,NA,NA,NA,NA,NA,NA,NA,NA,NA,157.426,146.41,130.682,148.179,154.715,132.899,160.354,181.605,150.586,174.616,159.917,159.151,142.376,174.566,143.205,154.445,161.511,172.68,167.301,171.007,170.352,175.214,154.791,169.491,166.168,166.47,168.775,188.935,165.951,174.236,NA,NA,NA,NA,NA,NA,NA,NA,NA,NA,NA,NA,NA,NA,NA,NA,NA,NA,NA,NA,NA,NA,NA,NA,NA,NA,NA,NA,NA,NA,205.159,205.578,200.408,202.628,195.424,184.308,206.295,222.841,201.238,200.731,199.864,195.13,191.308,197.055,173.113,172.635,197.146,212.765,194.227,197.744
"599",29.9,72.036,137.835,156.843,150.429,136.927,NA,NA,NA,NA,NA,196.764,201.976,198.954,200.848,188.414,186.738,197.767,216.662,185.908,197.818,188.931,183.727,222.353,192.28,189.935,206.214,207.233,224.459,203.602,195.724,NA,NA,NA,NA,NA,NA,NA,NA,NA,NA,NA,NA,NA,NA,NA,NA,NA,NA,NA,NA,157.391,145.962,130.906,149.268,153.223,132.946,161.198,181.948,150.42,174.607,159.973,158.512,143.177,175.792,143.996,154.485,161.588,173.934,167.256,171.113,170.482,174.436,154.137,169.628,165.893,166.531,168.715,186.456,166.507,174.22,NA,NA,NA,NA,NA,NA,NA,NA,NA,NA,NA,NA,NA,NA,NA,NA,NA,NA,NA,NA,NA,NA,NA,NA,NA,NA,NA,NA,NA,NA,205.449,207.419,201.489,202.438,194.477,184.433,206.4,224.554,200.899,200.699,199.826,194.394,190.911,196.151,174.454,172.546,197.263,212.565,193.11,197.537
"600",29.95,138.683,139.398,156.196,151.288,136.73,NA,NA,NA,NA,NA,196.927,203.22,200.42,200.664,189.082,186.74,197.736,216.238,184.619,197.939,188.886,183.686,220.417,191.469,189.955,206.254,207.612,226.088,205.029,195.633,NA,NA,NA,NA,NA,NA,NA,NA,NA,NA,NA,NA,NA,NA,NA,NA,NA,NA,NA,NA,157.463,146.535,130.778,148.752,153.264,132.871,158.249,181.981,150.353,174.463,159.956,158.964,142.023,175.967,143.108,154.56,161.512,173.593,166.679,170.995,170.379,175.772,154.039,169.258,165.983,166.408,168.674,187.889,166.069,174.033,NA,NA,NA,NA,NA,NA,NA,NA,NA,NA,NA,NA,NA,NA,NA,NA,NA,NA,NA,NA,NA,NA,NA,NA,NA,NA,NA,NA,NA,NA,205.275,205.985,201.266,201.854,194.463,184.299,206.33,223.742,201.414,200.751,199.844,194.833,190.5,196.936,172.724,172.492,197.2,212.751,193.904,197.566
"601",30,138.779,139.49,156.071,151.064,136.594,NA,NA,NA,NA,NA,196.778,202.596,199.003,199.37,189.09,186.83,197.91,215.253,185.401,197.745,188.824,182.502,219.983,191.077,188.175,206.263,207.322,224.787,206.519,195.624,NA,NA,NA,NA,NA,NA,NA,NA,NA,NA,NA,NA,NA,NA,NA,NA,NA,NA,NA,NA,157.445,146.069,130.573,148.738,153.562,132.882,156.063,182.005,150.939,174.53,159.87,157.482,143.265,175.705,141.807,154.392,161.471,173.525,166.8,170.952,170.45,177.003,154.36,168.813,165.42,166.427,168.673,188.608,165.984,174.207,NA,NA,NA,NA,NA,NA,NA,NA,NA,NA,NA,NA,NA,NA,NA,NA,NA,NA,NA,NA,NA,NA,NA,NA,NA,NA,NA,NA,NA,NA,205.25,204.955,200.907,203.503,195.631,184.321,206.345,222.354,200.719,200.793,199.894,196.14,191.747,197.723,175.073,172.807,197.255,212.414,193.993,197.676
"602",30.05,138.674,139.015,155.335,150.473,136.415,NA,NA,NA,NA,NA,196.786,203.226,198.672,199.849,189.49,186.749,197.998,217.426,184.097,197.945,188.778,184.261,220.926,191.069,189.213,206.342,207.437,224.876,209.768,195.764,NA,NA,NA,NA,NA,NA,NA,NA,NA,NA,NA,NA,NA,NA,NA,NA,NA,NA,NA,NA,157.406,146.029,129.884,149.714,153.05,132.924,155.443,180.345,150.696,174.661,159.942,158.254,142.47,175.142,142.307,154.467,161.531,174.693,166.441,171.125,170.452,175.925,154.027,168.716,164.217,166.488,168.84,188.946,166.477,174.159,NA,NA,NA,NA,NA,NA,NA,NA,NA,NA,NA,NA,NA,NA,NA,NA,NA,NA,NA,NA,NA,NA,NA,NA,NA,NA,NA,NA,NA,NA,205.131,207.18,201.148,202.422,195.166,184.247,206.237,223.808,200.856,200.695,199.716,195.729,190.527,197.611,174.427,172.77,197.345,212.447,193.525,197.802
"603",30.1,138.707,140.197,156.841,151.129,136.842,NA,NA,NA,NA,NA,196.922,203.437,198.604,200.467,189.866,186.746,198.101,216.162,186.426,197.938,188.786,183.79,220.982,192.035,187.904,206.377,207.325,225.971,203.873,195.769,NA,NA,NA,NA,NA,NA,NA,NA,NA,NA,NA,NA,NA,NA,NA,NA,NA,NA,NA,NA,157.217,146.642,130.554,149.555,153.55,132.838,155.359,179.953,151.16,174.609,159.855,157.35,142.143,174.838,144.242,154.516,161.49,174.409,166.697,170.946,170.372,175.192,154.294,168.742,165.108,166.413,168.619,187.673,166.228,174.221,NA,NA,NA,NA,NA,NA,NA,NA,NA,NA,NA,NA,NA,NA,NA,NA,NA,NA,NA,NA,NA,NA,NA,NA,NA,NA,NA,NA,NA,NA,205.245,205.927,200.539,202.196,196.476,184.286,206.258,223.801,200.865,200.731,199.903,196.242,191.475,198.33,174.881,172.768,197.386,212.104,193.564,197.866
"604",30.15,138.635,139.339,156.445,150.946,136.277,NA,NA,NA,NA,NA,196.941,204.179,200.177,199.209,190.786,186.812,198.157,216.627,185.084,197.778,188.755,182.42,220.017,191.23,186.49,206.327,207.64,225.54,203.119,195.875,NA,NA,NA,NA,NA,NA,NA,NA,NA,NA,NA,NA,NA,NA,NA,NA,NA,NA,NA,NA,157.316,146.877,130.698,148.847,153.625,132.864,155.4,182.985,150.736,174.588,159.819,158.399,142.238,176.187,142.833,154.405,161.75,172.869,166.624,170.997,170.383,175.89,154.027,169.017,164.934,166.405,168.726,189.921,165.537,174.183,NA,NA,NA,NA,NA,NA,NA,NA,NA,NA,NA,NA,NA,NA,NA,NA,NA,NA,NA,NA,NA,NA,NA,NA,NA,NA,NA,NA,NA,NA,205.128,205.397,200.453,202.778,195.217,184.278,206.234,223.705,200.661,200.735,200.034,196.194,191.166,197.871,174.885,172.889,197.57,213.984,193.709,197.96
"605",30.2,138.612,139.222,155.603,150.647,135.983,NA,NA,NA,NA,NA,197.047,202.952,198.987,200.855,191.146,186.773,198.081,216.613,185.975,197.867,188.809,183.308,220.913,190.758,187.377,206.101,207.497,225.041,202.741,195.717,NA,NA,NA,NA,NA,NA,NA,NA,NA,NA,NA,NA,NA,NA,NA,NA,NA,NA,NA,NA,157.241,145.949,129.777,148.677,153.935,132.862,155.52,180.915,150.494,174.64,159.874,158.758,142.447,175.121,143.478,154.376,161.429,173.189,166.511,170.951,170.446,176.454,154.643,169.038,164.124,166.457,168.811,187.672,166.009,174.149,NA,NA,NA,NA,NA,NA,NA,NA,NA,NA,NA,NA,NA,NA,NA,NA,NA,NA,NA,NA,NA,NA,NA,NA,NA,NA,NA,NA,NA,NA,205.293,206.67,199.173,201.943,197.394,184.445,206.329,224.756,201.545,200.723,200.016,196.189,193.024,196.274,174.18,172.843,197.458,213.155,194.363,197.831
"606",30.25,138.671,139.399,156.787,150.59,136.502,NA,NA,NA,NA,NA,197.212,202.645,198.6,199.847,191.364,186.665,198.18,216.611,186.156,197.852,188.745,183.304,221.408,191.706,188.34,206.328,207.414,224.905,202.967,195.635,NA,NA,NA,NA,NA,NA,NA,NA,NA,NA,NA,NA,NA,NA,NA,NA,NA,NA,NA,NA,157.223,146.837,129.887,149.219,152.082,132.726,155.463,182.58,150.443,174.534,159.939,157.868,141.978,175.376,143.31,154.426,161.647,173.832,167.452,170.878,170.424,174.645,155.238,168.124,164.008,166.373,168.764,188.416,166.715,174.238,NA,NA,NA,NA,NA,NA,NA,NA,NA,NA,NA,NA,NA,NA,NA,NA,NA,NA,NA,NA,NA,NA,NA,NA,NA,NA,NA,NA,NA,NA,205.357,204.317,199.79,202.288,197.175,184.342,206.279,224.363,200.98,200.779,200.181,195.867,191.631,196.591,176.295,172.978,197.713,213.653,194.689,198.023
"607",30.3,138.632,139.743,156.774,151.371,136.284,NA,NA,NA,NA,NA,197.345,203.395,197.93,200.733,191.612,186.809,198.207,215.973,186.323,197.7,188.647,183.773,221.145,191.287,188.666,206.452,207.466,225.227,203.172,195.747,NA,NA,NA,NA,NA,NA,NA,NA,NA,NA,NA,NA,NA,NA,NA,NA,NA,NA,NA,NA,157.234,146.82,130.064,149.415,153.401,132.765,155.46,181.376,150.487,174.683,159.942,159.285,142.162,175.236,143.357,154.404,161.492,174.052,166.758,171.054,170.352,176.444,154.528,169.406,166.237,166.416,168.771,190.068,166.232,174.224,NA,NA,NA,NA,NA,NA,NA,NA,NA,NA,NA,NA,NA,NA,NA,NA,NA,NA,NA,NA,NA,NA,NA,NA,NA,NA,NA,NA,NA,NA,205.249,204.884,201.629,202.767,197.226,184.201,206.226,226.639,201.027,200.788,200.097,197.75,192.879,197.959,175.354,173.07,197.788,211.894,193.489,198.028
"608",30.35,138.6,139.746,155.001,150.687,135.786,NA,NA,NA,NA,NA,197.312,202.01,199.222,199.072,192.12,186.755,198.222,215.933,185.187,197.806,188.799,181.652,221.199,192.284,190.26,206.479,207.406,224.992,202.898,195.753,NA,NA,NA,NA,NA,NA,NA,NA,NA,NA,NA,NA,NA,NA,NA,NA,NA,NA,NA,NA,157.257,146.452,129.924,148.567,153.585,132.882,155.449,182.086,150.596,174.47,159.788,158.513,141.895,176.107,143.411,154.299,161.609,173.639,166.518,170.957,170.303,174.607,154.175,168.514,166.842,166.368,168.661,188.18,165.916,174.11,NA,NA,NA,NA,NA,NA,NA,NA,NA,NA,NA,NA,NA,NA,NA,NA,NA,NA,NA,NA,NA,NA,NA,NA,NA,NA,NA,NA,NA,NA,205.272,204.369,199.407,202.199,196.851,184.256,206.337,223.511,201.864,200.605,200.032,197.595,191.675,197.51,175.258,173.148,197.707,212.186,194.377,198.073
"609",30.4,138.625,138.451,156.803,150.987,NA,NA,NA,NA,NA,NA,197.317,203.2,199.821,199.898,191.801,186.884,198.335,215.674,185.814,197.916,188.704,182.46,219.06,191.651,190.283,206.825,207.644,225.126,202.614,195.736,NA,NA,NA,NA,NA,NA,NA,NA,NA,NA,NA,NA,NA,NA,NA,NA,NA,NA,NA,NA,157.058,147.488,130.771,148.544,154.219,132.696,155.547,182.373,150.455,174.616,159.888,158.218,142.326,175.528,143.833,154.268,161.497,173.793,166.573,170.793,170.283,176.152,155.005,170.267,164.235,166.454,168.77,188.894,165.67,174.28,NA,NA,NA,NA,NA,NA,NA,NA,NA,NA,NA,NA,NA,NA,NA,NA,NA,NA,NA,NA,NA,NA,NA,NA,NA,NA,NA,NA,NA,NA,205.175,204.521,200.923,203.125,195.821,184.426,206.326,223.866,200.631,200.624,200.143,197.134,191.015,197.498,175.111,173.201,197.835,212.334,193.783,198.21
"610",30.45,138.538,138.822,155.789,150.398,NA,NA,NA,NA,NA,NA,197.284,203.898,199.584,200.755,189.317,186.768,198.32,216.553,186.231,197.856,188.839,182.944,221.244,191.942,187.994,206.836,207.458,225.893,203.598,195.524,NA,NA,NA,NA,NA,NA,NA,NA,NA,NA,NA,NA,NA,NA,NA,NA,NA,NA,NA,NA,157.224,146.372,130.115,148.714,154.637,132.698,155.458,181.6,151.057,174.562,160.016,157.893,142.698,176.179,142.499,154.403,161.699,173.465,167.459,170.954,170.268,175.689,155.079,169.351,164.935,166.415,168.716,188.232,166.054,174.217,NA,NA,NA,NA,NA,NA,NA,NA,NA,NA,NA,NA,NA,NA,NA,NA,NA,NA,NA,NA,NA,NA,NA,NA,NA,NA,NA,NA,NA,NA,205.362,205.437,199.402,202.577,198.197,184.371,206.604,224.2,201.088,200.64,200.269,196.085,190.916,197.776,174.459,173.219,197.8,213.702,194.172,198.223
"611",30.5,138.658,139.48,155.778,150.432,NA,NA,NA,NA,NA,NA,197.426,201.831,200.429,200.135,191.187,186.702,198.586,217.024,185.726,197.883,188.759,183.933,218.952,191.31,188.91,206.559,207.455,222.937,203.398,195.709,NA,NA,NA,NA,NA,NA,NA,NA,NA,NA,NA,NA,NA,NA,NA,NA,NA,NA,NA,NA,157.248,146.765,130.188,148.918,154.2,132.678,155.62,181.583,150.796,174.63,159.925,158.683,141.863,175.22,143.035,154.402,161.503,174.51,167.179,170.939,170.253,175.185,154.375,168.058,164.837,166.249,168.631,188.153,166.712,174.283,NA,NA,NA,NA,NA,NA,NA,NA,NA,NA,NA,NA,NA,NA,NA,NA,NA,NA,NA,NA,NA,NA,NA,NA,NA,NA,NA,NA,NA,NA,205.189,205.06,201.139,200.657,196.977,184.36,206.461,223.262,200.984,NA,200.327,196.381,191.798,197.423,176.766,173.237,198.083,213.468,194.105,198.268
"612",30.55,138.558,138.998,NA,NA,NA,NA,NA,NA,NA,NA,197.49,202.266,198.262,200.369,192.897,186.793,198.484,216.688,186.764,197.904,188.573,181.675,222.059,192.223,189.373,206.433,207.446,225.312,203.803,195.664,NA,NA,NA,NA,NA,NA,NA,NA,NA,NA,NA,NA,NA,NA,NA,NA,NA,NA,NA,NA,157.169,147.017,130.351,148.759,153.364,132.629,155.552,182.351,150.415,174.585,159.835,158.983,142.172,175.351,143.587,154.407,161.612,173.879,166.883,170.849,170.302,175.82,154.266,169.064,163.705,166.368,168.658,188.013,165.742,174.3,NA,NA,NA,NA,NA,NA,NA,NA,NA,NA,NA,NA,NA,NA,NA,NA,NA,NA,NA,NA,NA,NA,NA,NA,NA,NA,NA,NA,NA,NA,205.21,205.087,200.475,202.76,195.884,184.368,206.443,223.367,201.568,NA,200.25,195.554,192.601,196.948,176.755,173.47,197.915,213.786,193.847,198.26
"613",30.6,138.476,138.536,NA,NA,NA,NA,NA,NA,NA,NA,197.585,203.711,200.314,199.992,189.456,186.791,198.597,216.594,185.292,197.709,188.638,182.323,223.071,190.8,189.386,206.23,207.448,224.794,202.806,195.79,NA,NA,NA,NA,NA,NA,NA,NA,NA,NA,NA,NA,NA,NA,NA,NA,NA,NA,NA,NA,157.146,146.983,130.768,148.524,153.834,132.686,155.838,183.686,150.576,174.526,159.964,158.74,142.147,175.315,143.977,154.409,161.57,173.923,166.757,170.889,170.113,176.821,154.416,169.117,163.676,166.376,168.736,187.634,166.174,174.14,NA,NA,NA,NA,NA,NA,NA,NA,NA,NA,NA,NA,NA,NA,NA,NA,NA,NA,NA,NA,NA,NA,NA,NA,NA,NA,NA,NA,NA,NA,205.239,203.161,201.347,202.598,196.164,184.199,206.382,223.355,NA,NA,200.158,195.625,191.808,198.329,176.401,173.43,198.019,213.979,192.99,198.36
"614",30.65,138.572,138.765,NA,NA,NA,NA,NA,NA,NA,NA,197.612,202.978,200.555,199.643,191.977,186.841,198.626,217.097,186.412,197.702,188.697,182.406,221.391,190.813,187.736,206.57,207.417,225.657,202.836,195.739,NA,NA,NA,NA,NA,NA,NA,NA,NA,NA,NA,NA,NA,NA,NA,NA,NA,NA,NA,NA,157.149,146.033,129.996,148.686,153.616,132.699,155.709,181.889,150.442,174.592,159.778,158.252,142.124,175.388,142.732,154.339,161.639,174.652,166.186,170.879,170.201,175.419,153.971,168.473,166.59,166.32,168.774,188.265,166.324,174.314,NA,NA,NA,NA,NA,NA,NA,NA,NA,NA,NA,NA,NA,NA,NA,NA,NA,NA,NA,NA,NA,NA,NA,NA,NA,NA,NA,NA,NA,NA,205.215,204.258,200.841,201.775,195.858,184.318,206.41,NA,NA,NA,200.299,195.042,190.559,197.746,176.164,173.605,198.135,213.083,193.874,198.342
"615",30.7,138.48,139.056,NA,NA,NA,NA,NA,NA,NA,NA,197.655,203.367,198.834,201.573,192.522,187.047,198.796,216.436,186.153,197.73,188.605,183.211,221.302,191.738,188.412,206.825,207.402,225.704,203.17,195.822,NA,NA,NA,NA,NA,NA,NA,NA,NA,NA,NA,NA,NA,NA,NA,NA,NA,NA,NA,NA,157.067,146.974,130.282,149.842,152.568,132.639,155.645,181.252,150.625,174.567,159.763,158.81,141.683,175.273,142.557,154.363,161.686,173.8,167.281,170.919,170.232,174.971,154.618,169.074,165.394,166.489,168.699,188.632,165.98,174.305,NA,NA,NA,NA,NA,NA,NA,NA,NA,NA,NA,NA,NA,NA,NA,NA,NA,NA,NA,NA,NA,NA,NA,NA,NA,NA,NA,NA,NA,NA,205.196,204.273,200.725,202.81,197.505,184.331,NA,NA,NA,NA,200.449,196.548,192.273,197.809,174.974,173.581,197.95,213.177,193.711,198.531
"616",30.75,138.626,NA,NA,NA,NA,NA,NA,NA,NA,NA,197.798,204.229,198.311,199.986,190.169,186.877,198.717,215.066,186.185,197.914,188.647,182.418,219.994,191.116,188.339,207.451,207.495,223.072,203.215,195.686,NA,NA,NA,NA,NA,NA,NA,NA,NA,NA,NA,NA,NA,NA,NA,NA,NA,NA,NA,NA,157.116,146.439,130.321,149.277,152.951,132.531,155.759,182.827,150.762,174.514,159.776,157.923,142.329,175.177,141.927,154.34,161.687,173.806,166.513,171.001,170.267,174.558,155.071,169.161,165.585,166.384,168.592,188.724,166.092,174.202,NA,NA,NA,NA,NA,NA,NA,NA,NA,NA,NA,NA,NA,NA,NA,NA,NA,NA,NA,NA,NA,NA,NA,NA,NA,NA,NA,NA,NA,NA,205.332,203.761,201.107,202.728,196.088,184.275,NA,NA,NA,NA,200.392,196.635,193.091,197.692,175.004,173.716,198.203,214.105,194.753,198.547
"617",30.8,NA,NA,NA,NA,NA,NA,NA,NA,NA,NA,197.774,203.326,198.868,200.292,191.618,186.855,198.706,217.503,186.593,197.725,188.649,184.16,220.282,191.775,188.163,206.383,207.355,224.809,203.24,195.593,NA,NA,NA,NA,NA,NA,NA,NA,NA,NA,NA,NA,NA,NA,NA,NA,NA,NA,NA,NA,157.005,146.564,130.5,148.638,152.59,132.576,155.781,181.854,150.926,174.527,159.8,158.432,142.253,176.381,143.909,154.399,161.831,174.373,166.708,170.886,170.087,175.567,154.315,168.606,164.29,166.39,168.768,187.864,165.396,174.343,NA,NA,NA,NA,NA,NA,NA,NA,NA,NA,NA,NA,NA,NA,NA,NA,NA,NA,NA,NA,NA,NA,NA,NA,NA,NA,NA,NA,NA,NA,205.2,204.945,199.096,202.296,197.727,NA,NA,NA,NA,NA,200.322,197.14,192.198,196.872,175.221,173.814,198.469,213.932,193.321,198.659
"618",30.85,NA,NA,NA,NA,NA,NA,NA,NA,NA,NA,197.914,203.664,198.47,201.477,190.842,186.89,198.818,218.167,187.67,197.86,188.661,183.916,221.147,191.684,186.538,206.39,207.187,225.448,202.925,195.689,NA,NA,NA,NA,NA,NA,NA,NA,NA,NA,NA,NA,NA,NA,NA,NA,NA,NA,NA,NA,157.031,147.305,129.808,148.449,153.34,132.634,155.859,180.843,149.916,174.644,159.8,158.002,142.241,174.977,142.949,154.318,161.794,174.196,166.959,171.007,170.269,175.638,154.394,168.757,164.878,166.292,168.62,188.38,166.543,174.351,NA,NA,NA,NA,NA,NA,NA,NA,NA,NA,NA,NA,NA,NA,NA,NA,NA,NA,NA,NA,NA,NA,NA,NA,NA,NA,NA,NA,NA,NA,205.387,204.48,201.028,202.642,NA,NA,NA,NA,NA,NA,200.407,196.438,190.559,197.371,176.773,173.675,198.161,213.908,194.173,198.787
"619",30.9,NA,NA,NA,NA,NA,NA,NA,NA,NA,NA,197.965,204.957,199.604,200.932,191.804,186.887,198.996,216.769,186.993,197.796,188.617,183.424,220.877,191.144,191.227,206.387,207.463,225.437,203.589,195.733,NA,NA,NA,NA,NA,NA,NA,NA,NA,NA,NA,NA,NA,NA,NA,NA,NA,NA,NA,NA,157.077,146.405,130.451,148.761,153.469,132.585,155.783,182.299,150.564,174.481,159.866,159.344,142.252,176.035,143.138,154.433,161.664,173.598,166.138,170.787,170.113,176.693,153.806,169.52,166.019,166.264,168.621,188.026,166.157,174.145,NA,NA,NA,NA,NA,NA,NA,NA,NA,NA,NA,NA,NA,NA,NA,NA,NA,NA,NA,NA,NA,NA,NA,NA,NA,NA,NA,NA,NA,NA,205.322,204.88,200.003,NA,NA,NA,NA,NA,NA,NA,200.342,194.854,191.437,198.478,176.734,173.8,198.204,214.289,193.712,198.752
"620",30.95,NA,NA,NA,NA,NA,NA,NA,NA,NA,NA,197.986,204.542,201.829,200.922,192.681,186.749,198.89,216.077,186.27,197.628,188.609,183.101,219.803,190.303,188.484,206.306,207.417,225.671,204.428,195.774,NA,NA,NA,NA,NA,NA,NA,NA,NA,NA,NA,NA,NA,NA,NA,NA,NA,NA,NA,NA,157.122,146.441,129.846,149.33,153.668,132.614,155.725,181.796,150.265,174.522,159.854,157.909,141.968,175.962,143.32,154.286,161.832,173.691,167.096,170.877,170.085,175.79,154.696,169.041,166.042,166.322,168.821,188.868,165.94,174.139,NA,NA,NA,NA,NA,NA,NA,NA,NA,NA,NA,NA,NA,NA,NA,NA,NA,NA,NA,NA,NA,NA,NA,NA,NA,NA,NA,NA,NA,NA,205.23,204.136,199.897,NA,NA,NA,NA,NA,NA,NA,200.391,197.149,191.698,197.719,174.884,173.989,198.39,213.32,193.871,198.861
"621",31,NA,NA,NA,NA,NA,NA,NA,NA,NA,NA,198.097,204.292,199.695,200.243,192.305,186.789,198.953,216.834,186.566,197.659,188.714,183.07,221.43,191.264,187.731,206.312,207.513,224.404,203.311,195.68,NA,NA,NA,NA,NA,NA,NA,NA,NA,NA,NA,NA,NA,NA,NA,NA,NA,NA,NA,NA,156.9,146.767,129.729,149.091,153.335,132.567,155.808,182.26,150.604,174.59,159.891,158.3,142.107,175.1,141.926,154.24,161.784,173.392,166.445,170.974,170.106,175.479,154.021,169.031,165.779,166.298,168.754,187.119,165.562,174.254,NA,NA,NA,NA,NA,NA,NA,NA,NA,NA,NA,NA,NA,NA,NA,NA,NA,NA,NA,NA,NA,NA,NA,NA,NA,NA,NA,NA,NA,NA,205.314,206.916,NA,NA,NA,NA,NA,NA,NA,NA,200.678,196.708,192.027,198.161,175.539,173.865,198.61,214.629,194.12,198.914
"622",31.05,NA,NA,NA,NA,NA,NA,NA,NA,NA,NA,198.22,204.44,199.271,201.024,192.756,186.892,199.13,218.139,187.034,197.789,188.659,182.54,220.551,191.773,187.847,206.436,207.498,224.744,203.747,195.592,NA,NA,NA,NA,NA,NA,NA,NA,NA,NA,NA,NA,NA,NA,NA,NA,NA,NA,NA,NA,156.954,146.779,130.232,149.222,153.245,132.536,155.783,180.785,150.647,174.461,159.772,158.143,142.371,176.74,142.523,154.498,161.608,173.395,166.673,170.742,170.105,175.555,154.632,168.413,166.744,166.24,168.706,187.908,166.371,174.261,NA,NA,NA,NA,NA,NA,NA,NA,NA,NA,NA,NA,NA,NA,NA,NA,NA,NA,NA,NA,NA,NA,NA,NA,NA,NA,NA,NA,NA,NA,205.442,NA,NA,NA,NA,NA,NA,NA,NA,NA,200.659,198.056,191.755,198.045,175.709,173.938,198.494,214.089,194.075,198.92
"623",31.1,NA,NA,NA,NA,NA,NA,NA,NA,NA,NA,198.205,203.732,198.91,200.549,189.928,186.89,199.126,216.291,187.5,197.863,188.623,182.961,221.815,191.18,189.36,206.307,207.634,225.663,203.421,195.818,NA,NA,NA,NA,NA,NA,NA,NA,NA,NA,NA,NA,NA,NA,NA,NA,NA,NA,NA,NA,156.915,146.187,129.496,148.832,152.63,132.438,155.742,181.983,150.183,174.505,159.885,158.985,142.72,174.989,141.509,154.302,161.821,172.954,166.175,170.789,170.109,174.82,153.83,168.823,165.094,166.276,168.632,187.919,165.91,174.302,NA,NA,NA,NA,NA,NA,NA,NA,NA,NA,NA,NA,NA,NA,NA,NA,NA,NA,NA,NA,NA,NA,NA,NA,NA,NA,NA,NA,NA,NA,205.391,NA,NA,NA,NA,NA,NA,NA,NA,NA,200.722,195.967,193.666,197.567,175.794,174.134,198.651,213.921,194.157,198.982
"624",31.15,NA,NA,NA,NA,NA,NA,NA,NA,NA,NA,198.423,202.592,199.989,200.728,193.458,186.878,199.253,217.353,187.004,197.805,188.798,182.765,221.867,192.056,190.267,206.278,207.351,225.574,203.453,195.698,NA,NA,NA,NA,NA,NA,NA,NA,NA,NA,NA,NA,NA,NA,NA,NA,NA,NA,NA,NA,156.913,146.941,129.554,148.944,152.626,132.572,155.616,182.854,150.984,174.558,159.936,158.152,142.274,175.326,142.668,154.422,161.803,172.991,166.868,170.996,170.102,175.599,153.821,168.223,166.623,166.348,168.656,189.651,166.297,174.357,NA,NA,NA,NA,NA,NA,NA,NA,NA,NA,NA,NA,NA,NA,NA,NA,NA,NA,NA,NA,NA,NA,NA,NA,NA,NA,NA,NA,NA,NA,NA,NA,NA,NA,NA,NA,NA,NA,NA,NA,200.764,197.964,191.644,197.825,176.467,173.968,198.724,214.08,194.957,199.07
"625",31.2,NA,NA,NA,NA,NA,NA,NA,NA,NA,NA,198.326,205.133,199.399,201.053,190.632,186.883,199.137,217.311,186.857,197.809,188.726,182.366,221.388,192.681,189.94,206.261,207.627,224.911,203.448,195.587,NA,NA,NA,NA,NA,NA,NA,NA,NA,NA,NA,NA,NA,NA,NA,NA,NA,NA,NA,NA,156.852,147.38,130.192,149.462,152.583,132.372,155.694,181.505,150.744,174.415,159.796,158.236,143.55,175.64,142.021,154.316,161.705,174.14,166.127,170.834,169.97,174.173,154.412,168.921,165.948,166.251,168.59,188.18,166.506,174.247,NA,NA,NA,NA,NA,NA,NA,NA,NA,NA,NA,NA,NA,NA,NA,NA,NA,NA,NA,NA,NA,NA,NA,NA,NA,NA,NA,NA,NA,NA,NA,NA,NA,NA,NA,NA,NA,NA,NA,NA,200.79,196.86,193.223,198.392,177.174,174.107,198.692,213.825,194.104,199.3
"626",31.25,NA,NA,NA,NA,NA,NA,NA,NA,NA,NA,198.587,203.566,199.979,201.266,191.855,186.922,199.38,216.653,187.175,197.781,188.684,182.805,222.034,191.535,187.793,206.346,207.29,225.951,201.994,195.74,NA,NA,NA,NA,NA,NA,NA,NA,NA,NA,NA,NA,NA,NA,NA,NA,NA,NA,NA,NA,156.847,147.132,129.928,149.114,152.657,132.553,155.608,181.943,150.564,174.507,159.826,157.672,141.325,175.69,143.411,154.255,161.879,173.942,166.672,170.802,170.112,175.827,155.289,169.439,163.415,166.234,168.741,187.255,166.458,174.095,NA,NA,NA,NA,NA,NA,NA,NA,NA,NA,NA,NA,NA,NA,NA,NA,NA,NA,NA,NA,NA,NA,NA,NA,NA,NA,NA,NA,NA,NA,NA,NA,NA,NA,NA,NA,NA,NA,NA,NA,200.799,197.767,192.153,197.708,174.58,174.151,198.573,213.817,194.684,199.099
"627",31.3,NA,NA,NA,NA,NA,NA,NA,NA,NA,NA,198.54,204.445,199.631,201.205,192.459,186.896,199.477,216.485,188.309,197.712,188.712,183.233,220.677,192.197,189.676,206.408,207.666,224.563,202.468,195.768,NA,NA,NA,NA,NA,NA,NA,NA,NA,NA,NA,NA,NA,NA,NA,NA,NA,NA,NA,NA,157.003,147.354,130.245,148.86,152.983,132.535,155.782,181.657,151.025,174.442,159.819,159.072,142.257,175.665,142.176,154.191,161.841,173.59,166.402,170.906,170.018,176.007,153.375,167.556,164.764,166.219,168.6,187.749,166.07,174.349,NA,NA,NA,NA,NA,NA,NA,NA,NA,NA,NA,NA,NA,NA,NA,NA,NA,NA,NA,NA,NA,NA,NA,NA,NA,NA,NA,NA,NA,NA,NA,NA,NA,NA,NA,NA,NA,NA,NA,NA,200.819,196.529,192.109,197.213,176.081,174.326,198.737,214.656,194.199,199.209
"628",31.35,NA,NA,NA,NA,NA,NA,NA,NA,NA,NA,198.548,204.308,199.368,200.973,192.196,187.017,199.412,217.812,186.701,197.739,188.733,183.339,220.206,190.931,188.065,206.476,207.408,224.743,203.466,195.823,NA,NA,NA,NA,NA,NA,NA,NA,NA,NA,NA,NA,NA,NA,NA,NA,NA,NA,NA,NA,156.791,146.454,129.429,149.299,152.647,132.36,155.576,182.369,151.321,174.472,159.804,157.744,142.761,175.85,142.734,154.275,161.871,174.136,166.973,170.788,170.062,175.935,154.816,168.832,165.75,166.31,168.636,187.252,166.343,174.305,NA,NA,NA,NA,NA,NA,NA,NA,NA,NA,NA,NA,NA,NA,NA,NA,NA,NA,NA,NA,NA,NA,NA,NA,NA,NA,NA,NA,NA,NA,NA,NA,NA,NA,NA,NA,NA,NA,NA,NA,200.835,198.258,192.686,197.308,175.481,174.269,198.952,213.058,193.85,199.233
"629",31.4,NA,NA,NA,NA,NA,NA,NA,NA,NA,NA,198.587,205.039,199.539,201.955,192.308,186.872,199.588,217.827,187.419,197.597,188.725,183.058,221.391,191.461,189.757,206.439,207.487,224.832,202.857,195.834,NA,NA,NA,NA,NA,NA,NA,NA,NA,NA,NA,NA,NA,NA,NA,NA,NA,NA,NA,NA,156.815,146.526,129.638,149.177,152.952,132.446,155.685,181.093,150.525,174.38,159.804,156.847,141.528,174.912,142.822,154.237,161.894,173.754,166.895,170.86,170.177,174.448,154.417,168.286,164.793,166.302,168.529,188.303,165.384,174.415,NA,NA,NA,NA,NA,NA,NA,NA,NA,NA,NA,NA,NA,NA,NA,NA,NA,NA,NA,NA,NA,NA,NA,NA,NA,NA,NA,NA,NA,NA,NA,NA,NA,NA,NA,NA,NA,NA,NA,NA,200.819,196.946,192.44,199.622,175.759,174.295,198.701,213.525,195.291,199.175
"630",31.45,NA,NA,NA,NA,NA,NA,NA,NA,NA,NA,198.692,205.269,198.56,202.007,191.094,186.927,199.653,217.096,187.714,197.717,188.713,183.376,220.425,192.13,188.008,206.257,207.397,225.904,203.353,195.62,NA,NA,NA,NA,NA,NA,NA,NA,NA,NA,NA,NA,NA,NA,NA,NA,NA,NA,NA,NA,156.816,148.012,129.634,148.479,153.911,132.359,155.723,181.993,150.347,174.615,159.725,158.156,142.485,175.352,142.478,154.273,161.81,173.729,167.059,170.885,170.119,174.097,154.622,168.681,165.109,166.267,168.706,189.014,166.027,174.309,NA,NA,NA,NA,NA,NA,NA,NA,NA,NA,NA,NA,NA,NA,NA,NA,NA,NA,NA,NA,NA,NA,NA,NA,NA,NA,NA,NA,NA,NA,NA,NA,NA,NA,NA,NA,NA,NA,NA,NA,200.949,198.038,192.349,198.956,177.425,174.32,198.829,215.461,194.44,199.419
"631",31.5,NA,NA,NA,NA,NA,NA,NA,NA,NA,NA,198.627,205.011,199.851,200.734,192.271,186.942,199.465,218.063,188.259,197.638,188.64,183.459,220.372,191.894,188.464,206.344,207.276,224.221,203.734,195.607,NA,NA,NA,NA,NA,NA,NA,NA,NA,NA,NA,NA,NA,NA,NA,NA,NA,NA,NA,NA,156.771,147.633,129.083,149.278,153.522,132.371,155.621,181.077,150.159,174.567,159.736,158.435,142.838,176.811,140.645,154.323,161.95,173.858,166.398,170.857,169.972,176.874,153.444,169.039,164.131,166.294,168.762,188.289,166.106,174.269,NA,NA,NA,NA,NA,NA,NA,NA,NA,NA,NA,NA,NA,NA,NA,NA,NA,NA,NA,NA,NA,NA,NA,NA,NA,NA,NA,NA,NA,NA,NA,NA,NA,NA,NA,NA,NA,NA,NA,NA,201.02,198.737,192.802,198.516,177.664,174.372,199.118,214.629,194.012,199.284
"632",31.55,NA,NA,NA,NA,NA,NA,NA,NA,NA,NA,198.732,205.15,199.04,200.644,190.717,186.941,199.73,216.018,187.969,197.645,188.74,182.807,220.927,192.067,187.756,206.364,207.616,224.683,202.604,195.707,NA,NA,NA,NA,NA,NA,NA,NA,NA,NA,NA,NA,NA,NA,NA,NA,NA,NA,NA,NA,156.855,146.306,130.319,149.477,152.958,132.38,155.8,180.884,150.352,174.463,159.711,158.648,141.493,175.141,141.455,154.215,162.007,173.64,167.136,170.824,170.017,175.595,153.973,168.949,166.331,166.267,168.708,188.951,165.724,174.295,NA,NA,NA,NA,NA,NA,NA,NA,NA,NA,NA,NA,NA,NA,NA,NA,NA,NA,NA,NA,NA,NA,NA,NA,NA,NA,NA,NA,NA,NA,NA,NA,NA,NA,NA,NA,NA,NA,NA,NA,200.959,196.428,192.069,197.717,177.541,174.504,199.1,213.735,194.312,199.392
"633",31.6,NA,NA,NA,NA,NA,NA,NA,NA,NA,NA,198.693,204.922,200.008,201.356,190.583,187.096,199.753,216.637,187.924,197.634,188.873,182.358,221.089,191.846,190.219,206.339,207.584,225.881,202.683,195.72,NA,NA,NA,NA,NA,NA,NA,NA,NA,NA,NA,NA,NA,NA,NA,NA,NA,NA,NA,NA,156.746,147.165,129.699,149.923,153.211,132.332,155.717,181.311,150.643,174.366,159.682,158.346,141.685,176.745,142.511,154.275,162.053,173.103,166.586,170.81,169.906,173.824,154.188,169.617,165.916,166.189,168.63,189.244,166.122,174.263,NA,NA,NA,NA,NA,NA,NA,NA,NA,NA,NA,NA,NA,NA,NA,NA,NA,NA,NA,NA,NA,NA,NA,NA,NA,NA,NA,NA,NA,NA,NA,NA,NA,NA,NA,NA,NA,NA,NA,NA,200.903,197.694,193.072,199.056,176.799,174.571,199.038,214.236,194.532,199.577
"634",31.65,NA,NA,NA,NA,NA,NA,NA,NA,NA,NA,198.828,205.488,199.882,201.34,191.026,187.106,199.747,218.262,188.317,197.64,188.748,183.768,221.583,192.219,188.248,206.382,207.347,224.511,202.677,195.677,NA,NA,NA,NA,NA,NA,NA,NA,NA,NA,NA,NA,NA,NA,NA,NA,NA,NA,NA,NA,156.796,145.653,129.062,149.658,153.04,132.325,155.589,181.658,150.409,174.497,159.732,158.085,141.323,175.716,141.683,154.158,162.076,173.537,167.013,170.872,170.04,175.282,153.535,169.273,166.018,166.227,168.734,188.43,165.911,174.296,NA,NA,NA,NA,NA,NA,NA,NA,NA,NA,NA,NA,NA,NA,NA,NA,NA,NA,NA,NA,NA,NA,NA,NA,NA,NA,NA,NA,NA,NA,NA,NA,NA,NA,NA,NA,NA,NA,NA,NA,201.073,196.589,191.765,198.854,175.158,174.528,199.009,215.446,194.657,199.578
"635",31.7,NA,NA,NA,NA,NA,NA,NA,NA,NA,NA,199.016,204.665,201.354,201.332,192.857,187.03,200.063,217.823,187.343,197.637,188.744,183.98,218.569,190.824,185.414,206.431,207.592,224.452,203.774,195.724,NA,NA,NA,NA,NA,NA,NA,NA,NA,NA,NA,NA,NA,NA,NA,NA,NA,NA,NA,NA,156.679,145.992,129.869,148.73,153.162,132.32,155.585,182.026,150.635,174.387,159.725,158.41,142.438,175.859,142.407,154.224,162.115,173.707,166.726,170.827,169.94,176.267,154.31,168.924,164.613,166.245,168.626,188.942,166.285,174.368,NA,NA,NA,NA,NA,NA,NA,NA,NA,NA,NA,NA,NA,NA,NA,NA,NA,NA,NA,NA,NA,NA,NA,NA,NA,NA,NA,NA,NA,NA,NA,NA,NA,NA,NA,NA,NA,NA,NA,NA,201.003,197.855,191.8,198.173,177.028,174.744,199.064,214.446,194.831,199.55
"636",31.75,NA,NA,NA,NA,NA,NA,NA,NA,NA,NA,198.98,205.839,199.25,201.55,192.843,186.975,200.06,217.373,187.227,197.681,188.664,183.844,221.739,192.391,190.304,206.191,207.55,224.775,203.687,195.638,NA,NA,NA,NA,NA,NA,NA,NA,NA,NA,NA,NA,NA,NA,NA,NA,NA,NA,NA,NA,156.821,145.837,129.699,149.1,152.226,132.428,155.61,181.373,150.35,174.522,159.68,158.186,141.016,174.691,141.762,154.206,162.166,174.256,166.446,170.775,169.924,174.732,153.582,168.018,165.958,166.306,168.784,188.594,166.175,174.324,NA,NA,NA,NA,NA,NA,NA,NA,NA,NA,NA,NA,NA,NA,NA,NA,NA,NA,NA,NA,NA,NA,NA,NA,NA,NA,NA,NA,NA,NA,NA,NA,NA,NA,NA,NA,NA,NA,NA,NA,201.087,197.046,191.61,198.86,176.569,174.718,199.35,214.562,193.821,199.693
"637",31.8,NA,NA,NA,NA,NA,NA,NA,NA,NA,NA,199.213,205.049,200.017,202.261,192.862,186.942,200.063,216.951,187.961,197.721,188.889,182.935,221.076,192.003,187.442,206.293,207.533,223.323,202.609,195.789,NA,NA,NA,NA,NA,NA,NA,NA,NA,NA,NA,NA,NA,NA,NA,NA,NA,NA,NA,NA,156.703,147.06,129.183,149.383,151.191,132.381,155.613,181.956,150.247,174.597,159.75,158.569,141.138,175.688,142.385,154.204,162.045,173.684,166.449,170.903,169.953,175.834,153.718,167.751,165.83,166.332,168.672,188.216,166.234,174.345,NA,NA,NA,NA,NA,NA,NA,NA,NA,NA,NA,NA,NA,NA,NA,NA,NA,NA,NA,NA,NA,NA,NA,NA,NA,NA,NA,NA,NA,NA,NA,NA,NA,NA,NA,NA,NA,NA,NA,NA,201.269,196.597,193.346,198.462,177.477,174.734,199.297,214.213,195.244,199.752
"638",31.85,NA,NA,NA,NA,NA,NA,NA,NA,NA,NA,199.22,204.101,199.082,202.128,191.524,187.074,199.952,217.12,188.431,197.578,188.731,182.415,221.047,191.17,190.111,206.455,207.48,223.875,203.584,195.621,NA,NA,NA,NA,NA,NA,NA,NA,NA,NA,NA,NA,NA,NA,NA,NA,NA,NA,NA,NA,156.718,147.178,129.651,148.798,152.874,132.289,155.586,182.081,150.618,174.511,159.729,158.195,141.589,174.772,143.429,154.225,161.846,173.421,166.195,170.852,169.9,174.865,153.791,169.095,165.511,166.263,168.618,188.963,165.364,174.237,NA,NA,NA,NA,NA,NA,NA,NA,NA,NA,NA,NA,NA,NA,NA,NA,NA,NA,NA,NA,NA,NA,NA,NA,NA,NA,NA,NA,NA,NA,NA,NA,NA,NA,NA,NA,NA,NA,NA,NA,201.3,197.387,192.604,198.371,177.914,174.887,199.274,215.086,195.407,199.752
"639",31.9,NA,NA,NA,NA,NA,NA,NA,NA,NA,NA,199.31,206.865,201.141,201.623,195.27,187.114,199.947,218.283,187.474,197.36,188.678,181.741,221.029,191.726,186.917,206.388,207.311,225.775,203.738,195.677,NA,NA,NA,NA,NA,NA,NA,NA,NA,NA,NA,NA,NA,NA,NA,NA,NA,NA,NA,NA,156.64,146.34,129.751,148.586,152.988,132.347,155.685,182.819,149.827,174.518,159.702,157.916,142.293,175.557,141.765,154.15,162.171,173.755,166.382,170.699,169.937,173.635,153.102,168.518,164.519,166.237,168.855,187.133,165.751,174.29,NA,NA,NA,NA,NA,NA,NA,NA,NA,NA,NA,NA,NA,NA,NA,NA,NA,NA,NA,NA,NA,NA,NA,NA,NA,NA,NA,NA,NA,NA,NA,NA,NA,NA,NA,NA,NA,NA,NA,NA,201.221,197.669,192.451,198.392,177.907,175.025,199.406,214.72,195.013,199.966
"640",31.95,NA,NA,NA,NA,NA,NA,NA,NA,NA,NA,199.316,205.285,202.188,200.369,194.146,187.08,200.313,217.774,188.14,197.525,188.884,183.963,221.308,191.903,188.169,206.341,207.674,224.976,202.729,195.767,NA,NA,NA,NA,NA,NA,NA,NA,NA,NA,NA,NA,NA,NA,NA,NA,NA,NA,NA,NA,156.713,147.654,130.041,148.756,152.374,132.347,155.715,182.354,150.849,174.498,159.641,158.731,141.417,176.159,142.273,154.144,162.067,173.492,166.261,170.781,169.98,176.077,153.872,168.536,164.716,166.187,168.719,188.847,166.498,174.271,NA,NA,NA,NA,NA,NA,NA,NA,NA,NA,NA,NA,NA,NA,NA,NA,NA,NA,NA,NA,NA,NA,NA,NA,NA,NA,NA,NA,NA,NA,NA,NA,NA,NA,NA,NA,NA,NA,NA,NA,201.367,198.25,192.301,198.438,176.248,174.883,199.28,214.517,195.112,199.964
"641",32,NA,NA,NA,NA,NA,NA,NA,NA,NA,NA,199.349,204.224,200.5,201.19,192.12,187.064,200.41,217.322,186.999,197.656,188.778,184.083,221.768,190.881,186.59,206.476,207.365,224.954,203.562,195.751,NA,NA,NA,NA,NA,NA,NA,NA,NA,NA,NA,NA,NA,NA,NA,NA,NA,NA,NA,NA,156.714,146.251,129.091,148.396,152.176,132.25,155.578,182.746,150.525,174.516,159.685,158.64,141.327,176.494,143.96,154.221,161.99,173.291,166.718,170.75,169.927,176.953,154.337,168.002,165.415,166.151,168.808,186.771,165.866,174.265,NA,NA,NA,NA,NA,NA,NA,NA,NA,NA,NA,NA,NA,NA,NA,NA,NA,NA,NA,NA,NA,NA,NA,NA,NA,NA,NA,NA,NA,NA,NA,NA,NA,NA,NA,NA,NA,NA,NA,NA,201.345,197.085,192.517,199.244,176.665,175.015,199.504,215.932,194.738,199.971
"642",32.05,NA,NA,NA,NA,NA,NA,NA,NA,NA,NA,199.554,204.511,200.377,202.332,193.035,187.037,200.383,217.875,188.461,197.607,188.953,184.185,220.869,189.634,190.084,206.263,207.357,224.594,203.146,195.701,NA,NA,NA,NA,NA,NA,NA,NA,NA,NA,NA,NA,NA,NA,NA,NA,NA,NA,NA,NA,156.62,147.431,129.804,148.857,152.746,132.235,155.682,181.085,150.938,174.561,159.734,157.809,142.841,175.562,142.009,154.196,162.136,173.117,166.909,170.805,169.881,176.45,153.605,168.9,164.854,166.209,168.651,187.104,165.833,174.29,NA,NA,NA,NA,NA,NA,NA,NA,NA,NA,NA,NA,NA,NA,NA,NA,NA,NA,NA,NA,NA,NA,NA,NA,NA,NA,NA,NA,NA,NA,NA,NA,NA,NA,NA,NA,NA,NA,NA,NA,201.281,198.194,192.09,199.012,177.819,175.163,199.722,214.432,195.395,199.909
"643",32.1,NA,NA,NA,NA,NA,NA,NA,NA,NA,NA,199.524,205.972,200.531,202.212,193.533,187.161,200.115,217.442,188.372,197.607,188.918,184.089,220.849,190.385,188.383,206.299,207.497,224.393,203.866,195.527,NA,NA,NA,NA,NA,NA,NA,NA,NA,NA,NA,NA,NA,NA,NA,NA,NA,NA,NA,NA,156.659,146.529,129.837,149.291,152.909,132.256,155.683,182.397,150.69,174.518,159.709,158.274,142.185,175.888,142.366,154.22,162.202,173.23,166.567,170.681,170.004,175.769,153.211,168.395,163.847,166.327,168.74,188.034,166.526,174.394,NA,NA,NA,NA,NA,NA,NA,NA,NA,NA,NA,NA,NA,NA,NA,NA,NA,NA,NA,NA,NA,NA,NA,NA,NA,NA,NA,NA,NA,NA,NA,NA,NA,NA,NA,NA,NA,NA,NA,NA,201.372,198.439,192.899,198.267,177.675,175.204,199.395,213.747,194.702,200.027
"644",32.15,NA,NA,NA,NA,NA,NA,NA,NA,NA,NA,199.474,205.862,201.266,201.77,191.166,187.205,200.369,217.689,188.329,197.497,188.688,183.354,221.943,191.569,190.957,206.303,207.328,226.263,202.724,195.731,NA,NA,NA,NA,NA,NA,NA,NA,NA,NA,NA,NA,NA,NA,NA,NA,NA,NA,NA,NA,156.475,146.437,129.331,148.549,152.868,132.282,155.566,182.368,151.088,174.487,159.736,157.948,141.444,176.287,142.845,154.22,162.137,173.058,166.616,170.636,169.864,174.703,153.232,169.825,164.171,166.15,168.669,187.283,165.682,174.333,NA,NA,NA,NA,NA,NA,NA,NA,NA,NA,NA,NA,NA,NA,NA,NA,NA,NA,NA,NA,NA,NA,NA,NA,NA,NA,NA,NA,NA,NA,NA,NA,NA,NA,NA,NA,NA,NA,NA,NA,201.435,197.886,193.17,199.046,177.145,175.311,199.328,215.479,195.184,200.274
"645",32.2,NA,NA,NA,NA,NA,NA,NA,NA,NA,NA,199.508,207.393,200.428,201.979,192.012,187.199,200.383,216.652,188.36,197.503,188.841,183.941,220.735,191.09,188.851,206.266,207.649,226.617,202.88,195.672,NA,NA,NA,NA,NA,NA,NA,NA,NA,NA,NA,NA,NA,NA,NA,NA,NA,NA,NA,NA,156.643,147.443,129.1,149.656,153.945,132.236,155.811,181.67,150.818,174.422,159.616,157.839,141.847,175.871,142.533,154.099,162.172,172.953,167.005,170.779,169.89,176.146,153.817,167.927,166.21,166.105,168.941,188.455,166.046,174.402,NA,NA,NA,NA,NA,NA,NA,NA,NA,NA,NA,NA,NA,NA,NA,NA,NA,NA,NA,NA,NA,NA,NA,NA,NA,NA,NA,NA,NA,NA,NA,NA,NA,NA,NA,NA,NA,NA,NA,NA,201.441,198.905,192.987,198.965,176.843,175.358,199.624,215.14,194.584,200.079
"646",32.25,NA,NA,NA,NA,NA,NA,NA,NA,NA,NA,199.535,204.137,198.951,202.729,192.675,187.285,200.679,217.547,188.967,197.62,188.948,184.261,221.609,191.442,188.468,206.178,207.521,226.571,203.67,195.586,NA,NA,NA,NA,NA,NA,NA,NA,NA,NA,NA,NA,NA,NA,NA,NA,NA,NA,NA,NA,156.515,146.061,128.309,149.543,152.354,132.231,155.692,181.645,150.536,174.35,159.722,158.094,141.938,175.478,142.385,154.105,162.091,173.465,166.858,170.889,169.85,175.267,154.714,168.755,164.013,166.18,168.614,188.569,166.242,174.399,NA,NA,NA,NA,NA,NA,NA,NA,NA,NA,NA,NA,NA,NA,NA,NA,NA,NA,NA,NA,NA,NA,NA,NA,NA,NA,NA,NA,NA,NA,NA,NA,NA,NA,NA,NA,NA,NA,NA,NA,201.563,198.451,192.606,199.112,177.738,175.471,199.623,213.697,194.665,200.368
"647",32.3,NA,NA,NA,NA,NA,NA,NA,NA,NA,NA,199.778,205.078,200.568,201.539,193.065,187.317,200.539,218.452,188.469,197.658,188.773,182.847,219.489,191.494,190.272,206.443,207.5,223.669,202.674,195.689,NA,NA,NA,NA,NA,NA,NA,NA,NA,NA,NA,NA,NA,NA,NA,NA,NA,NA,NA,NA,156.407,147.572,128.876,148.388,152.993,132.05,155.597,181.39,150.776,174.51,159.647,159.147,141.928,174.862,142.454,154.182,162.277,173.47,166.578,170.592,169.916,176.102,154.669,168.059,165.691,166.195,168.578,188.442,165.891,174.456,NA,NA,NA,NA,NA,NA,NA,NA,NA,NA,NA,NA,NA,NA,NA,NA,NA,NA,NA,NA,NA,NA,NA,NA,NA,NA,NA,NA,NA,NA,NA,NA,NA,NA,NA,NA,NA,NA,NA,NA,201.54,198.781,193.297,199.059,177.069,175.394,199.707,215.267,194.715,200.308
"648",32.35,NA,NA,NA,NA,NA,NA,NA,NA,NA,NA,199.72,205.525,200.846,201.941,194.936,187.352,200.589,217.546,189.246,197.491,188.78,183.297,221.447,190.757,189.391,206.415,207.628,225.611,203.156,195.675,NA,NA,NA,NA,NA,NA,NA,NA,NA,NA,NA,NA,NA,NA,NA,NA,NA,NA,NA,NA,156.465,146.579,129.763,148.995,152.442,132.119,155.614,181.003,150.965,174.449,159.762,158.734,141.359,175.251,142.467,154.097,162.31,173.585,167.795,170.711,169.943,176.6,152.673,168.76,165.103,166.255,168.589,187.52,166.518,174.451,NA,NA,NA,NA,NA,NA,NA,NA,NA,NA,NA,NA,NA,NA,NA,NA,NA,NA,NA,NA,NA,NA,NA,NA,NA,NA,NA,NA,NA,NA,NA,NA,NA,NA,NA,NA,NA,NA,NA,NA,201.623,197.465,193.824,198.996,178.994,175.474,199.849,213.497,195.163,200.449
"649",32.4,NA,NA,NA,NA,NA,NA,NA,NA,NA,NA,199.784,205.181,200.814,202.436,193.504,187.146,200.691,217.525,188.317,197.511,188.96,183.792,219.887,192.635,189.062,206.334,207.386,224.632,203.936,195.653,NA,NA,NA,NA,NA,NA,NA,NA,NA,NA,NA,NA,NA,NA,NA,NA,NA,NA,NA,NA,156.474,146.499,128.83,148.749,152.658,132.169,155.742,180.516,150.8,174.457,159.582,158.325,141.347,175.124,141.731,154.175,162.229,173.287,166.692,170.657,169.884,174.529,153.318,168.697,164.632,166.213,168.633,189.168,166.073,174.414,NA,NA,NA,NA,NA,NA,NA,NA,NA,NA,NA,NA,NA,NA,NA,NA,NA,NA,NA,NA,NA,NA,NA,NA,NA,NA,NA,NA,NA,NA,NA,NA,NA,NA,NA,NA,NA,NA,NA,NA,201.682,198.323,193.168,198.703,178.025,175.543,199.932,215.61,195.468,200.38
"650",32.45,NA,NA,NA,NA,NA,NA,NA,NA,NA,NA,199.928,206.291,201.24,201.549,191.628,187.456,200.666,217.964,188.46,197.54,188.949,184.283,220.105,191.4,187.255,206.398,207.267,226.111,202.837,195.593,NA,NA,NA,NA,NA,NA,NA,NA,NA,NA,NA,NA,NA,NA,NA,NA,NA,NA,NA,NA,156.483,146.687,129.342,149.088,153.9,132.07,155.577,182.534,150.527,174.395,159.735,157.42,141.284,175.564,141.197,154.214,162.121,172.849,166.899,170.698,169.898,176.12,155.596,168.642,165.842,166.203,168.739,187.73,166.187,174.431,NA,NA,NA,NA,NA,NA,NA,NA,NA,NA,NA,NA,NA,NA,NA,NA,NA,NA,NA,NA,NA,NA,NA,NA,NA,NA,NA,NA,NA,NA,NA,NA,NA,NA,NA,NA,NA,NA,NA,NA,201.768,199.287,193.799,199.497,178.314,175.604,199.928,213.862,195.297,200.541
"651",32.5,NA,NA,NA,NA,NA,NA,NA,NA,NA,NA,199.958,204.803,200.15,202.755,194.038,187.25,200.647,218.552,189.094,197.52,188.878,184.391,220.313,191.447,189.785,206.336,207.432,225.825,203.732,195.654,NA,NA,NA,NA,NA,NA,NA,NA,NA,NA,NA,NA,NA,NA,NA,NA,NA,NA,NA,NA,156.447,146.928,128.986,149.303,153.047,132.121,155.593,182.374,150.469,174.436,159.649,158.165,142.099,175.016,142.861,154.057,162.051,172.767,167.551,170.794,169.715,174.42,153.591,167.937,165.95,166.034,168.619,187.874,166.711,174.293,NA,NA,NA,NA,NA,NA,NA,NA,NA,NA,NA,NA,NA,NA,NA,NA,NA,NA,NA,NA,NA,NA,NA,NA,NA,NA,NA,NA,NA,NA,NA,NA,NA,NA,NA,NA,NA,NA,NA,NA,201.644,198.28,192.793,199.183,179.193,175.705,199.946,215.419,195.68,200.52
"652",32.55,NA,NA,NA,NA,NA,NA,NA,NA,NA,NA,199.847,206.13,199.014,201.065,194.384,187.267,200.968,218.921,188.497,197.514,188.983,184.525,220.165,190.748,187.622,206.376,207.493,224.452,203.053,195.712,NA,NA,NA,NA,NA,NA,NA,NA,NA,NA,NA,NA,NA,NA,NA,NA,NA,NA,NA,NA,156.447,146.463,128.487,149.314,154.46,132.031,155.568,181.485,150.833,174.47,159.662,158.093,141.692,174.969,144.208,154.148,162.229,173.084,167.548,170.672,169.698,175.21,154.448,168.983,165.636,166.162,168.586,188.669,165.684,174.363,NA,NA,NA,NA,NA,NA,NA,NA,NA,NA,NA,NA,NA,NA,NA,NA,NA,NA,NA,NA,NA,NA,NA,NA,NA,NA,NA,NA,NA,NA,NA,NA,NA,NA,NA,NA,NA,NA,NA,NA,201.775,198.122,193.325,199.139,178.665,175.819,200.055,213.657,195.415,200.605
"653",32.6,NA,NA,NA,NA,NA,NA,NA,NA,NA,NA,200.035,204.902,199.434,202.588,194.242,187.461,201.086,215.574,188.479,197.689,188.962,184.043,221.335,192.019,188.707,206.298,207.586,224.775,202.894,195.57,NA,NA,NA,NA,NA,NA,NA,NA,NA,NA,NA,NA,NA,NA,NA,NA,NA,NA,NA,NA,156.446,147.839,129.506,150.065,153.235,132.129,155.559,180.84,151.32,174.423,159.618,158.104,141.946,175.563,141.517,154.062,162.379,173.194,166.173,170.734,169.811,174.598,152.937,168.524,165.756,166.097,168.825,188.703,165.51,174.393,NA,NA,NA,NA,NA,NA,NA,NA,NA,NA,NA,NA,NA,NA,NA,NA,NA,NA,NA,NA,NA,NA,NA,NA,NA,NA,NA,NA,NA,NA,NA,NA,NA,NA,NA,NA,NA,NA,NA,NA,201.791,199.984,194.112,200.159,177.651,175.699,200.067,214.034,194.798,200.61
"654",32.65,NA,NA,NA,NA,NA,NA,NA,NA,NA,NA,199.956,205.045,200.698,202.303,193.879,187.312,200.953,217.063,189.161,197.509,188.939,183.83,222.133,191.27,188.324,206.339,207.524,223.947,202.661,195.624,NA,NA,NA,NA,NA,NA,NA,NA,NA,NA,NA,NA,NA,NA,NA,NA,NA,NA,NA,NA,156.373,147.292,128.391,149.199,151.954,132.053,155.623,182.823,150.444,174.469,159.578,157.525,140.928,175.152,141.181,153.959,162.223,174.12,166.811,170.679,169.854,175.343,153.973,168.324,166.551,166.056,168.549,187.387,165.908,174.525,NA,NA,NA,NA,NA,NA,NA,NA,NA,NA,NA,NA,NA,NA,NA,NA,NA,NA,NA,NA,NA,NA,NA,NA,NA,NA,NA,NA,NA,NA,NA,NA,NA,NA,NA,NA,NA,NA,NA,NA,201.864,197.974,193.922,199.328,176.959,175.823,200.145,213.962,195.531,200.673
"655",32.7,NA,NA,NA,NA,NA,NA,NA,NA,NA,NA,200.124,205.168,200.532,201.735,192.539,187.388,201.031,218.081,188.61,197.648,188.937,184.36,221.955,191.666,187.82,206.396,207.566,224.729,204.581,195.623,NA,NA,NA,NA,NA,NA,NA,NA,NA,NA,NA,NA,NA,NA,NA,NA,NA,NA,NA,NA,156.377,146.372,128.625,148.911,152.062,131.94,155.651,182.052,150.437,174.334,159.455,158.09,141.314,175.602,142.339,154.054,162.214,173.34,167.328,170.771,169.849,175.21,153.08,168.646,165.125,166.092,168.688,188.821,165.636,174.497,NA,NA,NA,NA,NA,NA,NA,NA,NA,NA,NA,NA,NA,NA,NA,NA,NA,NA,NA,NA,NA,NA,NA,NA,NA,NA,NA,NA,NA,NA,NA,NA,NA,NA,NA,NA,NA,NA,NA,NA,201.877,198.554,192.686,200.099,178.447,175.851,200.139,216.082,196.092,200.753
"656",32.75,NA,NA,NA,NA,NA,NA,NA,NA,NA,NA,200.41,204.528,200.16,202.701,194.414,187.358,201.076,217.643,189.303,197.594,188.995,184.708,219.875,191.614,187.637,206.366,207.53,224.797,203.455,195.695,NA,NA,NA,NA,NA,NA,NA,NA,NA,NA,NA,NA,NA,NA,NA,NA,NA,NA,NA,NA,156.304,146.56,129.205,149.36,152.499,132.084,155.605,182.268,150.824,174.596,159.638,156.95,142.1,174.645,142.964,154.115,162.181,173.666,167.421,170.678,169.861,175.264,153.125,168.866,163.062,166.169,168.64,187.935,165.936,174.528,NA,NA,NA,NA,NA,NA,NA,NA,NA,NA,NA,NA,NA,NA,NA,NA,NA,NA,NA,NA,NA,NA,NA,NA,NA,NA,NA,NA,NA,NA,NA,NA,NA,NA,NA,NA,NA,NA,NA,NA,201.977,198.503,194.071,201.073,177.525,175.985,200.111,214.949,195.276,200.829
"657",32.8,NA,NA,NA,NA,NA,NA,NA,NA,NA,NA,200.29,205.161,201.064,202.38,193.722,187.441,201.16,217.824,190.083,197.687,189.018,183.627,221.909,191.269,187.743,206.371,207.536,225.856,202.726,195.547,NA,NA,NA,NA,NA,NA,NA,NA,NA,NA,NA,NA,NA,NA,NA,NA,NA,NA,NA,NA,156.383,147.059,128.947,149.054,152.654,131.918,155.588,181.838,150.947,174.377,159.59,158.311,142.021,175.186,141.806,154.229,162.206,173.741,166.174,170.769,169.754,175.764,153.145,168.459,166.142,166.087,168.568,187.286,166.153,174.31,NA,NA,NA,NA,NA,NA,NA,NA,NA,NA,NA,NA,NA,NA,NA,NA,NA,NA,NA,NA,NA,NA,NA,NA,NA,NA,NA,NA,NA,NA,NA,NA,NA,NA,NA,NA,NA,NA,NA,NA,201.95,199.646,194.335,199.97,178.257,175.969,200.17,215.702,194.907,200.727
"658",32.85,NA,NA,NA,NA,NA,NA,NA,NA,NA,NA,200.305,205.572,201.435,202.502,193.802,187.503,201.147,219.566,189.481,197.534,189.1,185.096,220.951,191.809,188.307,206.3,207.489,224.191,202.863,195.636,NA,NA,NA,NA,NA,NA,NA,NA,NA,NA,NA,NA,NA,NA,NA,NA,NA,NA,NA,NA,156.379,147.855,128.368,148.589,153.814,131.976,155.697,181.473,150.361,174.425,159.603,158.269,141.794,175.462,142.146,153.973,162.23,172.846,166.297,170.787,169.778,176.071,153.623,167.844,165.653,166.108,168.681,187.874,165.847,174.413,NA,NA,NA,NA,NA,NA,NA,NA,NA,NA,NA,NA,NA,NA,NA,NA,NA,NA,NA,NA,NA,NA,NA,NA,NA,NA,NA,NA,NA,NA,NA,NA,NA,NA,NA,NA,NA,NA,NA,NA,201.833,199.111,194.659,200.007,179.251,176.06,200.357,214.561,195.113,200.906
"659",32.9,NA,NA,NA,NA,NA,NA,NA,NA,NA,NA,200.421,205.345,199.818,202.623,192.891,187.476,201.336,219.145,190.163,197.643,189.01,183.49,221.791,191.676,187.141,206.28,207.569,225.425,204.369,195.592,NA,NA,NA,NA,NA,NA,NA,NA,NA,NA,NA,NA,NA,NA,NA,NA,NA,NA,NA,NA,156.32,147.213,129.221,149.639,153.66,132.09,155.6,181.73,150.716,174.487,159.591,157.962,141.775,175.153,141.759,154.056,162.305,173.51,166.069,170.761,169.713,175.014,154.013,168.203,165.976,166.125,168.548,188.915,166.749,174.469,NA,NA,NA,NA,NA,NA,NA,NA,NA,NA,NA,NA,NA,NA,NA,NA,NA,NA,NA,NA,NA,NA,NA,NA,NA,NA,NA,NA,NA,NA,NA,NA,NA,NA,NA,NA,NA,NA,NA,NA,201.987,199.503,193.171,200.415,178.444,175.946,200.385,215.575,194.67,201.017
"660",32.95,NA,NA,NA,NA,NA,NA,NA,NA,NA,NA,200.493,206.446,199.109,202.669,194.102,187.626,201.476,220.209,189.235,197.549,189.07,183.672,220.942,191.053,188.828,206.182,207.328,224.861,203.091,195.631,NA,NA,NA,NA,NA,NA,NA,NA,NA,NA,NA,NA,NA,NA,NA,NA,NA,NA,NA,NA,156.227,147.25,128.582,149.441,150.659,131.881,155.551,181.688,150.329,174.33,159.6,158.655,141.818,174.734,142.462,154.105,162.568,172.967,166.378,170.727,169.701,175.017,153.956,168.034,166.532,166.054,168.549,188.407,166.428,174.313,NA,NA,NA,NA,NA,NA,NA,NA,NA,NA,NA,NA,NA,NA,NA,NA,NA,NA,NA,NA,NA,NA,NA,NA,NA,NA,NA,NA,NA,NA,NA,NA,NA,NA,NA,NA,NA,NA,NA,NA,202.018,197.972,194.038,199.198,178.43,176.089,200.583,215.463,196.024,201.198
"661",33,NA,NA,NA,NA,NA,NA,NA,NA,NA,NA,200.515,205.34,199.647,201.844,194.912,187.596,201.448,219.289,189.692,197.572,189.202,184.731,220.108,190.932,187.483,206.256,207.241,226.064,203.511,195.686,NA,NA,NA,NA,NA,NA,NA,NA,NA,NA,NA,NA,NA,NA,NA,NA,NA,NA,NA,NA,156.26,147.425,128.883,149.59,152.459,132.003,155.568,181.637,150.33,174.463,159.5,158.911,141.498,175.665,141.228,154.074,162.527,172.014,166.335,170.657,169.74,174.65,154.022,168.876,166.314,166.118,168.622,188.644,166.046,174.405,NA,NA,NA,NA,NA,NA,NA,NA,NA,NA,NA,NA,NA,NA,NA,NA,NA,NA,NA,NA,NA,NA,NA,NA,NA,NA,NA,NA,NA,NA,NA,NA,NA,NA,NA,NA,NA,NA,NA,NA,202.092,198.57,193.426,199.606,179.386,176.115,200.406,215.285,195.874,201.096
"662",33.05,NA,NA,NA,NA,NA,NA,NA,NA,NA,NA,200.576,204.376,200.354,201.771,195.735,187.615,201.616,217.227,190.261,197.553,189.144,183.011,220.12,191.04,187.985,206.286,207.316,226.067,204.13,195.449,NA,NA,NA,NA,NA,NA,NA,NA,NA,NA,NA,NA,NA,NA,NA,NA,NA,NA,NA,NA,156.237,147.565,128.669,149.501,151.569,131.957,155.603,181.491,150.447,174.39,159.663,158.521,141.3,175.489,141.373,154.043,162.332,173.791,166.817,170.623,169.728,174.99,154.121,167.981,164.426,166.147,168.597,187.004,166.04,174.367,NA,NA,NA,NA,NA,NA,NA,NA,NA,NA,NA,NA,NA,NA,NA,NA,NA,NA,NA,NA,NA,NA,NA,NA,NA,NA,NA,NA,NA,NA,NA,NA,NA,NA,NA,NA,NA,NA,NA,NA,202.085,198.917,192.395,200.418,179.94,176.167,200.494,215.66,194.32,201.187
"663",33.1,NA,NA,NA,NA,NA,NA,NA,NA,NA,NA,200.69,206.965,201.806,203.086,194.277,187.708,201.685,217.876,190.094,197.565,189.06,184.063,219.508,191.522,188.806,206.085,207.391,226.706,203.231,195.582,NA,NA,NA,NA,NA,NA,NA,NA,NA,NA,NA,NA,NA,NA,NA,NA,NA,NA,NA,NA,156.16,147.575,128.323,148.711,152.083,131.824,155.553,180.212,150.98,174.495,159.543,158.694,141.384,175.197,141.724,154.043,162.356,173.344,166.862,170.709,169.68,174.754,153.934,169.362,164.834,166.178,168.713,189.227,166.313,174.43,NA,NA,NA,NA,NA,NA,NA,NA,NA,NA,NA,NA,NA,NA,NA,NA,NA,NA,NA,NA,NA,NA,NA,NA,NA,NA,NA,NA,NA,NA,NA,NA,NA,NA,NA,NA,NA,NA,NA,NA,202.13,200.342,193.767,200.691,180.271,176.292,200.578,215.094,196.002,201.344
"664",33.15,NA,NA,NA,NA,NA,NA,NA,NA,NA,NA,200.871,206.814,201.194,202.339,196.332,187.629,201.617,217.938,189.958,197.542,189.068,183.32,219.469,190.734,188.155,206.281,207.32,224.691,203.595,195.686,NA,NA,NA,NA,NA,NA,NA,NA,NA,NA,NA,NA,NA,NA,NA,NA,NA,NA,NA,NA,156.305,146.693,128.554,148.771,152.859,131.856,155.697,182.27,150.93,174.29,159.635,158.383,141.278,175.327,140.656,153.987,162.426,173.688,166.807,170.752,169.698,174.926,153.819,168.327,165.963,166.048,168.719,188.089,166.154,174.396,NA,NA,NA,NA,NA,NA,NA,NA,NA,NA,NA,NA,NA,NA,NA,NA,NA,NA,NA,NA,NA,NA,NA,NA,NA,NA,NA,NA,NA,NA,NA,NA,NA,NA,NA,NA,NA,NA,NA,NA,202.166,198.104,192.254,200.332,179.691,176.314,200.748,216.712,195.968,201.265
"665",33.2,NA,NA,NA,NA,NA,NA,NA,NA,NA,NA,200.713,206.787,201.821,202.389,195.716,187.693,201.959,217.914,190.858,197.569,189.138,184.1,220.992,192.103,187.504,206.32,207.581,226.206,202.955,195.535,NA,NA,NA,NA,NA,NA,NA,NA,NA,NA,NA,NA,NA,NA,NA,NA,NA,NA,NA,NA,156.148,147.383,128.009,149.354,154.1,131.926,155.723,181.651,150.547,174.341,159.522,158.083,141.731,175.815,140.769,153.985,162.466,173.286,167.225,170.691,169.723,174.814,154.266,168.03,165.969,166.063,168.625,188.465,165.869,174.301,NA,NA,NA,NA,NA,NA,NA,NA,NA,NA,NA,NA,NA,NA,NA,NA,NA,NA,NA,NA,NA,NA,NA,NA,NA,NA,NA,NA,NA,NA,NA,NA,NA,NA,NA,NA,NA,NA,NA,NA,202.066,199.665,194.181,200.434,179.169,176.466,200.742,215.15,197.057,201.383
"666",33.25,NA,NA,NA,NA,NA,NA,NA,NA,NA,NA,200.934,207.629,201.48,203.766,195.219,187.847,201.703,218.855,190.644,197.672,189.186,184.037,220.827,190.662,189.364,206.342,207.54,224.607,203.248,195.532,NA,NA,NA,NA,NA,NA,NA,NA,NA,NA,NA,NA,NA,NA,NA,NA,NA,NA,NA,NA,156.06,147.138,128.759,149.07,152.862,131.821,155.413,182.23,150.829,174.311,159.436,158.737,141.588,174.904,141.813,154.022,162.46,174.147,166.75,170.608,169.791,175.602,153.217,168.404,165.835,166.015,168.69,187.627,166.319,174.511,NA,NA,NA,NA,NA,NA,NA,NA,NA,NA,NA,NA,NA,NA,NA,NA,NA,NA,NA,NA,NA,NA,NA,NA,NA,NA,NA,NA,NA,NA,NA,NA,NA,NA,NA,NA,NA,NA,NA,NA,202.077,198.141,194.301,200.775,178.859,176.332,200.604,217.635,195.531,201.587
"667",33.3,NA,NA,NA,NA,NA,NA,NA,NA,NA,NA,200.986,206.732,202.37,202.303,195.944,187.747,201.801,218.772,189.591,197.413,189.135,184.652,219.342,191.783,188.09,206.336,207.551,225.17,203.067,195.698,NA,NA,NA,NA,NA,NA,NA,NA,NA,NA,NA,NA,NA,NA,NA,NA,NA,NA,NA,NA,156.091,147.439,128.775,149.086,151.843,131.84,155.566,182.316,150.642,174.379,159.586,158.016,141.158,175.224,142.243,154.107,162.484,173.706,167.032,170.649,169.63,175.051,153.455,168.742,165.979,166.023,168.566,188.612,165.389,174.501,NA,NA,NA,NA,NA,NA,NA,NA,NA,NA,NA,NA,NA,NA,NA,NA,NA,NA,NA,NA,NA,NA,NA,NA,NA,NA,NA,NA,NA,NA,NA,NA,NA,NA,NA,NA,NA,NA,NA,NA,202.18,199.453,193.528,199.819,180.761,176.545,201.001,215.31,195.197,201.408
"668",33.35,NA,NA,NA,NA,NA,NA,NA,NA,NA,NA,200.953,208.015,202.421,203.192,192.907,187.718,201.973,219.856,190.703,197.602,189.153,184.817,219.582,191,186.942,206.148,207.379,224.958,203.143,195.64,NA,NA,NA,NA,NA,NA,NA,NA,NA,NA,NA,NA,NA,NA,NA,NA,NA,NA,NA,NA,156.124,146.611,129.087,149.767,152.537,131.778,155.539,182.15,150.922,174.374,159.465,157.558,140.877,175.793,141.503,154.034,162.61,173.543,166.395,170.642,169.643,174.605,153.613,168.183,167.113,166.027,168.53,186.925,165.183,174.522,NA,NA,NA,NA,NA,NA,NA,NA,NA,NA,NA,NA,NA,NA,NA,NA,NA,NA,NA,NA,NA,NA,NA,NA,NA,NA,NA,NA,NA,NA,NA,NA,NA,NA,NA,NA,NA,NA,NA,NA,202.271,199.373,193.483,200.234,180.589,176.645,200.804,215.14,195.262,201.58
"669",33.4,NA,NA,NA,NA,NA,NA,NA,NA,NA,NA,201.07,208.192,201.849,202.673,192.439,187.803,202.026,218.656,190.645,197.673,189.091,185.129,220.252,191.451,189.898,206.145,207.209,224.626,204.033,195.644,NA,NA,NA,NA,NA,NA,NA,NA,NA,NA,NA,NA,NA,NA,NA,NA,NA,NA,NA,NA,156.101,147.233,129.134,149.36,154.113,131.791,155.639,182.039,150.425,174.421,159.621,158.341,142.397,175.854,141.865,154.038,162.641,173.465,166.173,170.634,169.631,175.54,153.028,167.311,164.247,166.199,168.509,187.73,166.709,174.473,NA,NA,NA,NA,NA,NA,NA,NA,NA,NA,NA,NA,NA,NA,NA,NA,NA,NA,NA,NA,NA,NA,NA,NA,NA,NA,NA,NA,NA,NA,NA,NA,NA,NA,NA,NA,NA,NA,NA,NA,202.348,199.604,194.025,200.864,181.358,176.542,201.187,215.502,195.936,201.612
"670",33.45,NA,NA,NA,NA,NA,NA,NA,NA,NA,NA,201.263,207.232,200.483,203.557,192.018,187.778,201.945,218.273,190.912,197.502,189.306,185.954,221.991,191.62,189.311,206.387,207.411,224.913,202.589,195.578,NA,NA,NA,NA,NA,NA,NA,NA,NA,NA,NA,NA,NA,NA,NA,NA,NA,NA,NA,NA,156.168,147.56,128.59,148.708,152.642,131.831,155.564,181.31,150.65,174.28,159.624,158.196,141.596,175.384,140.372,154.052,162.463,173.989,167.169,170.683,169.6,176.775,153.44,167.751,167.521,166.133,168.518,188.07,165.401,174.413,NA,NA,NA,NA,NA,NA,NA,NA,NA,NA,NA,NA,NA,NA,NA,NA,NA,NA,NA,NA,NA,NA,NA,NA,NA,NA,NA,NA,NA,NA,NA,NA,NA,NA,NA,NA,NA,NA,NA,NA,202.344,200.166,193.399,199.662,181.947,176.678,200.9,216.686,195.992,201.655
"671",33.5,NA,NA,NA,NA,NA,NA,NA,NA,NA,NA,201.098,207.328,200.683,203.154,194.668,187.766,202.097,219.346,190.715,197.622,189.336,184.046,222.107,190.948,187.879,206.299,207.545,225.234,202.205,195.613,NA,NA,NA,NA,NA,NA,NA,NA,NA,NA,NA,NA,NA,NA,NA,NA,NA,NA,NA,NA,156.169,146.908,128.598,148.442,152.622,131.797,155.74,181.524,150.662,174.377,159.374,158.201,141.289,174.677,141.981,153.984,162.555,173.372,166.63,170.687,169.559,175.624,152.863,167.379,166.693,166.024,168.62,188.222,166.159,174.531,NA,NA,NA,NA,NA,NA,NA,NA,NA,NA,NA,NA,NA,NA,NA,NA,NA,NA,NA,NA,NA,NA,NA,NA,NA,NA,NA,NA,NA,NA,NA,NA,NA,NA,NA,NA,NA,NA,NA,NA,202.5,199.263,193.405,200.584,179.043,176.858,201.082,215.724,196.387,201.834
"672",33.55,NA,NA,NA,NA,NA,NA,NA,NA,NA,NA,201.2,206.913,201.518,204.014,194.248,187.889,202.071,218.272,190.936,197.499,189.204,183.272,218.949,191.119,187.451,206.251,207.569,225.522,203.265,195.669,NA,NA,NA,NA,NA,NA,NA,NA,NA,NA,NA,NA,NA,NA,NA,NA,NA,NA,NA,NA,156.14,146.244,127.999,149.221,153.236,131.747,155.535,181.463,150.868,174.402,159.524,159.22,141.232,175.34,142.168,153.976,162.632,172.999,166.947,170.627,169.517,176.433,154.173,167.949,164.935,166.027,168.625,187.379,165.327,174.411,NA,NA,NA,NA,NA,NA,NA,NA,NA,NA,NA,NA,NA,NA,NA,NA,NA,NA,NA,NA,NA,NA,NA,NA,NA,NA,NA,NA,NA,NA,NA,NA,NA,NA,NA,NA,NA,NA,NA,NA,202.426,198.896,193.652,200.455,179.949,176.757,201.274,217.088,196.232,201.801
"673",33.6,NA,NA,NA,NA,NA,NA,NA,NA,NA,NA,201.454,207.917,201.903,203.169,194.059,187.798,202.111,218.851,191.253,197.474,189.329,185.453,221.737,191.069,188.988,206.425,207.509,225.371,202.995,195.782,NA,NA,NA,NA,NA,NA,NA,NA,NA,NA,NA,NA,NA,NA,NA,NA,NA,NA,NA,NA,156.178,147.395,128.39,149.196,153.03,131.776,155.525,180.706,151.081,174.341,159.636,158.148,141.802,175.648,141.56,154.125,162.618,173.465,166.525,170.482,169.566,174.843,153.411,167.878,165.805,166.036,168.616,187.742,166.082,174.485,NA,NA,NA,NA,NA,NA,NA,NA,NA,NA,NA,NA,NA,NA,NA,NA,NA,NA,NA,NA,NA,NA,NA,NA,NA,NA,NA,NA,NA,NA,NA,NA,NA,NA,NA,NA,NA,NA,NA,NA,202.511,199.558,193.953,201.219,180.387,176.848,201.205,216.221,196.596,201.909
"674",33.65,NA,NA,NA,NA,NA,NA,NA,NA,NA,NA,201.433,208.785,201.398,202.874,194.543,187.838,202.173,220.01,190.278,197.558,189.25,184.016,218.795,192.073,188.552,206.191,207.643,225.27,203.398,195.652,NA,NA,NA,NA,NA,NA,NA,NA,NA,NA,NA,NA,NA,NA,NA,NA,NA,NA,NA,NA,156.129,146.687,128.401,148.971,152.355,131.699,155.61,181.322,150.8,174.321,159.542,158.309,141.656,175.16,140.392,153.998,162.633,173.097,166.926,170.648,169.627,176.407,152.591,167.932,165.508,166.144,168.618,189.125,166.033,174.542,NA,NA,NA,NA,NA,NA,NA,NA,NA,NA,NA,NA,NA,NA,NA,NA,NA,NA,NA,NA,NA,NA,NA,NA,NA,NA,NA,NA,NA,NA,NA,NA,NA,NA,NA,NA,NA,NA,NA,NA,202.462,200.465,193.271,200.698,181.687,176.849,201.084,215.944,196.262,201.851
"675",33.7,NA,NA,NA,NA,NA,NA,NA,NA,NA,NA,201.497,206.349,203.911,204.111,193.693,187.827,202.469,218.344,191.552,197.55,189.185,185.334,220.747,191.606,186.959,206.305,207.602,225.363,202.945,195.732,NA,NA,NA,NA,NA,NA,NA,NA,NA,NA,NA,NA,NA,NA,NA,NA,NA,NA,NA,NA,156.131,147.094,128.303,149.231,152.81,131.794,155.637,182.173,150.723,174.479,159.571,158.894,141.282,175.871,142.035,153.949,162.496,172.631,167.411,170.537,169.537,174.823,153.362,168.662,165.906,166.11,168.53,189.264,165.819,174.495,NA,NA,NA,NA,NA,NA,NA,NA,NA,NA,NA,NA,NA,NA,NA,NA,NA,NA,NA,NA,NA,NA,NA,NA,NA,NA,NA,NA,NA,NA,NA,NA,NA,NA,NA,NA,NA,NA,NA,NA,202.578,199.107,194.045,200.53,180.497,177.05,201.242,215.864,196.173,202.051
"676",33.75,NA,NA,NA,NA,NA,NA,NA,NA,NA,NA,201.533,207.292,202.655,202.047,193.036,187.901,202.281,221.554,190.907,197.453,189.176,184.842,221.419,192.312,187.512,206.372,207.33,223.53,203.685,195.773,NA,NA,NA,NA,NA,NA,NA,NA,NA,NA,NA,NA,NA,NA,NA,NA,NA,NA,NA,NA,156.26,147.117,128.71,148.994,152.072,131.67,155.592,181.872,150.82,174.349,159.612,158.787,141.302,175.137,141.609,154.158,162.776,173.196,166.215,170.533,NA,NA,NA,NA,NA,NA,NA,NA,NA,174.395,NA,NA,NA,NA,NA,NA,NA,NA,NA,NA,NA,NA,NA,NA,NA,NA,NA,NA,NA,NA,NA,NA,NA,NA,NA,NA,NA,NA,NA,NA,NA,NA,NA,NA,NA,NA,NA,NA,NA,NA,202.578,200.503,192.939,200.119,178.226,177.129,201.375,215.64,197.323,202.129
"677",33.8,NA,NA,NA,NA,NA,NA,NA,NA,NA,NA,201.67,206.588,201.286,203.621,194.27,187.882,202.475,219.03,190.751,197.556,189.175,183.98,221.158,191.506,186.858,206.241,207.39,224.352,203.997,195.597,NA,NA,NA,NA,NA,NA,NA,NA,NA,NA,NA,NA,NA,NA,NA,NA,NA,NA,NA,NA,156.17,146.549,128.901,148.75,151.724,131.667,155.616,181.571,150.569,174.318,159.597,157.67,141.091,174.908,142.33,153.995,162.732,173.53,166.347,170.668,NA,NA,NA,NA,NA,NA,NA,NA,NA,NA,NA,NA,NA,NA,NA,NA,NA,NA,NA,NA,NA,NA,NA,NA,NA,NA,NA,NA,NA,NA,NA,NA,NA,NA,NA,NA,NA,NA,NA,NA,NA,NA,NA,NA,NA,NA,NA,NA,NA,NA,202.64,200.541,194.479,200.513,183.397,177.128,201.399,215.298,195.724,202.019
"678",33.85,NA,NA,NA,NA,NA,NA,NA,NA,NA,NA,201.783,207.244,200.423,202.324,194.695,188.042,202.551,218.453,191,197.526,189.368,185.305,220.575,192.026,188.689,206.326,207.334,223.177,202.556,195.65,NA,NA,NA,NA,NA,NA,NA,NA,NA,NA,NA,NA,NA,NA,NA,NA,NA,NA,NA,NA,156.306,147.214,128.392,148.553,153.028,131.742,155.501,181.798,151.421,174.314,159.485,158.461,140.937,175.597,140.628,153.987,162.82,172.875,166.335,170.598,NA,NA,NA,NA,NA,NA,NA,NA,NA,NA,NA,NA,NA,NA,NA,NA,NA,NA,NA,NA,NA,NA,NA,NA,NA,NA,NA,NA,NA,NA,NA,NA,NA,NA,NA,NA,NA,NA,NA,NA,NA,NA,NA,NA,NA,NA,NA,NA,NA,NA,202.632,198.255,194.701,200.449,180.9,177.103,201.378,217.261,195.89,202.112
"679",33.9,NA,NA,NA,NA,NA,NA,NA,NA,NA,NA,201.71,206.167,201.646,203.092,195.803,188.038,202.377,217.191,190.742,197.603,189.328,183.714,221.837,191.311,187.731,206.31,207.697,225.481,202.995,195.605,NA,NA,NA,NA,NA,NA,NA,NA,NA,NA,NA,NA,NA,NA,NA,NA,NA,NA,NA,NA,156.189,147.153,127.999,148.665,153.613,131.576,155.47,181.174,151.249,174.345,159.424,157.872,141.009,173.988,141.75,153.962,162.777,173.269,167.357,170.356,NA,NA,NA,NA,NA,NA,NA,NA,NA,NA,NA,NA,NA,NA,NA,NA,NA,NA,NA,NA,NA,NA,NA,NA,NA,NA,NA,NA,NA,NA,NA,NA,NA,NA,NA,NA,NA,NA,NA,NA,NA,NA,NA,NA,NA,NA,NA,NA,NA,NA,202.643,200.483,193.489,200.953,180.123,177.134,201.516,217.248,197.052,202.216
"680",33.95,NA,NA,NA,NA,NA,NA,NA,NA,NA,NA,201.811,207.082,201.683,202.964,195.226,187.955,202.595,218.668,190.764,197.492,189.405,184.816,218.864,191.667,189.676,206.207,207.523,224.682,204.116,195.632,NA,NA,NA,NA,NA,NA,NA,NA,NA,NA,NA,NA,NA,NA,NA,NA,NA,NA,NA,NA,156.148,147.152,127.848,148.97,153.569,131.619,155.469,183.032,150.569,174.246,159.45,158.316,141.406,174.801,140.768,154.001,162.75,173.225,166.909,170.638,NA,NA,NA,NA,NA,NA,NA,NA,NA,NA,NA,NA,NA,NA,NA,NA,NA,NA,NA,NA,NA,NA,NA,NA,NA,NA,NA,NA,NA,NA,NA,NA,NA,NA,NA,NA,NA,NA,NA,NA,NA,NA,NA,NA,NA,NA,NA,NA,NA,NA,202.894,199.041,193.705,200.861,180.044,177.172,201.6,216.335,195.539,201.977
"681",34,NA,NA,NA,NA,NA,NA,NA,NA,NA,NA,201.79,207.016,200.619,203.853,193.842,187.986,202.71,218.296,190.667,197.496,189.383,186.202,221.672,190.888,190.111,206.382,207.352,224.468,203.004,195.538,NA,NA,NA,NA,NA,NA,NA,NA,NA,NA,NA,NA,NA,NA,NA,NA,NA,NA,NA,NA,156.181,146.576,128.429,149.178,154.231,131.578,155.603,181.702,151.216,174.217,159.418,157.587,141.178,175.653,141.996,154.008,162.777,173.05,167.705,170.549,NA,NA,NA,NA,NA,NA,NA,NA,NA,NA,NA,NA,NA,NA,NA,NA,NA,NA,NA,NA,NA,NA,NA,NA,NA,NA,NA,NA,NA,NA,NA,NA,NA,NA,NA,NA,NA,NA,NA,NA,NA,NA,NA,NA,NA,NA,NA,NA,NA,NA,202.775,200.512,193.77,201.126,181.424,177.378,201.588,215.241,196.538,202.35
"682",34.05,NA,NA,NA,NA,NA,NA,NA,NA,NA,NA,201.856,206.739,200.409,203.573,195.382,188.111,202.497,218.574,191.212,197.646,189.384,183.725,222.3,190.943,190.956,206.214,207.396,224.383,203.874,195.681,NA,NA,NA,NA,NA,NA,NA,NA,NA,NA,NA,NA,NA,NA,NA,NA,NA,NA,NA,NA,156.243,147.675,128.129,149.77,151.638,131.631,155.557,182.689,150.436,174.254,159.555,159.288,141.513,175.523,140.927,154.009,162.842,172.579,166.98,170.441,NA,NA,NA,NA,NA,NA,NA,NA,NA,NA,NA,NA,NA,NA,NA,NA,NA,NA,NA,NA,NA,NA,NA,NA,NA,NA,NA,NA,NA,NA,NA,NA,NA,NA,NA,NA,NA,NA,NA,NA,NA,NA,NA,NA,NA,NA,NA,NA,NA,NA,202.758,200.945,193.148,201.89,180.923,177.512,201.554,216.617,196.463,202.26
"683",34.1,NA,NA,NA,NA,NA,NA,NA,NA,NA,NA,202.049,208.033,201.934,204.183,193.74,188.009,202.746,218.368,191.734,197.371,189.416,185.139,219.31,191.793,188.351,206.366,207.241,224.809,202.375,195.629,NA,NA,NA,NA,NA,NA,NA,NA,NA,NA,NA,NA,NA,NA,NA,NA,NA,NA,NA,NA,156.189,147.322,128.466,147.989,151.92,131.626,155.646,180.796,150.287,174.224,159.538,159.321,141.786,175.695,141.353,153.974,162.769,173.072,167.119,170.553,NA,NA,NA,NA,NA,NA,NA,NA,NA,NA,NA,NA,NA,NA,NA,NA,NA,NA,NA,NA,NA,NA,NA,NA,NA,NA,NA,NA,NA,NA,NA,NA,NA,NA,NA,NA,NA,NA,NA,NA,NA,NA,NA,NA,NA,NA,NA,NA,NA,NA,202.802,200.609,194.156,200.41,180.812,177.466,201.795,216.365,197.511,202.363
"684",34.15,NA,NA,NA,NA,NA,NA,NA,NA,NA,NA,201.918,207.904,201.996,202.969,195.408,188.268,202.858,218.157,191.828,197.59,189.424,184.969,222.259,191.484,188.627,206.194,207.337,225.611,203.466,195.62,NA,NA,NA,NA,NA,NA,NA,NA,NA,NA,NA,NA,NA,NA,NA,NA,NA,NA,NA,NA,156.281,146.717,128.077,150.258,152.04,131.578,155.592,182,150.298,174.226,159.527,157.828,140.138,174.265,140.751,154.079,162.83,172.495,167.199,170.574,NA,NA,NA,NA,NA,NA,NA,NA,NA,NA,NA,NA,NA,NA,NA,NA,NA,NA,NA,NA,NA,NA,NA,NA,NA,NA,NA,NA,NA,NA,NA,NA,NA,NA,NA,NA,NA,NA,NA,NA,NA,NA,NA,NA,NA,NA,NA,NA,NA,NA,202.775,202.209,194.655,202.23,181.564,177.657,201.807,217.252,195.956,202.4
"685",34.2,NA,NA,NA,NA,NA,NA,NA,NA,NA,NA,202,206.831,201.662,202.471,195.158,188.16,202.839,217.751,191.869,197.445,189.561,185.537,218.727,191.538,187.741,206.298,207.621,223.502,203.38,195.698,NA,NA,NA,NA,NA,NA,NA,NA,NA,NA,NA,NA,NA,NA,NA,NA,NA,NA,NA,NA,156.129,146.377,127.383,149.877,153.626,131.541,155.418,182.406,150.584,174.189,159.405,157.892,141.486,176.021,140.709,153.983,162.969,173.212,166.099,170.439,NA,NA,NA,NA,NA,NA,NA,NA,NA,NA,NA,NA,NA,NA,NA,NA,NA,NA,NA,NA,NA,NA,NA,NA,NA,NA,NA,NA,NA,NA,NA,NA,NA,NA,NA,NA,NA,NA,NA,NA,NA,NA,NA,NA,NA,NA,NA,NA,NA,NA,202.976,200.548,193.028,200.096,181.363,177.651,201.819,216.488,196.947,202.602
"686",34.25,NA,NA,NA,NA,NA,NA,NA,NA,NA,NA,202.195,207.77,201.47,203.703,195.984,188.089,202.925,219.466,192.335,197.422,189.451,185.956,220.15,190.904,187.556,206.361,207.57,225.846,202.575,195.615,NA,NA,NA,NA,NA,NA,NA,NA,NA,NA,NA,NA,NA,NA,NA,NA,NA,NA,NA,NA,156.183,147.003,127.898,148.803,153.609,131.581,155.474,181.903,150.769,174.215,159.396,158.712,141.861,176.898,141.723,153.918,162.868,172.683,166.917,170.486,NA,NA,NA,NA,NA,NA,NA,NA,NA,NA,NA,NA,NA,NA,NA,NA,NA,NA,NA,NA,NA,NA,NA,NA,NA,NA,NA,NA,NA,NA,NA,NA,NA,NA,NA,NA,NA,NA,NA,NA,NA,NA,NA,NA,NA,NA,NA,NA,NA,NA,202.86,200.598,194.786,201.953,180.639,177.614,201.963,217.656,197.223,202.55
"687",34.3,NA,NA,NA,NA,NA,NA,NA,NA,NA,NA,202.245,207.536,203.561,203.539,197.742,188.242,202.975,220.182,191.104,197.578,189.591,185.064,219.602,190.814,189.802,206.059,207.613,227.107,203.804,195.576,NA,NA,NA,NA,NA,NA,NA,NA,NA,NA,NA,NA,NA,NA,NA,NA,NA,NA,NA,NA,156.238,146.487,128.657,149.626,152.03,131.516,155.441,182.067,150.794,174.227,159.374,158.005,141.425,175.513,141.178,153.905,162.996,173.311,166.28,170.45,NA,NA,NA,NA,NA,NA,NA,NA,NA,NA,NA,NA,NA,NA,NA,NA,NA,NA,NA,NA,NA,NA,NA,NA,NA,NA,NA,NA,NA,NA,NA,NA,NA,NA,NA,NA,NA,NA,NA,NA,NA,NA,NA,NA,NA,NA,NA,NA,NA,NA,202.977,200.52,194.696,201.449,181.745,177.571,201.874,216.366,196.812,202.678
"688",34.35,NA,NA,NA,NA,NA,NA,NA,NA,NA,NA,202.312,209.643,202.376,203.785,196.221,188.252,202.966,219.68,191.964,197.54,189.413,186.001,219.08,192.016,190.957,206.274,207.457,225.793,203.545,195.56,NA,NA,NA,NA,NA,NA,NA,NA,NA,NA,NA,NA,NA,NA,NA,NA,NA,NA,NA,NA,156.184,147.102,128.168,148.895,152.44,131.499,155.483,182.771,150.456,174.384,159.359,158.172,140.851,175.421,141.557,153.981,162.793,174.187,166.458,170.474,NA,NA,NA,NA,NA,NA,NA,NA,NA,NA,NA,NA,NA,NA,NA,NA,NA,NA,NA,NA,NA,NA,NA,NA,NA,NA,NA,NA,NA,NA,NA,NA,NA,NA,NA,NA,NA,NA,NA,NA,NA,NA,NA,NA,NA,NA,NA,NA,NA,NA,203.064,199.366,192.796,202.35,182.448,177.735,201.848,216.152,196.704,202.743
"689",34.4,NA,NA,NA,NA,NA,NA,NA,NA,NA,NA,202.334,208.666,202.556,204.875,196.171,188.357,202.985,221.209,192.456,197.564,189.436,186.292,219.781,191.173,188.364,206.34,207.39,225.394,204.116,195.463,NA,NA,NA,NA,NA,NA,NA,NA,NA,NA,NA,NA,NA,NA,NA,NA,NA,NA,NA,NA,156.285,147.007,128.669,149.362,152.682,131.529,155.475,181.827,150.577,174.242,159.591,159.135,141.648,175.937,140.793,153.926,163.051,172.463,167.106,170.479,NA,NA,NA,NA,NA,NA,NA,NA,NA,NA,NA,NA,NA,NA,NA,NA,NA,NA,NA,NA,NA,NA,NA,NA,NA,NA,NA,NA,NA,NA,NA,NA,NA,NA,NA,NA,NA,NA,NA,NA,NA,NA,NA,NA,NA,NA,NA,NA,NA,NA,202.925,199.461,193.594,201.582,181.438,177.88,201.993,216.946,196.799,202.569
"690",34.45,NA,NA,NA,NA,NA,NA,NA,NA,NA,NA,202.252,208.594,201.116,203.859,195.637,188.338,203.11,218.594,192.013,197.499,189.45,185.412,219.733,192.017,188.723,206.317,207.6,225.557,202.822,195.573,NA,NA,NA,NA,NA,NA,NA,NA,NA,NA,NA,NA,NA,NA,NA,NA,NA,NA,NA,NA,156.191,147.808,127.951,149.069,153.22,131.494,155.489,180.955,150.707,174.194,159.444,158.893,141.123,175.256,141.086,153.972,162.956,173.121,166.701,170.537,NA,NA,NA,NA,NA,NA,NA,NA,NA,NA,NA,NA,NA,NA,NA,NA,NA,NA,NA,NA,NA,NA,NA,NA,NA,NA,NA,NA,NA,NA,NA,NA,NA,NA,NA,NA,NA,NA,NA,NA,NA,NA,NA,NA,NA,NA,NA,NA,NA,NA,203.126,201.326,194.991,202.201,181.652,177.836,202.015,216.179,197.056,202.856
"691",34.5,NA,NA,NA,NA,NA,NA,NA,NA,NA,NA,202.336,207.212,201.473,204.329,193.561,188.384,203.062,219.994,191.985,197.463,189.574,185.802,221.424,192.275,188.255,206.265,207.332,225.173,203.025,195.589,NA,NA,NA,NA,NA,NA,NA,NA,NA,NA,NA,NA,NA,NA,NA,NA,NA,NA,NA,NA,156.231,147.739,128.224,149.369,154.323,131.4,155.581,182.066,150.753,174.237,159.445,157.034,142.437,175.195,142.243,153.885,162.978,172.018,167.007,170.617,NA,NA,NA,NA,NA,NA,NA,NA,NA,NA,NA,NA,NA,NA,NA,NA,NA,NA,NA,NA,NA,NA,NA,NA,NA,NA,NA,NA,NA,NA,NA,NA,NA,NA,NA,NA,NA,NA,NA,NA,NA,NA,NA,NA,NA,NA,NA,NA,NA,NA,203.263,199.717,195.631,201.343,181.923,177.953,202.071,215.793,196.662,202.79
"692",34.55,NA,NA,NA,NA,NA,NA,NA,NA,NA,NA,202.498,207.411,202.571,203.879,195.689,188.255,203.354,219.456,192.284,197.531,189.487,185.711,219.519,191.458,188.306,206.217,207.559,224.442,203.329,195.5,NA,NA,NA,NA,NA,NA,NA,NA,NA,NA,NA,NA,NA,NA,NA,NA,NA,NA,NA,NA,156.17,147.051,128.045,148.727,152.996,131.518,155.534,182.061,150.7,174.186,159.394,158.17,141.372,175.384,141.982,154,162.952,173.319,166.546,170.495,NA,NA,NA,NA,NA,NA,NA,NA,NA,NA,NA,NA,NA,NA,NA,NA,NA,NA,NA,NA,NA,NA,NA,NA,NA,NA,NA,NA,NA,NA,NA,NA,NA,NA,NA,NA,NA,NA,NA,NA,NA,NA,NA,NA,NA,NA,NA,NA,NA,NA,203.155,200.823,194.143,201.108,183.337,178.085,202.202,217.197,196.103,202.675
"693",34.6,NA,NA,NA,NA,NA,NA,NA,NA,NA,NA,202.562,208.839,201.75,203.113,196.617,188.473,203.417,220.501,192.662,197.478,189.555,185.685,221.71,191.874,187.813,206.064,207.379,224.247,202.638,195.522,NA,NA,NA,NA,NA,NA,NA,NA,NA,NA,NA,NA,NA,NA,NA,NA,NA,NA,NA,NA,156.225,147.718,127.286,148.966,152.41,131.45,155.474,182.062,150.604,174.187,159.382,158.394,141.24,174.513,141.476,153.91,163.07,172.901,166.938,170.515,NA,NA,NA,NA,NA,NA,NA,NA,NA,NA,NA,NA,NA,NA,NA,NA,NA,NA,NA,NA,NA,NA,NA,NA,NA,NA,NA,NA,NA,NA,NA,NA,NA,NA,NA,NA,NA,NA,NA,NA,NA,NA,NA,NA,NA,NA,NA,NA,NA,NA,203.197,199.752,194.925,200.65,181.23,178.186,202.004,217.24,196.945,202.873
"694",34.65,NA,NA,NA,NA,NA,NA,NA,NA,NA,NA,202.628,209.375,201.475,204.447,195.524,188.433,203.426,219.88,192.109,197.454,189.737,185.506,219.015,190.885,189.904,206.218,207.518,225.51,203.702,195.632,NA,NA,NA,NA,NA,NA,NA,NA,NA,NA,NA,NA,NA,NA,NA,NA,NA,NA,NA,NA,156.249,147.503,127.429,149.848,152.626,131.423,155.57,181.708,150.232,174.163,159.539,158.193,141.088,175.027,141.3,153.868,163.096,172.689,166.795,170.544,NA,NA,NA,NA,NA,NA,NA,NA,NA,NA,NA,NA,NA,NA,NA,NA,NA,NA,NA,NA,NA,NA,NA,NA,NA,NA,NA,NA,NA,NA,NA,NA,NA,NA,NA,NA,NA,NA,NA,NA,NA,NA,NA,NA,NA,NA,NA,NA,NA,NA,203.378,199.22,195.059,202.537,181.629,178.147,202.168,215.538,196.93,202.957
"695",34.7,NA,NA,NA,NA,NA,NA,NA,NA,NA,NA,202.752,207.088,202.661,204.638,194.653,188.433,203.46,220.829,191.729,197.41,189.689,184.692,220.13,191.836,189.705,206.294,207.673,223.997,203.657,195.621,NA,NA,NA,NA,NA,NA,NA,NA,NA,NA,NA,NA,NA,NA,NA,NA,NA,NA,NA,NA,156.271,146.211,128.14,149,151.987,131.354,155.538,181.217,150.841,174.182,159.427,157.583,140.712,175.766,140.819,153.975,163.011,173.132,167.35,170.544,NA,NA,NA,NA,NA,NA,NA,NA,NA,NA,NA,NA,NA,NA,NA,NA,NA,NA,NA,NA,NA,NA,NA,NA,NA,NA,NA,NA,NA,NA,NA,NA,NA,NA,NA,NA,NA,NA,NA,NA,NA,NA,NA,NA,NA,NA,NA,NA,NA,NA,203.199,200.353,193.839,202.399,181.969,178.199,202.296,217.86,196.766,203.06
"696",34.75,NA,NA,NA,NA,NA,NA,NA,NA,NA,NA,202.89,209.176,201.762,204.942,197.466,188.359,203.377,220.622,192.338,197.423,189.716,185.798,219.988,190.347,189.51,206.327,207.533,224.565,203.244,195.591,NA,NA,NA,NA,NA,NA,NA,NA,NA,NA,NA,NA,NA,NA,NA,NA,NA,NA,NA,NA,156.176,146.699,127.903,149.187,151.988,131.499,155.613,182.26,150.504,174.259,159.321,159.214,141.117,174.683,140.798,153.943,163.158,171.877,166.985,170.536,NA,NA,NA,NA,NA,NA,NA,NA,NA,NA,NA,NA,NA,NA,NA,NA,NA,NA,NA,NA,NA,NA,NA,NA,NA,NA,NA,NA,NA,NA,NA,NA,NA,NA,NA,NA,NA,NA,NA,NA,NA,NA,NA,NA,NA,NA,NA,NA,NA,NA,203.325,200.29,194.012,202.248,183.328,178.224,202.211,217.147,197.317,203.007
"697",34.8,NA,NA,NA,NA,NA,NA,NA,NA,NA,NA,202.689,207.585,203.259,204.265,197.452,188.531,203.594,218.531,192.274,197.371,189.68,187.12,221.556,191.257,187.786,206.254,207.523,224.767,202.99,195.503,NA,NA,NA,NA,NA,NA,NA,NA,NA,NA,NA,NA,NA,NA,NA,NA,NA,NA,NA,NA,156.234,146.44,127.814,149.294,151.532,131.425,155.485,183.158,150.848,174.32,159.378,157.931,140.457,174.461,141.757,154.024,163.031,172.657,166.756,170.47,NA,NA,NA,NA,NA,NA,NA,NA,NA,NA,NA,NA,NA,NA,NA,NA,NA,NA,NA,NA,NA,NA,NA,NA,NA,NA,NA,NA,NA,NA,NA,NA,NA,NA,NA,NA,NA,NA,NA,NA,NA,NA,NA,NA,NA,NA,NA,NA,NA,NA,203.242,200.564,194.446,202.589,183.821,178.321,202.267,216.506,197.289,203.057
"698",34.85,NA,NA,NA,NA,NA,NA,NA,NA,NA,NA,202.801,208.365,202.455,204.484,194.892,188.429,203.537,220.347,192.975,197.48,189.636,185.697,221.101,191.879,188.489,206.133,207.402,225.169,202.755,195.746,NA,NA,NA,NA,NA,NA,NA,NA,NA,NA,NA,NA,NA,NA,NA,NA,NA,NA,NA,NA,156.103,147.768,127.637,149.654,152.111,131.328,155.533,181.589,150.721,174.309,159.433,157.66,141.031,175.393,141.546,153.974,163.234,173.47,167.465,170.444,NA,NA,NA,NA,NA,NA,NA,NA,NA,NA,NA,NA,NA,NA,NA,NA,NA,NA,NA,NA,NA,NA,NA,NA,NA,NA,NA,NA,NA,NA,NA,NA,NA,NA,NA,NA,NA,NA,NA,NA,NA,NA,NA,NA,NA,NA,NA,NA,NA,NA,203.37,200.908,196.806,202.355,183.45,178.404,202.511,216.457,197.704,203.33
"699",34.9,NA,NA,NA,NA,NA,NA,NA,NA,NA,NA,203.029,208.339,200.89,203.495,194.188,188.503,203.457,220.71,192.767,197.478,189.75,186.47,220.557,190.41,187.271,206.303,207.411,227.156,203.472,195.753,NA,NA,NA,NA,NA,NA,NA,NA,NA,NA,NA,NA,NA,NA,NA,NA,NA,NA,NA,NA,156.172,147.16,127.941,148.917,153.613,131.333,155.581,182.342,150.767,174.171,159.301,157.872,141.091,174.808,140.77,153.886,163.158,173.662,166.47,170.478,NA,NA,NA,NA,NA,NA,NA,NA,NA,NA,NA,NA,NA,NA,NA,NA,NA,NA,NA,NA,NA,NA,NA,NA,NA,NA,NA,NA,NA,NA,NA,NA,NA,NA,NA,NA,NA,NA,NA,NA,NA,NA,NA,NA,NA,NA,NA,NA,NA,NA,203.501,202.927,194.925,201.675,183.587,178.486,202.515,216.382,196.724,203.257
"700",34.95,NA,NA,NA,NA,NA,NA,NA,NA,NA,NA,203.017,207.806,201.206,204.246,195.6,188.654,203.717,219.628,193.273,197.523,189.731,185.563,222.403,191.745,186.247,206.244,207.467,226.239,203.204,195.477,NA,NA,NA,NA,NA,NA,NA,NA,NA,NA,NA,NA,NA,NA,NA,NA,NA,NA,NA,NA,156.188,147.561,127.732,149.042,152.72,131.381,155.526,181.848,151.156,174.347,159.357,157.379,140.989,175.448,140.339,153.909,162.926,173.571,166.037,170.367,NA,NA,NA,NA,NA,NA,NA,NA,NA,NA,NA,NA,NA,NA,NA,NA,NA,NA,NA,NA,NA,NA,NA,NA,NA,NA,NA,NA,NA,NA,NA,NA,NA,NA,NA,NA,NA,NA,NA,NA,NA,NA,NA,NA,NA,NA,NA,NA,NA,NA,203.629,202.275,194.656,202.882,182.242,178.572,202.538,218.388,197.229,203.443
"701",35,NA,NA,NA,NA,NA,NA,NA,NA,NA,NA,203.113,209.625,203.235,204.626,199.069,188.582,204.007,220.907,192.412,197.551,189.722,185.594,221.658,190.293,187.174,206.19,207.448,224.261,203.349,195.474,NA,NA,NA,NA,NA,NA,NA,NA,NA,NA,NA,NA,NA,NA,NA,NA,NA,NA,NA,NA,156.072,146.394,127.584,149.335,151.93,131.218,155.572,181.887,150.978,174.304,159.361,158.552,139.855,174.947,140.166,154.009,163.089,173.141,167.366,170.542,NA,NA,NA,NA,NA,NA,NA,NA,NA,NA,NA,NA,NA,NA,NA,NA,NA,NA,NA,NA,NA,NA,NA,NA,NA,NA,NA,NA,NA,NA,NA,NA,NA,NA,NA,NA,NA,NA,NA,NA,NA,NA,NA,NA,NA,NA,NA,NA,NA,NA,203.601,200.688,195.102,202.785,182,178.542,202.664,217.358,196.716,203.45
"702",35.05,NA,NA,NA,NA,NA,NA,NA,NA,NA,NA,203.054,207.482,201.53,203.236,195.391,188.611,203.961,221.326,192.661,197.362,189.72,185.246,218.855,191.318,189.662,206.338,207.44,225.909,202.892,195.449,NA,NA,NA,NA,NA,NA,NA,NA,NA,NA,NA,NA,NA,NA,NA,NA,NA,NA,NA,NA,156.134,148.384,128.107,148.961,151.404,131.287,155.616,180.569,150.71,174.092,159.432,158.483,141.267,174.862,140.679,153.888,163.152,173.15,167.066,170.463,NA,NA,NA,NA,NA,NA,NA,NA,NA,NA,NA,NA,NA,NA,NA,NA,NA,NA,NA,NA,NA,NA,NA,NA,NA,NA,NA,NA,NA,NA,NA,NA,NA,NA,NA,NA,NA,NA,NA,NA,NA,NA,NA,NA,NA,NA,NA,NA,NA,NA,203.617,199.862,195.26,202.428,183.718,178.687,202.643,217.541,197.078,203.526
"703",35.1,NA,NA,NA,NA,NA,NA,NA,NA,NA,NA,203.137,210.125,203.044,203.476,194.737,188.7,204.021,220.115,193.197,197.334,189.855,186.609,219.517,190.826,187.439,206.17,207.496,225.235,203.88,195.591,NA,NA,NA,NA,NA,NA,NA,NA,NA,NA,NA,NA,NA,NA,NA,NA,NA,NA,NA,NA,156.109,146.349,127.434,148.573,152.535,131.354,155.477,182.145,151.023,174.131,159.365,157.333,140.17,175.151,140.3,154.022,163.198,172.5,167.228,170.508,NA,NA,NA,NA,NA,NA,NA,NA,NA,NA,NA,NA,NA,NA,NA,NA,NA,NA,NA,NA,NA,NA,NA,NA,NA,NA,NA,NA,NA,NA,NA,NA,NA,NA,NA,NA,NA,NA,NA,NA,NA,NA,NA,NA,NA,NA,NA,NA,NA,NA,203.579,201.013,195.612,202.111,183.55,178.789,202.553,217.764,197.172,203.541
"704",35.15,NA,NA,NA,NA,NA,NA,NA,NA,NA,NA,203.142,209.19,201.345,203.868,194.841,188.727,203.948,221.041,192.52,197.48,189.689,185.064,222.216,191.574,190.004,206.228,207.362,223.803,201.743,195.629,NA,NA,NA,NA,NA,NA,NA,NA,NA,NA,NA,NA,NA,NA,NA,NA,NA,NA,NA,NA,156.144,146.776,127.942,149.532,153.311,131.187,155.496,182.853,150.362,174.185,159.332,158.296,141.437,174.927,139.227,154.114,163.259,172.901,166.95,170.39,NA,NA,NA,NA,NA,NA,NA,NA,NA,NA,NA,NA,NA,NA,NA,NA,NA,NA,NA,NA,NA,NA,NA,NA,NA,NA,NA,NA,NA,NA,NA,NA,NA,NA,NA,NA,NA,NA,NA,NA,NA,NA,NA,NA,NA,NA,NA,NA,NA,NA,203.6,202.056,195.432,203.187,182.387,178.732,202.806,217.017,197.768,203.651
"705",35.2,NA,NA,NA,NA,NA,NA,NA,NA,NA,NA,203.284,208.735,202.737,203.754,195.175,188.646,203.917,221.083,194.169,197.432,189.853,185.395,219.662,191.465,188.71,206.399,207.477,224.927,203.378,195.67,NA,NA,NA,NA,NA,NA,NA,NA,NA,NA,NA,NA,NA,NA,NA,NA,NA,NA,NA,NA,155.945,148.182,127.351,148.228,152.351,131.317,155.401,182.366,151.151,174.175,159.351,156.625,140.507,174.622,140.44,153.846,163.159,172.758,167.298,170.492,NA,NA,NA,NA,NA,NA,NA,NA,NA,NA,NA,NA,NA,NA,NA,NA,NA,NA,NA,NA,NA,NA,NA,NA,NA,NA,NA,NA,NA,NA,NA,NA,NA,NA,NA,NA,NA,NA,NA,NA,NA,NA,NA,NA,NA,NA,NA,NA,NA,NA,203.592,201.435,195.969,202.691,184.122,178.831,202.711,218.105,197.373,203.623
"706",35.25,NA,NA,NA,NA,NA,NA,NA,NA,NA,NA,203.418,209.294,202.295,204.469,195.93,188.687,204.145,218.503,192.985,197.516,189.973,186.726,220.265,191.934,189.865,206.074,207.511,225.458,202.8,195.599,NA,NA,NA,NA,NA,NA,NA,NA,NA,NA,NA,NA,NA,NA,NA,NA,NA,NA,NA,NA,155.989,146.715,126.878,149.146,152.622,131.233,155.34,180.835,151.157,174.175,159.367,157.057,141.575,175.244,140.871,153.886,163.249,173.41,166.274,170.366,NA,NA,NA,NA,NA,NA,NA,NA,NA,NA,NA,NA,NA,NA,NA,NA,NA,NA,NA,NA,NA,NA,NA,NA,NA,NA,NA,NA,NA,NA,NA,NA,NA,NA,NA,NA,NA,NA,NA,NA,NA,NA,NA,NA,NA,NA,NA,NA,NA,NA,203.728,202.468,193.382,202.77,181.596,178.917,202.949,217.839,196.618,203.668
"707",35.3,NA,NA,NA,NA,NA,NA,NA,NA,NA,NA,203.498,209.304,201.723,205.229,193.739,188.764,204.157,219.442,193.797,197.454,189.934,186.358,220.092,191.569,187.692,206.263,207.356,223.985,203.045,195.481,NA,NA,NA,NA,NA,NA,NA,NA,NA,NA,NA,NA,NA,NA,NA,NA,NA,NA,NA,NA,156.017,146.062,127.772,149.757,153.026,131.272,155.421,182.35,150.781,174.361,159.339,157.905,142.328,176.002,140.119,153.904,163.101,172.849,167.131,170.355,NA,NA,NA,NA,NA,NA,NA,NA,NA,NA,NA,NA,NA,NA,NA,NA,NA,NA,NA,NA,NA,NA,NA,NA,NA,NA,NA,NA,NA,NA,NA,NA,NA,NA,NA,NA,NA,NA,NA,NA,NA,NA,NA,NA,NA,NA,NA,NA,NA,NA,203.808,201.931,194.325,201.937,181.634,178.952,202.95,219.217,197.281,203.826
"708",35.35,NA,NA,NA,NA,NA,NA,NA,NA,NA,NA,203.531,211.263,202.011,204.787,196.929,188.711,203.833,219.393,193.498,197.517,189.943,186.1,219.66,191.403,190.231,206.207,207.229,224.113,203.214,195.592,NA,NA,NA,NA,NA,NA,NA,NA,NA,NA,NA,NA,NA,NA,NA,NA,NA,NA,NA,NA,156.054,147.31,127.604,149.399,152.437,131.263,155.72,181.572,150.937,174.237,159.394,157.098,141.219,174.136,140.702,153.996,163.146,173.063,167.046,170.382,NA,NA,NA,NA,NA,NA,NA,NA,NA,NA,NA,NA,NA,NA,NA,NA,NA,NA,NA,NA,NA,NA,NA,NA,NA,NA,NA,NA,NA,NA,NA,NA,NA,NA,NA,NA,NA,NA,NA,NA,NA,NA,NA,NA,NA,NA,NA,NA,NA,NA,203.79,202.282,195.244,201.784,184.199,178.99,202.844,217.622,197.993,203.585
"709",35.4,NA,NA,NA,NA,NA,NA,NA,NA,NA,NA,203.582,210.376,201.867,205.004,197.217,188.812,204.464,218.713,194.316,197.328,190.065,185.801,220.27,192.018,187.127,206.098,207.632,227.03,203.29,195.363,NA,NA,NA,NA,NA,NA,NA,NA,NA,NA,NA,NA,NA,NA,NA,NA,NA,NA,NA,NA,156.015,147.845,127.632,149.971,151.894,131.193,155.471,183.234,150.685,174.303,159.21,157.724,140.455,174.991,142.367,153.876,163.186,172.702,166.724,170.428,NA,NA,NA,NA,NA,NA,NA,NA,NA,NA,NA,NA,NA,NA,NA,NA,NA,NA,NA,NA,NA,NA,NA,NA,NA,NA,NA,NA,NA,NA,NA,NA,NA,NA,NA,NA,NA,NA,NA,NA,NA,NA,NA,NA,NA,NA,NA,NA,NA,NA,203.796,202.395,195.273,201.385,184.052,179.115,203.083,217.012,197.892,203.792
"710",35.45,NA,NA,NA,NA,NA,NA,NA,NA,NA,NA,203.645,210.585,202.589,204.283,198.741,188.958,204.25,219.637,193.53,197.403,189.973,186.905,220.15,191.612,186.555,206.243,207.356,226.511,202.433,195.587,NA,NA,NA,NA,NA,NA,NA,NA,NA,NA,NA,NA,NA,NA,NA,NA,NA,NA,NA,NA,155.887,148.406,127.766,149.019,152.962,131.168,155.281,183.239,150.562,174.2,159.421,158.053,141.352,174.824,141.839,153.815,163.187,173.113,166.249,170.388,NA,NA,NA,NA,NA,NA,NA,NA,NA,NA,NA,NA,NA,NA,NA,NA,NA,NA,NA,NA,NA,NA,NA,NA,NA,NA,NA,NA,NA,NA,NA,NA,NA,NA,NA,NA,NA,NA,NA,NA,NA,NA,NA,NA,NA,NA,NA,NA,NA,NA,203.894,201.677,195.414,202.931,184.18,179.045,203.227,218.723,196.28,203.864
"711",35.5,NA,NA,NA,NA,NA,NA,NA,NA,NA,NA,203.68,208.716,204.247,204.073,195.83,188.822,204.425,219.966,193.758,197.414,189.936,186.845,220.679,190.232,188.269,206.201,207.749,225.07,203.985,195.587,NA,NA,NA,NA,NA,NA,NA,NA,NA,NA,NA,NA,NA,NA,NA,NA,NA,NA,NA,NA,155.948,148.139,127.494,149.504,152.659,131.177,155.468,180.429,150.911,174.079,159.348,157.63,140.691,174.495,140.44,153.878,163.303,173.519,166.674,170.406,NA,NA,NA,NA,NA,NA,NA,NA,NA,NA,NA,NA,NA,NA,NA,NA,NA,NA,NA,NA,NA,NA,NA,NA,NA,NA,NA,NA,NA,NA,NA,NA,NA,NA,NA,NA,NA,NA,NA,NA,NA,NA,NA,NA,NA,NA,NA,NA,NA,NA,203.769,202.292,194.491,202.012,182.837,179.257,203.318,218.092,197.216,203.899
"712",35.55,NA,NA,NA,NA,NA,NA,NA,NA,NA,NA,203.738,210.843,202.936,203.86,195.723,188.903,204.669,221.357,193.649,197.337,189.977,186.674,222.642,190.981,188.38,206.184,207.557,225.449,203.519,195.516,NA,NA,NA,NA,NA,NA,NA,NA,NA,NA,NA,NA,NA,NA,NA,NA,NA,NA,NA,NA,155.945,147.139,127.235,149.107,152.477,131.082,155.312,181.846,151.306,174.248,159.265,158.409,141.731,175.899,142.03,153.862,163.389,172.877,166.917,170.382,NA,NA,NA,NA,NA,NA,NA,NA,NA,NA,NA,NA,NA,NA,NA,NA,NA,NA,NA,NA,NA,NA,NA,NA,NA,NA,NA,NA,NA,NA,NA,NA,NA,NA,NA,NA,NA,NA,NA,NA,NA,NA,NA,NA,NA,NA,NA,NA,NA,NA,203.893,200.838,196.529,202.188,184.179,179.378,203.388,216.274,197.325,204.016
"713",35.6,NA,NA,NA,NA,NA,NA,NA,NA,NA,NA,203.86,209.882,202.441,206.087,198.994,189.002,204.695,220.264,193.734,197.461,190.094,186.605,219.635,191.822,188.445,206.186,207.361,224.665,202.879,195.517,NA,NA,NA,NA,NA,NA,NA,NA,NA,NA,NA,NA,NA,NA,NA,NA,NA,NA,NA,NA,155.917,146.199,126.927,149.241,152.797,131.238,155.498,182.383,150.884,174.221,159.344,158.18,141.016,174.798,141.137,153.842,163.342,172.131,167.093,170.287,NA,NA,NA,NA,NA,NA,NA,NA,NA,NA,NA,NA,NA,NA,NA,NA,NA,NA,NA,NA,NA,NA,NA,NA,NA,NA,NA,NA,NA,NA,NA,NA,NA,NA,NA,NA,NA,NA,NA,NA,NA,NA,NA,NA,NA,NA,NA,NA,NA,NA,203.931,200.936,195.605,202.93,185.712,179.359,203.46,217.93,197.78,203.98
"714",35.65,NA,NA,NA,NA,NA,NA,NA,NA,NA,NA,203.788,209.392,202.116,205.051,197.69,189.053,204.723,221.833,193.761,197.506,190.053,185.43,218.739,190.901,189.37,206.219,207.532,225.088,203.149,195.544,NA,NA,NA,NA,NA,NA,NA,NA,NA,NA,NA,NA,NA,NA,NA,NA,NA,NA,NA,NA,156.04,147.428,127.319,149.368,152.48,131.14,155.385,181.933,151.224,174.199,159.355,158.189,141.444,175.279,141.681,153.888,163.318,172.316,166.533,170.368,NA,NA,NA,NA,NA,NA,NA,NA,NA,NA,NA,NA,NA,NA,NA,NA,NA,NA,NA,NA,NA,NA,NA,NA,NA,NA,NA,NA,NA,NA,NA,NA,NA,NA,NA,NA,NA,NA,NA,NA,NA,NA,NA,NA,NA,NA,NA,NA,NA,NA,204.089,202.589,195.012,203.487,185.839,179.4,203.034,218.229,198.293,204.24
"715",35.7,NA,NA,NA,NA,NA,NA,NA,NA,NA,NA,203.867,209.994,203.162,205.144,197.235,189.059,204.846,220.343,193.706,197.335,190.061,185.045,219.539,191.974,188.655,206.116,207.492,226.126,203.087,195.461,NA,NA,NA,NA,NA,NA,NA,NA,NA,NA,NA,NA,NA,NA,NA,NA,NA,NA,NA,NA,155.926,147.904,127.518,149.128,151.235,131.167,155.521,182.02,150.791,174.152,159.313,158.262,141.418,174.708,141.193,153.862,163.421,173.269,166.772,170.453,NA,NA,NA,NA,NA,NA,NA,NA,NA,NA,NA,NA,NA,NA,NA,NA,NA,NA,NA,NA,NA,NA,NA,NA,NA,NA,NA,NA,NA,NA,NA,NA,NA,NA,NA,NA,NA,NA,NA,NA,NA,NA,NA,NA,NA,NA,NA,NA,NA,NA,203.942,201.37,195.166,202.604,185.932,179.466,203.406,218.392,197.218,204.034
"716",35.75,NA,NA,NA,NA,NA,NA,NA,NA,NA,NA,203.829,209.59,202.268,204.491,194.029,188.977,204.575,220.741,195.234,197.402,190.16,186.646,220.833,191.493,188.824,206.13,207.45,225.172,203.292,195.597,NA,NA,NA,NA,NA,NA,NA,NA,NA,NA,NA,NA,NA,NA,NA,NA,NA,NA,NA,NA,155.91,148.006,127.517,149.121,151.903,131.153,155.516,181.62,150.003,174.137,159.491,158.394,141.111,175.128,141.192,153.839,163.372,172.432,167.075,170.354,NA,NA,NA,NA,NA,NA,NA,NA,NA,NA,NA,NA,NA,NA,NA,NA,NA,NA,NA,NA,NA,NA,NA,NA,NA,NA,NA,NA,NA,NA,NA,NA,NA,NA,NA,NA,NA,NA,NA,NA,NA,NA,NA,NA,NA,NA,NA,NA,NA,NA,204.058,201.937,194.922,202.962,184.236,179.452,203.315,217.752,196.298,204.278
"717",35.8,NA,NA,NA,NA,NA,NA,NA,NA,NA,NA,204.062,211.628,202.743,204.891,195.88,189.224,204.847,221.777,193.517,197.328,190.031,186.134,219.258,192.274,186.519,206.237,207.658,226.21,203.005,195.56,NA,NA,NA,NA,NA,NA,NA,NA,NA,NA,NA,NA,NA,NA,NA,NA,NA,NA,NA,NA,155.889,147.241,126.62,148.747,151.739,131.055,155.515,182.445,150.458,174.256,159.294,158.121,140.514,175.658,140.3,153.965,163.317,172.607,165.84,170.283,NA,NA,NA,NA,NA,NA,NA,NA,NA,NA,NA,NA,NA,NA,NA,NA,NA,NA,NA,NA,NA,NA,NA,NA,NA,NA,NA,NA,NA,NA,NA,NA,NA,NA,NA,NA,NA,NA,NA,NA,NA,NA,NA,NA,NA,NA,NA,NA,NA,NA,204.127,203.399,195.361,202.739,184.114,179.549,203.594,218.497,197.436,204.419
"718",35.85,NA,NA,NA,NA,NA,NA,NA,NA,NA,NA,204.186,209.924,202.16,204.504,197.095,189.094,204.807,220.313,194.282,197.383,190.174,186.406,221.14,191.231,188.542,206.101,207.518,225.931,203.179,195.577,NA,NA,NA,NA,NA,NA,NA,NA,NA,NA,NA,NA,NA,NA,NA,NA,NA,NA,NA,NA,155.755,147.988,126.72,149.143,151.806,131.112,155.438,181.949,150.927,174.299,159.322,157.624,140.959,175.543,140.574,153.866,163.316,172.887,166.908,170.333,NA,NA,NA,NA,NA,NA,NA,NA,NA,NA,NA,NA,NA,NA,NA,NA,NA,NA,NA,NA,NA,NA,NA,NA,NA,NA,NA,NA,NA,NA,NA,NA,NA,NA,NA,NA,NA,NA,NA,NA,NA,NA,NA,NA,NA,NA,NA,NA,NA,NA,204.159,203.942,195.666,203.2,186.621,179.656,203.662,217.227,197.1,204.206
"719",35.9,NA,NA,NA,NA,NA,NA,NA,NA,NA,NA,204.235,210.885,203.109,205.566,197.796,189.099,204.972,219.911,194.781,197.463,190.241,187.23,220.35,191.621,188.131,206.219,207.402,225.463,203.344,195.463,NA,NA,NA,NA,NA,NA,NA,NA,NA,NA,NA,NA,NA,NA,NA,NA,NA,NA,NA,NA,155.812,147.869,127.167,149.933,152.164,131.021,155.443,180.742,149.949,174.236,159.23,158.482,141.764,174.319,140.6,153.839,163.385,173.806,166.376,170.344,NA,NA,NA,NA,NA,NA,NA,NA,NA,NA,NA,NA,NA,NA,NA,NA,NA,NA,NA,NA,NA,NA,NA,NA,NA,NA,NA,NA,NA,NA,NA,NA,NA,NA,NA,NA,NA,NA,NA,NA,NA,NA,NA,NA,NA,NA,NA,NA,NA,NA,204.341,201.864,194.438,203.738,185.873,179.715,203.695,219.293,197.951,204.558
"720",35.95,NA,NA,NA,NA,NA,NA,NA,NA,NA,NA,204.322,210.492,202.939,204.193,199.017,189.129,204.94,219.991,194.714,197.462,190.09,187.845,220.179,192.018,189.098,206.05,207.322,223.214,202.967,195.51,NA,NA,NA,NA,NA,NA,NA,NA,NA,NA,NA,NA,NA,NA,NA,NA,NA,NA,NA,NA,155.816,147.245,127.136,148.517,152.571,130.97,155.468,181.652,150.805,174.164,159.316,158.203,140.621,174.393,140.639,153.946,163.398,171.88,166.918,170.306,NA,NA,NA,NA,NA,NA,NA,NA,NA,NA,NA,NA,NA,NA,NA,NA,NA,NA,NA,NA,NA,NA,NA,NA,NA,NA,NA,NA,NA,NA,NA,NA,NA,NA,NA,NA,NA,NA,NA,NA,NA,NA,NA,NA,NA,NA,NA,NA,NA,NA,204.211,202.001,196.699,203.222,184.546,179.82,203.644,217.815,197.607,204.479
"721",36,NA,NA,NA,NA,NA,NA,NA,NA,NA,NA,204.361,209.826,202.4,205.017,199.382,189.17,205.082,222.187,194.969,197.367,190.095,186.926,221.172,191.089,187.31,206.317,207.342,225.454,203.871,195.506,NA,NA,NA,NA,NA,NA,NA,NA,NA,NA,NA,NA,NA,NA,NA,NA,NA,NA,NA,NA,155.754,147.804,127.504,149.404,151.722,130.972,155.479,181.631,150.943,174.055,159.411,158.396,141.293,175.627,140.023,153.747,163.531,172.178,166.202,170.372,NA,NA,NA,NA,NA,NA,NA,NA,NA,NA,NA,NA,NA,NA,NA,NA,NA,NA,NA,NA,NA,NA,NA,NA,NA,NA,NA,NA,NA,NA,NA,NA,NA,NA,NA,NA,NA,NA,NA,NA,NA,NA,NA,NA,NA,NA,NA,NA,NA,NA,204.271,203.124,194.553,202.984,184.65,179.847,203.751,220.673,197.89,204.615
"722",36.05,NA,NA,NA,NA,NA,NA,NA,NA,NA,NA,204.243,210.359,204.751,205.273,197.328,189.39,205.132,220.203,194.79,197.332,190.07,186.501,220.372,190.735,187.796,206.131,207.447,225.27,203.644,195.48,NA,NA,NA,NA,NA,NA,NA,NA,NA,NA,NA,NA,NA,NA,NA,NA,NA,NA,NA,NA,155.708,146.881,126.763,149.006,151.932,131.043,155.533,183.633,150.781,174.081,159.267,157.476,140.771,175.247,140.716,153.715,163.559,171.778,166.754,170.411,NA,NA,NA,NA,NA,NA,NA,NA,NA,NA,NA,NA,NA,NA,NA,NA,NA,NA,NA,NA,NA,NA,NA,NA,NA,NA,NA,NA,NA,NA,NA,NA,NA,NA,NA,NA,NA,NA,NA,NA,NA,NA,NA,NA,NA,NA,NA,NA,NA,NA,204.323,202.203,195.595,202.695,186.482,179.929,203.632,219.404,197.003,204.632
"723",36.1,NA,NA,NA,NA,NA,NA,NA,NA,NA,NA,204.388,210.501,204.508,204.757,196.087,189.401,205.195,220.848,194.344,197.423,190.125,186.245,221.486,191.227,187.988,206.26,207.602,223.004,203.719,195.574,NA,NA,NA,NA,NA,NA,NA,NA,NA,NA,NA,NA,NA,NA,NA,NA,NA,NA,NA,NA,155.656,147.732,126.913,149.394,152.025,130.966,155.489,182.157,150.717,174.052,159.25,158.588,140.683,175.464,141.33,153.899,163.631,172.523,167.583,170.328,NA,NA,NA,NA,NA,NA,NA,NA,NA,NA,NA,NA,NA,NA,NA,NA,NA,NA,NA,NA,NA,NA,NA,NA,NA,NA,NA,NA,NA,NA,NA,NA,NA,NA,NA,NA,NA,NA,NA,NA,NA,NA,NA,NA,NA,NA,NA,NA,NA,NA,204.287,202.292,195.878,202.848,185.018,179.927,203.683,219.189,197.531,204.606
"724",36.15,NA,NA,NA,NA,NA,NA,NA,NA,NA,NA,204.488,211.236,202.938,205.692,199.523,189.24,205.199,223.188,194.697,197.372,190.299,186.279,219.618,190.8,188.724,206.194,207.597,225.042,203.612,195.614,NA,NA,NA,NA,NA,NA,NA,NA,NA,NA,NA,NA,NA,NA,NA,NA,NA,NA,NA,NA,155.68,146.612,127.349,149.602,151.39,130.907,155.529,182.19,150.85,174.178,159.246,157.964,141.533,175.682,139.462,153.714,163.419,172.935,166.45,170.293,NA,NA,NA,NA,NA,NA,NA,NA,NA,NA,NA,NA,NA,NA,NA,NA,NA,NA,NA,NA,NA,NA,NA,NA,NA,NA,NA,NA,NA,NA,NA,NA,NA,NA,NA,NA,NA,NA,NA,NA,NA,NA,NA,NA,NA,NA,NA,NA,NA,NA,204.295,201.73,195.269,203.298,186.003,179.978,203.796,217.425,197.113,204.769
"725",36.2,NA,NA,NA,NA,NA,NA,NA,NA,NA,NA,204.507,210.778,202.821,205.692,196.87,189.322,205.153,221.237,194.378,197.581,190.287,187.846,219.982,191.174,187.657,206.146,207.478,225.297,204.417,195.47,NA,NA,NA,NA,NA,NA,NA,NA,NA,NA,NA,NA,NA,NA,NA,NA,NA,NA,NA,NA,155.68,147.591,127.188,149.646,151.865,131.058,155.356,183.149,150.745,174.217,159.268,158.074,141.461,175.409,140.616,153.924,163.687,173.33,167.313,170.266,NA,NA,NA,NA,NA,NA,NA,NA,NA,NA,NA,NA,NA,NA,NA,NA,NA,NA,NA,NA,NA,NA,NA,NA,NA,NA,NA,NA,NA,NA,NA,NA,NA,NA,NA,NA,NA,NA,NA,NA,NA,NA,NA,NA,NA,NA,NA,NA,NA,NA,204.391,203.729,196.532,203.032,184.205,180.056,203.799,217.727,197.376,204.794
"726",36.25,NA,NA,NA,NA,NA,NA,NA,NA,NA,NA,204.681,212.543,204.292,206.045,197.311,189.331,205.377,220.921,194.463,197.378,190.215,186.583,222.247,191.074,189.012,206.143,207.003,225.211,202.312,195.478,NA,NA,NA,NA,NA,NA,NA,NA,NA,NA,NA,NA,NA,NA,NA,NA,NA,NA,NA,NA,155.701,147.587,126.937,149.079,152.462,130.921,155.263,181.652,150.639,174.213,159.207,157.357,141.981,174.719,140.071,153.8,163.531,173.59,166.327,170.281,NA,NA,NA,NA,NA,NA,NA,NA,NA,NA,NA,NA,NA,NA,NA,NA,NA,NA,NA,NA,NA,NA,NA,NA,NA,NA,NA,NA,NA,NA,NA,NA,NA,NA,NA,NA,NA,NA,NA,NA,NA,NA,NA,NA,NA,NA,NA,NA,NA,NA,204.473,202.542,195.494,204.215,184.384,180.21,203.871,218.757,198.167,204.967
"727",36.3,NA,NA,NA,NA,NA,NA,NA,NA,NA,NA,204.72,210.743,202.656,205.011,197.937,189.346,205.25,221.45,194.252,197.401,190.401,188.772,222.009,191.006,189.057,206.144,207.322,224.626,203.43,195.52,NA,NA,NA,NA,NA,NA,NA,NA,NA,NA,NA,NA,NA,NA,NA,NA,NA,NA,NA,NA,155.596,147.15,127.255,149.772,153.3,130.968,155.517,181.912,151.113,174.044,159.326,157.781,140.469,174.691,140.631,153.841,163.573,173.364,167.747,170.331,NA,NA,NA,NA,NA,NA,NA,NA,NA,NA,NA,NA,NA,NA,NA,NA,NA,NA,NA,NA,NA,NA,NA,NA,NA,NA,NA,NA,NA,NA,NA,NA,NA,NA,NA,NA,NA,NA,NA,NA,NA,NA,NA,NA,NA,NA,NA,NA,NA,NA,204.378,200.844,195.894,203.067,185.294,180.177,203.996,219.376,197.328,204.924
"728",36.35,NA,NA,NA,NA,NA,NA,NA,NA,NA,NA,204.701,210.237,203.462,204.395,199.097,189.478,205.276,222.729,194.075,197.386,190.313,186.59,219.669,192.866,187.535,206.339,207.228,224.381,203.578,195.482,NA,NA,NA,NA,NA,NA,NA,NA,NA,NA,NA,NA,NA,NA,NA,NA,NA,NA,NA,NA,155.694,146.465,127.154,148.76,152.387,130.959,155.533,182.415,150.506,174.008,159.291,156.996,141.876,175.212,140.353,153.839,163.505,172.792,167.184,170.345,NA,NA,NA,NA,NA,NA,NA,NA,NA,NA,NA,NA,NA,NA,NA,NA,NA,NA,NA,NA,NA,NA,NA,NA,NA,NA,NA,NA,NA,NA,NA,NA,NA,NA,NA,NA,NA,NA,NA,NA,NA,NA,NA,NA,NA,NA,NA,NA,NA,NA,204.529,203.889,195.242,201.756,186.778,180.326,204.203,218.666,197.434,204.938
"729",36.4,NA,NA,NA,NA,NA,NA,NA,NA,NA,NA,204.904,211.494,202.528,205.391,197.836,189.578,205.583,221.536,196.171,197.313,190.27,187.74,221.012,191.275,190.233,206.072,207.458,224.429,203.279,195.415,NA,NA,NA,NA,NA,NA,NA,NA,NA,NA,NA,NA,NA,NA,NA,NA,NA,NA,NA,NA,155.694,147.389,126.953,149.029,151.982,130.903,155.501,181.837,150.969,174.1,159.211,158.028,141.086,175.611,141.452,153.817,163.656,172.696,166.98,170.388,NA,NA,NA,NA,NA,NA,NA,NA,NA,NA,NA,NA,NA,NA,NA,NA,NA,NA,NA,NA,NA,NA,NA,NA,NA,NA,NA,NA,NA,NA,NA,NA,NA,NA,NA,NA,NA,NA,NA,NA,NA,NA,NA,NA,NA,NA,NA,NA,NA,NA,204.666,202.162,196.763,203.209,184.957,180.311,204.115,218.596,197.069,205
"730",36.45,NA,NA,NA,NA,NA,NA,NA,NA,NA,NA,204.816,209.728,203.089,205.959,198.941,189.525,205.669,221.311,195.274,197.327,190.347,185.914,220.347,191.702,188.825,206.236,207.304,226.572,202.835,195.559,NA,NA,NA,NA,NA,NA,NA,NA,NA,NA,NA,NA,NA,NA,NA,NA,NA,NA,NA,NA,155.49,147.972,126.91,149.836,152.344,130.793,155.498,182.774,151.029,174.099,159.288,158.099,140.946,176.249,139.513,153.901,163.682,172.896,166.904,170.235,NA,NA,NA,NA,NA,NA,NA,NA,NA,NA,NA,NA,NA,NA,NA,NA,NA,NA,NA,NA,NA,NA,NA,NA,NA,NA,NA,NA,NA,NA,NA,NA,NA,NA,NA,NA,NA,NA,NA,NA,NA,NA,NA,NA,NA,NA,NA,NA,NA,NA,204.542,202.862,195.891,203.6,185.476,180.394,204.247,218.732,198.571,205.083
"731",36.5,NA,NA,NA,NA,NA,NA,NA,NA,NA,NA,204.814,209.531,202.691,205.498,198.485,189.563,205.549,221.564,195.764,197.236,190.448,186.757,219.705,190.238,188.247,206.129,207.608,225.615,202.882,195.636,NA,NA,NA,NA,NA,NA,NA,NA,NA,NA,NA,NA,NA,NA,NA,NA,NA,NA,NA,NA,155.495,148.797,127.064,149.062,151.136,130.859,155.482,183.131,150.815,174.018,159.233,157.514,140.88,176.867,139.656,153.855,163.743,172.575,167.437,170.247,NA,NA,NA,NA,NA,NA,NA,NA,NA,NA,NA,NA,NA,NA,NA,NA,NA,NA,NA,NA,NA,NA,NA,NA,NA,NA,NA,NA,NA,NA,NA,NA,NA,NA,NA,NA,NA,NA,NA,NA,NA,NA,NA,NA,NA,NA,NA,NA,NA,NA,204.656,201.788,195.738,203.048,185.429,180.412,204.293,216.827,198.52,205.129
"732",36.55,NA,NA,NA,NA,NA,NA,NA,NA,NA,NA,204.988,210.138,202.6,204.762,197.347,189.471,205.802,221.926,195.532,197.394,190.554,186.578,221.529,191.398,187.918,206.091,207.501,223.255,203.968,195.511,NA,NA,NA,NA,NA,NA,NA,NA,NA,NA,NA,NA,NA,NA,NA,NA,NA,NA,NA,NA,155.615,147.495,125.65,149.112,153.343,130.909,155.431,182.719,151.041,174.231,159.263,157.846,140.786,175.075,140.526,153.896,163.768,173.458,166.969,170.24,NA,NA,NA,NA,NA,NA,NA,NA,NA,NA,NA,NA,NA,NA,NA,NA,NA,NA,NA,NA,NA,NA,NA,NA,NA,NA,NA,NA,NA,NA,NA,NA,NA,NA,NA,NA,NA,NA,NA,NA,NA,NA,NA,NA,NA,NA,NA,NA,NA,NA,204.737,202.163,195.5,203.315,185.928,180.455,204.275,220.13,199.044,205.293
"733",36.6,NA,NA,NA,NA,NA,NA,NA,NA,NA,NA,205.059,211.785,203.579,205.445,198.702,189.502,205.495,221.783,195.944,197.308,190.438,188.099,221.043,190.777,188.682,206.195,207.4,224.159,204.073,195.47,NA,NA,NA,NA,NA,NA,NA,NA,NA,NA,NA,NA,NA,NA,NA,NA,NA,NA,NA,NA,155.531,147.314,126.777,149.434,152.296,130.854,155.46,181.916,150.737,174.036,159.379,157.549,141.141,175.394,140.825,153.833,163.673,171.97,166.639,170.237,NA,NA,NA,NA,NA,NA,NA,NA,NA,NA,NA,NA,NA,NA,NA,NA,NA,NA,NA,NA,NA,NA,NA,NA,NA,NA,NA,NA,NA,NA,NA,NA,NA,NA,NA,NA,NA,NA,NA,NA,NA,NA,NA,NA,NA,NA,NA,NA,NA,NA,204.804,202.961,198.368,203.017,188.013,180.648,204.386,219.58,198.825,205.275
"734",36.65,NA,NA,NA,NA,NA,NA,NA,NA,NA,NA,205.181,210.92,204.855,206.25,197.749,189.697,205.694,221.356,196.476,197.255,190.47,187.168,219.092,191.861,188.21,206.272,207.708,224.047,203.959,195.482,NA,NA,NA,NA,NA,NA,NA,NA,NA,NA,NA,NA,NA,NA,NA,NA,NA,NA,NA,NA,155.503,147.432,127.225,148.962,152.258,130.836,155.31,182.232,150.795,174.002,159.191,157.615,139.657,175.921,140.648,153.854,163.498,172.502,166.825,170.256,NA,NA,NA,NA,NA,NA,NA,NA,NA,NA,NA,NA,NA,NA,NA,NA,NA,NA,NA,NA,NA,NA,NA,NA,NA,NA,NA,NA,NA,NA,NA,NA,NA,NA,NA,NA,NA,NA,NA,NA,NA,NA,NA,NA,NA,NA,NA,NA,NA,NA,204.695,201.967,196.309,202.446,185.769,180.716,204.417,218.172,197.784,205.296
"735",36.7,NA,NA,NA,NA,NA,NA,NA,NA,NA,NA,205.171,211.38,203.766,206.388,198.488,189.587,205.939,222.419,195.516,197.399,190.494,186.59,219.658,191.058,188.565,206.146,207.497,224.615,203.276,195.461,NA,NA,NA,NA,NA,NA,NA,NA,NA,NA,NA,NA,NA,NA,NA,NA,NA,NA,NA,NA,155.439,146.258,127.168,149.707,152.136,130.896,155.485,183.403,150.779,174.088,159.224,156.636,141.585,175.354,139.711,153.72,163.561,172.328,166.726,170.281,NA,NA,NA,NA,NA,NA,NA,NA,NA,NA,NA,NA,NA,NA,NA,NA,NA,NA,NA,NA,NA,NA,NA,NA,NA,NA,NA,NA,NA,NA,NA,NA,NA,NA,NA,NA,NA,NA,NA,NA,NA,NA,NA,NA,NA,NA,NA,NA,NA,NA,204.784,202.882,195.18,203.519,186.324,180.667,204.412,220.103,198.523,205.237
"736",36.75,NA,NA,NA,NA,NA,NA,NA,NA,NA,NA,205.16,212.445,205.322,205.847,198.592,189.595,205.834,221.874,195.864,197.381,190.572,188.086,219.159,190.802,187.836,206.073,207.491,225.431,203.828,195.583,NA,NA,NA,NA,NA,NA,NA,NA,NA,NA,NA,NA,NA,NA,NA,NA,NA,NA,NA,NA,155.347,147.725,126.614,148.996,152.235,130.741,155.347,182.108,151.058,174.105,159.153,158.02,141.369,175.221,140.849,153.821,163.781,172.42,167.659,170.29,NA,NA,NA,NA,NA,NA,NA,NA,NA,NA,NA,NA,NA,NA,NA,NA,NA,NA,NA,NA,NA,NA,NA,NA,NA,NA,NA,NA,NA,NA,NA,NA,NA,NA,NA,NA,NA,NA,NA,NA,NA,NA,NA,NA,NA,NA,NA,NA,NA,NA,204.721,203.052,195.864,204.245,186.625,180.825,204.386,219.177,197.59,205.302
"737",36.8,NA,NA,NA,NA,NA,NA,NA,NA,NA,NA,205.302,212.475,202.128,205.963,197.22,189.648,205.828,222.459,195.069,197.265,190.465,187.252,220.922,190.653,188.371,206.167,207.598,224.84,202.042,195.656,NA,NA,NA,NA,NA,NA,NA,NA,NA,NA,NA,NA,NA,NA,NA,NA,NA,NA,NA,NA,155.439,148.042,126.828,149.682,151.371,130.79,155.287,182.07,150.211,174.09,159.139,157.735,140.553,175.34,139.708,153.852,163.7,172.453,167.351,170.22,NA,NA,NA,NA,NA,NA,NA,NA,NA,NA,NA,NA,NA,NA,NA,NA,NA,NA,NA,NA,NA,NA,NA,NA,NA,NA,NA,NA,NA,NA,NA,NA,NA,NA,NA,NA,NA,NA,NA,NA,NA,NA,NA,NA,NA,NA,NA,NA,NA,NA,204.967,203.697,198.455,204.262,186.609,180.743,204.786,219.886,198.501,205.473
"738",36.85,NA,NA,NA,NA,NA,NA,NA,NA,NA,NA,205.313,211.069,204.135,206.191,198.224,189.695,205.971,222.626,195.834,197.327,190.595,186.224,221.162,191.72,189.394,206.197,207.529,224.13,203.75,195.457,NA,NA,NA,NA,NA,NA,NA,NA,NA,NA,NA,NA,NA,NA,NA,NA,NA,NA,NA,NA,155.382,148.36,126.576,149.133,151.323,130.826,155.535,182.656,151.098,174.297,159.194,157.184,141.05,175.41,139.861,153.894,163.838,173.007,165.892,170.254,NA,NA,NA,NA,NA,NA,NA,NA,NA,NA,NA,NA,NA,NA,NA,NA,NA,NA,NA,NA,NA,NA,NA,NA,NA,NA,NA,NA,NA,NA,NA,NA,NA,NA,NA,NA,NA,NA,NA,NA,NA,NA,NA,NA,NA,NA,NA,NA,NA,NA,204.873,203.851,198.13,205.409,185.902,180.954,204.636,219.807,197.468,205.469
"739",36.9,NA,NA,NA,NA,NA,NA,NA,NA,NA,NA,205.469,211.422,202.777,206.2,197.656,189.831,205.892,221.061,196.074,197.365,190.545,187.715,219.983,190.825,188.314,206.19,207.553,226.053,203.07,195.492,NA,NA,NA,NA,NA,NA,NA,NA,NA,NA,NA,NA,NA,NA,NA,NA,NA,NA,NA,NA,155.292,147.87,126.945,148.863,152.426,130.789,155.374,182.128,151.193,174.2,159.179,158.619,141.65,175.263,139.239,153.901,163.723,172.741,167.465,170.205,NA,NA,NA,NA,NA,NA,NA,NA,NA,NA,NA,NA,NA,NA,NA,NA,NA,NA,NA,NA,NA,NA,NA,NA,NA,NA,NA,NA,NA,NA,NA,NA,NA,NA,NA,NA,NA,NA,NA,NA,NA,NA,NA,NA,NA,NA,NA,NA,NA,NA,204.849,203.485,196.081,204.077,185.282,180.982,204.424,218.729,198.796,205.663
"740",36.95,NA,NA,NA,NA,NA,NA,NA,NA,NA,NA,205.45,211.028,203.946,205.591,198.74,189.904,206.182,220.284,196.425,197.174,190.589,188.477,219.16,190.501,188.742,206.193,207.435,225.244,203.514,195.511,NA,NA,NA,NA,NA,NA,NA,NA,NA,NA,NA,NA,NA,NA,NA,NA,NA,NA,NA,NA,155.35,147.723,126.901,148.372,151.908,130.802,155.456,180.695,150.794,174.05,159.242,157.013,140.352,174.918,139.193,153.652,163.806,173.003,166.177,170.239,NA,NA,NA,NA,NA,NA,NA,NA,NA,NA,NA,NA,NA,NA,NA,NA,NA,NA,NA,NA,NA,NA,NA,NA,NA,NA,NA,NA,NA,NA,NA,NA,NA,NA,NA,NA,NA,NA,NA,NA,NA,NA,NA,NA,NA,NA,NA,NA,NA,NA,204.905,203.199,197.867,203.245,186.747,181.013,204.61,219.887,198.387,205.757
"741",37,NA,NA,NA,NA,NA,NA,NA,NA,NA,NA,205.491,212.006,204.988,206.385,198.07,189.819,206.262,222.415,195.829,197.289,190.604,186.831,219.902,191.417,188.219,206.265,207.63,225.281,203.112,195.476,NA,NA,NA,NA,NA,NA,NA,NA,NA,NA,NA,NA,NA,NA,NA,NA,NA,NA,NA,NA,155.398,148.521,126.757,149.253,151.233,130.838,155.454,182.411,150.132,174.068,159.182,158.297,140.967,174.944,140.872,153.843,163.908,172.823,166.685,170.269,NA,NA,NA,NA,NA,NA,NA,NA,NA,NA,NA,NA,NA,NA,NA,NA,NA,NA,NA,NA,NA,NA,NA,NA,NA,NA,NA,NA,NA,NA,NA,NA,NA,NA,NA,NA,NA,NA,NA,NA,NA,NA,NA,NA,NA,NA,NA,NA,NA,NA,205.022,201.714,196.156,203.736,185.927,181.15,204.678,218.891,197.566,205.88
"742",37.05,NA,NA,NA,NA,NA,NA,NA,NA,NA,NA,205.517,212.005,203.548,206.728,194.154,189.997,206.253,221.678,197.012,197.37,190.563,187.747,222.167,191.322,188.185,206.185,207.508,225.396,203.424,195.553,NA,NA,NA,NA,NA,NA,NA,NA,NA,NA,NA,NA,NA,NA,NA,NA,NA,NA,NA,NA,155.343,147.635,126.682,149.586,152.352,130.662,155.416,182.694,150.612,174.201,159.274,157.711,140.606,175.177,141.41,153.796,163.709,172.986,166.424,170.253,NA,NA,NA,NA,NA,NA,NA,NA,NA,NA,NA,NA,NA,NA,NA,NA,NA,NA,NA,NA,NA,NA,NA,NA,NA,NA,NA,NA,NA,NA,NA,NA,NA,NA,NA,NA,NA,NA,NA,NA,NA,NA,NA,NA,NA,NA,NA,NA,NA,NA,205.053,203.344,196.249,204.127,186.411,181.008,204.783,218.554,197.477,205.671
"743",37.1,NA,NA,NA,NA,NA,NA,NA,NA,NA,NA,205.751,211.453,204.988,204.675,197.236,189.733,206.232,224.053,196.321,197.301,190.733,186.971,222.219,191.125,188.831,206.289,207.646,223.994,203.197,195.445,NA,NA,NA,NA,NA,NA,NA,NA,NA,NA,NA,NA,NA,NA,NA,NA,NA,NA,NA,NA,155.33,147.267,126.93,149.025,152.594,130.718,155.278,182.692,150.945,174.021,159.239,156.894,140.208,175.558,141.241,153.854,163.905,172.449,166.538,170.321,NA,NA,NA,NA,NA,NA,NA,NA,NA,NA,NA,NA,NA,NA,NA,NA,NA,NA,NA,NA,NA,NA,NA,NA,NA,NA,NA,NA,NA,NA,NA,NA,NA,NA,NA,NA,NA,NA,NA,NA,NA,NA,NA,NA,NA,NA,NA,NA,NA,NA,205.142,203.932,198.285,204.867,187.883,181.062,204.914,219.008,199.084,205.671
"744",37.15,NA,NA,NA,NA,NA,NA,NA,NA,NA,NA,205.78,210.63,204.575,206.165,198.679,189.946,206.632,222.57,196.606,197.226,190.574,188.73,220.106,191.545,188.379,206.22,207.404,226.567,202.821,195.325,NA,NA,NA,NA,NA,NA,NA,NA,NA,NA,NA,NA,NA,NA,NA,NA,NA,NA,NA,NA,155.374,146.984,126.486,149.435,152.43,130.67,155.431,182.206,150.739,174.105,159.221,157.833,140.58,175.044,138.82,153.822,163.854,172.572,166.564,170.175,NA,NA,NA,NA,NA,NA,NA,NA,NA,NA,NA,NA,NA,NA,NA,NA,NA,NA,NA,NA,NA,NA,NA,NA,NA,NA,NA,NA,NA,NA,NA,NA,NA,NA,NA,NA,NA,NA,NA,NA,NA,NA,NA,NA,NA,NA,NA,NA,NA,NA,205.066,203.775,196.589,203.819,187.226,181.266,204.94,219.288,199.101,205.91
"745",37.2,NA,NA,NA,NA,NA,NA,NA,NA,NA,NA,205.896,211.894,204.565,206.032,199.123,189.956,206.467,222.963,197.63,197.212,190.76,188.799,219.181,191.678,188.97,206.151,207.331,224.955,203.532,195.408,NA,NA,NA,NA,NA,NA,NA,NA,NA,NA,NA,NA,NA,NA,NA,NA,NA,NA,NA,NA,155.274,147.65,126.59,149.275,153.15,130.631,155.409,181.666,151.231,174.055,159.094,157.546,140.851,175.188,140.437,153.787,163.89,172.894,167.346,170.267,NA,NA,NA,NA,NA,NA,NA,NA,NA,NA,NA,NA,NA,NA,NA,NA,NA,NA,NA,NA,NA,NA,NA,NA,NA,NA,NA,NA,NA,NA,NA,NA,NA,NA,NA,NA,NA,NA,NA,NA,NA,NA,NA,NA,NA,NA,NA,NA,NA,NA,205.148,203.153,197.519,204.745,188.361,181.328,205.005,219.014,198.727,205.86
"746",37.25,NA,NA,NA,NA,NA,NA,NA,NA,NA,NA,205.877,210.996,205.014,206.635,199.015,189.915,206.644,222.863,196.75,197.234,190.728,187.377,221.067,190.875,186.654,206.062,207.532,224.585,202.856,195.496,NA,NA,NA,NA,NA,NA,NA,NA,NA,NA,NA,NA,NA,NA,NA,NA,NA,NA,NA,NA,155.242,147.688,126.637,148.909,153.037,130.668,155.394,181.662,151.068,173.999,159.21,157.818,141.207,175.132,140.223,153.841,164.093,172.199,166.776,170.239,NA,NA,NA,NA,NA,NA,NA,NA,NA,NA,NA,NA,NA,NA,NA,NA,NA,NA,NA,NA,NA,NA,NA,NA,NA,NA,NA,NA,NA,NA,NA,NA,NA,NA,NA,NA,NA,NA,NA,NA,NA,NA,NA,NA,NA,NA,NA,NA,NA,NA,205.238,203.918,197.274,204.565,188.572,181.373,205.01,219.347,197.14,206.114
"747",37.3,NA,NA,NA,NA,NA,NA,NA,NA,NA,NA,205.989,211.008,203.634,205.879,200.293,189.939,206.745,222.758,196.174,197.219,190.636,187.938,219.861,191.078,188.733,206.222,207.742,225.984,202.389,195.405,NA,NA,NA,NA,NA,NA,NA,NA,NA,NA,NA,NA,NA,NA,NA,NA,NA,NA,NA,NA,155.194,148.605,127.056,149.307,152.859,130.614,155.508,182.88,150.659,173.976,159.076,157.173,140.663,175.313,139.186,153.81,164.017,172.28,166.92,170.171,NA,NA,NA,NA,NA,NA,NA,NA,NA,NA,NA,NA,NA,NA,NA,NA,NA,NA,NA,NA,NA,NA,NA,NA,NA,NA,NA,NA,NA,NA,NA,NA,NA,NA,NA,NA,NA,NA,NA,NA,NA,NA,NA,NA,NA,NA,NA,NA,NA,NA,205.298,202.8,196.505,205.145,186.804,181.415,205.012,220.341,198.341,206.057
"748",37.35,NA,NA,NA,NA,NA,NA,NA,NA,NA,NA,206.027,212.491,203.724,206.446,199.915,190.151,206.514,221.74,197.072,197.236,190.748,190.083,219.344,191.051,187.524,206.211,207.363,224.494,203.301,195.577,NA,NA,NA,NA,NA,NA,NA,NA,NA,NA,NA,NA,NA,NA,NA,NA,NA,NA,NA,NA,155.326,147.598,125.869,149.483,152.338,130.635,155.512,182.242,151.168,174.002,159.128,158.483,141.125,175.169,140.173,153.783,163.911,172.317,167.074,170.211,NA,NA,NA,NA,NA,NA,NA,NA,NA,NA,NA,NA,NA,NA,NA,NA,NA,NA,NA,NA,NA,NA,NA,NA,NA,NA,NA,NA,NA,NA,NA,NA,NA,NA,NA,NA,NA,NA,NA,NA,NA,NA,NA,NA,NA,NA,NA,NA,NA,NA,205.252,203.954,196.792,203.997,187.26,181.463,205.098,220.237,198.854,206.12
"749",37.4,NA,NA,NA,NA,NA,NA,NA,NA,NA,NA,206.034,213.47,203.135,206.907,199.831,190.092,206.764,222.585,196.258,197.298,190.721,188.707,218.24,190.873,188.487,206.307,207.59,223.407,202.089,195.473,NA,NA,NA,NA,NA,NA,NA,NA,NA,NA,NA,NA,NA,NA,NA,NA,NA,NA,NA,NA,155.213,148.423,126.287,149.262,153.673,130.631,155.453,182.762,151.059,173.991,159.015,157.927,141.036,174.528,139.553,153.819,163.927,172.463,166.703,170.137,NA,NA,NA,NA,NA,NA,NA,NA,NA,NA,NA,NA,NA,NA,NA,NA,NA,NA,NA,NA,NA,NA,NA,NA,NA,NA,NA,NA,NA,NA,NA,NA,NA,NA,NA,NA,NA,NA,NA,NA,NA,NA,NA,NA,NA,NA,NA,NA,NA,NA,205.322,204.184,197.513,205.094,188.562,181.511,205.029,220.25,199.299,206.346
"750",37.45,NA,NA,NA,NA,NA,NA,NA,NA,NA,NA,206.131,211.325,204.756,205.186,198.15,190.093,206.904,222.238,197.315,197.128,190.853,187.388,218.896,190.642,188.079,206.215,207.525,226.782,203.567,195.42,NA,NA,NA,NA,NA,NA,NA,NA,NA,NA,NA,NA,NA,NA,NA,NA,NA,NA,NA,NA,155.174,148.291,126.158,149.026,151.722,130.49,155.463,182.649,151.466,174.076,159.149,156.021,140.908,175.655,141.542,153.809,163.991,172.19,167.273,170.215,NA,NA,NA,NA,NA,NA,NA,NA,NA,NA,NA,NA,NA,NA,NA,NA,NA,NA,NA,NA,NA,NA,NA,NA,NA,NA,NA,NA,NA,NA,NA,NA,NA,NA,NA,NA,NA,NA,NA,NA,NA,NA,NA,NA,NA,NA,NA,NA,NA,NA,205.509,203.736,197.859,204.488,189.055,181.641,205.127,219.397,199.212,206.158
"751",37.5,NA,NA,NA,NA,NA,NA,NA,NA,NA,NA,206.291,212.108,205.125,206.495,199.062,190.223,206.963,222.116,196.352,197.341,190.832,187.358,220.038,191.634,189.069,206.155,207.376,223.376,202.877,195.388,NA,NA,NA,NA,NA,NA,NA,NA,NA,NA,NA,NA,NA,NA,NA,NA,NA,NA,NA,NA,155.279,148.024,126.813,149.422,151.701,130.503,155.417,181.83,151.003,173.965,159.134,156.225,140.767,175.546,139.628,153.805,164.063,173.071,166.518,170.205,NA,NA,NA,NA,NA,NA,NA,NA,NA,NA,NA,NA,NA,NA,NA,NA,NA,NA,NA,NA,NA,NA,NA,NA,NA,NA,NA,NA,NA,NA,NA,NA,NA,NA,NA,NA,NA,NA,NA,NA,NA,NA,NA,NA,NA,NA,NA,NA,NA,NA,205.374,204.62,198.296,204.715,187.302,181.736,205.228,219.951,199.232,206.452
"752",37.55,NA,NA,NA,NA,NA,NA,NA,NA,NA,NA,206.424,212.764,204.66,205.963,198.38,190.23,206.804,221.5,196.918,197.066,190.786,188.766,220.643,191.759,187.54,206.069,207.52,225.844,203.031,195.471,NA,NA,NA,NA,NA,NA,NA,NA,NA,NA,NA,NA,NA,NA,NA,NA,NA,NA,NA,NA,155.086,147.298,126.268,149.119,150.2,130.451,155.52,182.557,150.646,174.009,159.225,156.76,141.316,175.064,139.705,153.877,163.978,173.473,166.77,170.235,NA,NA,NA,NA,NA,NA,NA,NA,NA,NA,NA,NA,NA,NA,NA,NA,NA,NA,NA,NA,NA,NA,NA,NA,NA,NA,NA,NA,NA,NA,NA,NA,NA,NA,NA,NA,NA,NA,NA,NA,NA,NA,NA,NA,NA,NA,NA,NA,NA,NA,205.36,204.418,196.664,204.947,186.743,181.766,205.133,220.735,198.593,206.442
"753",37.6,NA,NA,NA,NA,NA,NA,NA,NA,NA,NA,206.457,212.05,202.56,206.067,200.652,190.117,207.07,222.574,197.015,197.16,190.934,189.247,220.603,191.772,186.784,206.018,207.426,223.02,203.002,195.496,NA,NA,NA,NA,NA,NA,NA,NA,NA,NA,NA,NA,NA,NA,NA,NA,NA,NA,NA,NA,155.224,148.304,125.952,148.981,151.407,130.543,155.437,182.086,150.784,173.971,159.147,157.858,140.934,175.388,140.797,153.774,164.075,172.031,167.438,170.181,NA,NA,NA,NA,NA,NA,NA,NA,NA,NA,NA,NA,NA,NA,NA,NA,NA,NA,NA,NA,NA,NA,NA,NA,NA,NA,NA,NA,NA,NA,NA,NA,NA,NA,NA,NA,NA,NA,NA,NA,NA,NA,NA,NA,NA,NA,NA,NA,NA,NA,205.446,203.668,196.86,204.616,186.528,181.785,205.364,218.131,198.749,206.292
"754",37.65,NA,NA,NA,NA,NA,NA,NA,NA,NA,NA,206.415,211.616,203.453,206.842,200.697,190.277,207.197,221.586,197.572,197.211,190.88,189.921,221,191.878,189.214,206.077,207.537,224.921,202.816,195.486,NA,NA,NA,NA,NA,NA,NA,NA,NA,NA,NA,NA,NA,NA,NA,NA,NA,NA,NA,NA,155.226,148.06,125.874,149.05,151.437,130.485,155.482,181.905,150.635,174.019,159.123,157.714,140.88,175.205,141.036,153.729,163.923,172.84,166.781,170.194,NA,NA,NA,NA,NA,NA,NA,NA,NA,NA,NA,NA,NA,NA,NA,NA,NA,NA,NA,NA,NA,NA,NA,NA,NA,NA,NA,NA,NA,NA,NA,NA,NA,NA,NA,NA,NA,NA,NA,NA,NA,NA,NA,NA,NA,NA,NA,NA,NA,NA,205.39,204.269,197.472,205.657,186.879,181.68,205.399,220.722,199.55,206.329
"755",37.7,NA,NA,NA,NA,NA,NA,NA,NA,NA,NA,206.492,212.322,203.733,206.675,201.223,190.414,206.938,223.524,197.764,197.311,190.99,188.178,217.741,192.385,188.771,206.088,207.429,223.519,203.324,195.435,NA,NA,NA,NA,NA,NA,NA,NA,NA,NA,NA,NA,NA,NA,NA,NA,NA,NA,NA,NA,154.984,148.099,126.194,149.574,152.794,130.45,155.36,181.235,150.705,174.064,159.137,157.971,140.615,175.601,140.884,153.879,164.041,172.745,166.99,170.137,NA,NA,NA,NA,NA,NA,NA,NA,NA,NA,NA,NA,NA,NA,NA,NA,NA,NA,NA,NA,NA,NA,NA,NA,NA,NA,NA,NA,NA,NA,NA,NA,NA,NA,NA,NA,NA,NA,NA,NA,NA,NA,NA,NA,NA,NA,NA,NA,NA,NA,205.455,204.638,196.869,205.513,188.169,181.887,205.405,221.088,198.805,206.577
"756",37.75,NA,NA,NA,NA,NA,NA,NA,NA,NA,NA,206.685,212.405,203.77,206.284,200.36,190.355,207.112,221.135,197.269,197.25,190.935,189.068,219.472,191.91,188.061,206.03,207.434,225.225,203.062,195.533,NA,NA,NA,NA,NA,NA,NA,NA,NA,NA,NA,NA,NA,NA,NA,NA,NA,NA,NA,NA,155.077,148.173,125.993,149.485,150.608,130.491,155.446,182.797,151.011,173.936,159.225,157.059,140.561,175.81,139.392,153.771,164.112,172.265,166.758,170.195,NA,NA,NA,NA,NA,NA,NA,NA,NA,NA,NA,NA,NA,NA,NA,NA,NA,NA,NA,NA,NA,NA,NA,NA,NA,NA,NA,NA,NA,NA,NA,NA,NA,NA,NA,NA,NA,NA,NA,NA,NA,NA,NA,NA,NA,NA,NA,NA,NA,NA,205.605,204.051,197.104,204.794,190.033,182.003,205.583,219.286,198.845,206.589
"757",37.8,NA,NA,NA,NA,NA,NA,NA,NA,NA,NA,206.65,211.667,204.476,206.06,200.146,190.306,207.368,222.179,197.381,197.367,191.08,188.558,219.195,190.511,189.377,206.207,207.424,226.554,203.246,195.44,NA,NA,NA,NA,NA,NA,NA,NA,NA,NA,NA,NA,NA,NA,NA,NA,NA,NA,NA,NA,155.099,148.284,126.66,149.91,152.07,130.47,155.456,182.374,150.845,174.005,159.056,158.234,141.152,175.383,139.255,153.864,164.101,171.94,166.165,170.17,NA,NA,NA,NA,NA,NA,NA,NA,NA,NA,NA,NA,NA,NA,NA,NA,NA,NA,NA,NA,NA,NA,NA,NA,NA,NA,NA,NA,NA,NA,NA,NA,NA,NA,NA,NA,NA,NA,NA,NA,NA,NA,NA,NA,NA,NA,NA,NA,NA,NA,205.642,204.85,196.829,205.183,189.77,182.021,205.608,220.902,199.088,206.65
"758",37.85,NA,NA,NA,NA,NA,NA,NA,NA,NA,NA,206.705,212.794,203.988,206.85,199.631,190.601,207.276,220.915,197.451,197.326,190.886,187.385,221.3,193.018,187.941,205.998,207.375,225.532,202.139,195.391,NA,NA,NA,NA,NA,NA,NA,NA,NA,NA,NA,NA,NA,NA,NA,NA,NA,NA,NA,NA,154.996,147.411,126.12,148.84,153.722,130.462,155.505,182.995,150.998,174.119,159.115,157.393,140.154,175.611,139.339,153.774,164.292,171.78,166.611,170.217,NA,NA,NA,NA,NA,NA,NA,NA,NA,NA,NA,NA,NA,NA,NA,NA,NA,NA,NA,NA,NA,NA,NA,NA,NA,NA,NA,NA,NA,NA,NA,NA,NA,NA,NA,NA,NA,NA,NA,NA,NA,NA,NA,NA,NA,NA,NA,NA,NA,NA,205.644,205.102,196.207,204.55,189.257,182.233,205.733,220.289,198.758,206.832
"759",37.9,NA,NA,NA,NA,NA,NA,NA,NA,NA,NA,206.878,212.471,203.174,206.672,199.953,190.564,207.325,222.831,197.005,197.12,191.128,188.727,219.531,192.311,188.056,206.037,207.38,225.908,202.403,195.399,NA,NA,NA,NA,NA,NA,NA,NA,NA,NA,NA,NA,NA,NA,NA,NA,NA,NA,NA,NA,154.971,148.182,126.882,149.01,151.749,130.387,155.373,182.035,151.082,174.063,159.136,157.347,140.66,175.516,139.381,153.832,166.126,173.125,167.777,170.213,NA,NA,NA,NA,NA,NA,NA,NA,NA,NA,NA,NA,NA,NA,NA,NA,NA,NA,NA,NA,NA,NA,NA,NA,NA,NA,NA,NA,NA,NA,NA,NA,NA,NA,NA,NA,NA,NA,NA,NA,NA,NA,NA,NA,NA,NA,NA,NA,NA,NA,205.446,204.729,197.413,205.798,189.218,182.161,205.818,220.029,198.387,206.767
"760",37.95,NA,NA,NA,NA,NA,NA,NA,NA,NA,NA,206.868,213.508,203.506,206.215,200.817,190.579,207.386,222.288,197.419,197.258,190.943,188.496,218.417,190.319,190.412,206.067,207.423,225.985,202.655,195.467,NA,NA,NA,NA,NA,NA,NA,NA,NA,NA,NA,NA,NA,NA,NA,NA,NA,NA,NA,NA,155.047,147.929,125.8,149.104,152.36,130.44,155.422,182.906,150.713,173.988,159.095,158.564,140.309,175.082,137.872,153.814,164.948,173.069,166.823,170.132,NA,NA,NA,NA,NA,NA,NA,NA,NA,NA,NA,NA,NA,NA,NA,NA,NA,NA,NA,NA,NA,NA,NA,NA,NA,NA,NA,NA,NA,NA,NA,NA,NA,NA,NA,NA,NA,NA,NA,NA,NA,NA,NA,NA,NA,NA,NA,NA,NA,NA,205.681,205.553,196.608,204.857,188.001,182.193,205.775,220.46,199.034,206.862
"761",38,NA,NA,NA,NA,NA,NA,NA,NA,NA,NA,207.078,213.446,204.762,206.455,196.067,190.8,207.302,222.595,197.733,197.37,191.242,188.595,219.822,190.808,186.613,206.272,207.586,225.279,202.231,195.421,NA,NA,NA,NA,NA,NA,NA,NA,NA,NA,NA,NA,NA,NA,NA,NA,NA,NA,NA,NA,154.967,146.956,125.459,149.21,152.196,130.373,155.325,182.41,150.892,173.925,159,157.453,140.396,174.693,139.682,153.682,164.435,173.225,167.092,170.135,NA,NA,NA,NA,NA,NA,NA,NA,NA,NA,NA,NA,NA,NA,NA,NA,NA,NA,NA,NA,NA,NA,NA,NA,NA,NA,NA,NA,NA,NA,NA,NA,NA,NA,NA,NA,NA,NA,NA,NA,NA,NA,NA,NA,NA,NA,NA,NA,NA,NA,205.783,206.111,197.783,204.848,188.3,182.349,205.931,221.007,199.773,206.89
"762",38.05,NA,NA,NA,NA,NA,NA,NA,NA,NA,NA,207.15,213.295,203.468,207.489,200.649,190.587,207.439,222.676,198.153,197.164,191.14,189.499,219.536,192.799,187.78,206.081,207.465,225.94,203.734,195.454,NA,NA,NA,NA,NA,NA,NA,NA,NA,NA,NA,NA,NA,NA,NA,NA,NA,NA,NA,NA,154.995,147.18,126.708,150.241,151.612,130.392,155.335,182.029,151.126,173.881,159.166,158.034,139.98,174.531,140.115,153.777,164.48,173.739,167.189,170.143,NA,NA,NA,NA,NA,NA,NA,NA,NA,NA,NA,NA,NA,NA,NA,NA,NA,NA,NA,NA,NA,NA,NA,NA,NA,NA,NA,NA,NA,NA,NA,NA,NA,NA,NA,NA,NA,NA,NA,NA,NA,NA,NA,NA,NA,NA,NA,NA,NA,NA,205.833,205.284,197.165,204.488,189.51,182.318,205.797,219.417,198.577,206.76
"763",38.1,NA,NA,NA,NA,NA,NA,NA,NA,NA,NA,207.206,211.487,206.233,207.744,201.163,190.758,207.679,222.229,197.963,197.271,191.089,188.067,219.165,191.963,188.878,206.152,207.57,225.882,202.856,195.431,NA,NA,NA,NA,NA,NA,NA,NA,NA,NA,NA,NA,NA,NA,NA,NA,NA,NA,NA,NA,154.96,147.548,126.183,149.67,151.357,130.416,155.288,182.881,151.425,174.037,159.102,158.257,139.47,175.612,140.153,153.772,164.174,172.095,167.223,170.04,NA,NA,NA,NA,NA,NA,NA,NA,NA,NA,NA,NA,NA,NA,NA,NA,NA,NA,NA,NA,NA,NA,NA,NA,NA,NA,NA,NA,NA,NA,NA,NA,NA,NA,NA,NA,NA,NA,NA,NA,NA,NA,NA,NA,NA,NA,NA,NA,NA,NA,205.903,205.83,195.149,205.463,188.74,182.3,206.061,219.599,200.062,206.858
"764",38.15,NA,NA,NA,NA,NA,NA,NA,NA,NA,NA,207.232,213.13,203.752,206.971,199.825,190.729,207.575,223.969,197.898,197.277,191.204,189.162,220.78,191.855,188.754,206.116,207.555,225.439,203.352,195.462,NA,NA,NA,NA,NA,NA,NA,NA,NA,NA,NA,NA,NA,NA,NA,NA,NA,NA,NA,NA,155,146.588,125.839,148.712,151.594,130.38,155.54,182.834,151.142,174.033,159.1,157.522,140.635,175.363,138.801,153.848,164.22,172.186,166.321,170.003,NA,NA,NA,NA,NA,NA,NA,NA,NA,NA,NA,NA,NA,NA,NA,NA,NA,NA,NA,NA,NA,NA,NA,NA,NA,NA,NA,NA,NA,NA,NA,NA,NA,NA,NA,NA,NA,NA,NA,NA,NA,NA,NA,NA,NA,NA,NA,NA,NA,NA,205.858,206.395,198.039,206.622,189.895,182.489,205.986,221.11,199.498,207.168
"765",38.2,NA,NA,NA,NA,NA,NA,NA,NA,NA,NA,207.159,212.835,203.493,206.978,200.832,190.712,207.65,221.667,197.482,197.435,191.04,189.024,219.102,190.467,186.8,206.05,207.33,224.427,203.333,195.442,NA,NA,NA,NA,NA,NA,NA,NA,NA,NA,NA,NA,NA,NA,NA,NA,NA,NA,NA,NA,154.967,148.71,126.639,149.112,152.562,130.4,155.273,181.463,151.36,173.899,159.076,157.59,140.62,175.539,139.255,153.921,164.268,172.446,167.376,170.235,NA,NA,NA,NA,NA,NA,NA,NA,NA,NA,NA,NA,NA,NA,NA,NA,NA,NA,NA,NA,NA,NA,NA,NA,NA,NA,NA,NA,NA,NA,NA,NA,NA,NA,NA,NA,NA,NA,NA,NA,NA,NA,NA,NA,NA,NA,NA,NA,NA,NA,205.78,206.611,197.678,205.231,189.38,182.466,206.172,220.425,199.635,207.029
"766",38.25,NA,NA,NA,NA,NA,NA,NA,NA,NA,NA,207.26,213.204,205.399,207.341,200.631,190.964,207.728,221.735,197.289,197.276,191.203,187.649,219.539,191.051,187.357,206.089,207.503,224.046,203.872,195.412,NA,NA,NA,NA,NA,NA,NA,NA,NA,NA,NA,NA,NA,NA,NA,NA,NA,NA,NA,NA,154.995,148.411,125.582,148.494,152.177,130.364,155.476,182.629,150.302,174.036,159.031,158.711,140.64,175.888,140.16,153.686,164.329,172.48,167.109,170.122,NA,NA,NA,NA,NA,NA,NA,NA,NA,NA,NA,NA,NA,NA,NA,NA,NA,NA,NA,NA,NA,NA,NA,NA,NA,NA,NA,NA,NA,NA,NA,NA,NA,NA,NA,NA,NA,NA,NA,NA,NA,NA,NA,NA,NA,NA,NA,NA,NA,NA,205.962,204.304,196.822,206.002,191.217,182.609,205.979,220.662,199.724,207.164
"767",38.3,NA,NA,NA,NA,NA,NA,NA,NA,NA,NA,207.27,214.063,204.518,206.949,198.729,190.821,207.819,222.26,198.365,197.317,191.302,188.59,219.34,191.335,187.22,206.185,207.482,225.141,203.687,195.425,NA,NA,NA,NA,NA,NA,NA,NA,NA,NA,NA,NA,NA,NA,NA,NA,NA,NA,NA,NA,154.922,147.392,126.372,149.338,151.481,130.245,155.557,182.556,150.907,173.958,159.11,157.409,140.385,175.304,139.887,153.761,164.188,173.69,166.992,170.066,NA,NA,NA,NA,NA,NA,NA,NA,NA,NA,NA,NA,NA,NA,NA,NA,NA,NA,NA,NA,NA,NA,NA,NA,NA,NA,NA,NA,NA,NA,NA,NA,NA,NA,NA,NA,NA,NA,NA,NA,NA,NA,NA,NA,NA,NA,NA,NA,NA,NA,205.892,205,196.676,206.993,189.891,182.518,206.012,221.126,198.323,207.012
"768",38.35,NA,NA,NA,NA,NA,NA,NA,NA,NA,NA,207.281,212.048,205.425,207.458,202.357,190.889,207.748,224.53,197.134,197.285,191.164,188.85,220.727,191.347,189.493,205.959,207.494,223.183,202.949,195.537,NA,NA,NA,NA,NA,NA,NA,NA,NA,NA,NA,NA,NA,NA,NA,NA,NA,NA,NA,NA,154.78,147.85,125.954,149.079,152.765,130.303,155.418,181.89,150.965,173.903,159.104,158.041,140.713,175.606,140.187,153.798,164.422,173.335,167.384,170.072,NA,NA,NA,NA,NA,NA,NA,NA,NA,NA,NA,NA,NA,NA,NA,NA,NA,NA,NA,NA,NA,NA,NA,NA,NA,NA,NA,NA,NA,NA,NA,NA,NA,NA,NA,NA,NA,NA,NA,NA,NA,NA,NA,NA,NA,NA,NA,NA,NA,NA,205.881,204.556,197.181,206.128,189.134,182.562,206.144,220.481,200.091,207.261
"769",38.4,NA,NA,NA,NA,NA,NA,NA,NA,NA,NA,207.483,213.347,205.996,206.788,199.082,190.828,207.917,223.607,197.946,197.255,191.311,189.917,218.324,190.943,188.28,205.973,207.5,225.62,203.872,195.567,NA,NA,NA,NA,NA,NA,NA,NA,NA,NA,NA,NA,NA,NA,NA,NA,NA,NA,NA,NA,154.816,148.169,126.073,148.685,151.615,130.308,155.232,182.87,151.059,174.012,159.058,157.486,140.882,175.797,139.832,153.707,164.393,172.645,167.281,170.149,NA,NA,NA,NA,NA,NA,NA,NA,NA,NA,NA,NA,NA,NA,NA,NA,NA,NA,NA,NA,NA,NA,NA,NA,NA,NA,NA,NA,NA,NA,NA,NA,NA,NA,NA,NA,NA,NA,NA,NA,NA,NA,NA,NA,NA,NA,NA,NA,NA,NA,206.094,206.249,198.215,204.491,188.969,182.816,206.133,220.274,199.59,207.191
"770",38.45,NA,NA,NA,NA,NA,NA,NA,NA,NA,NA,207.477,212.801,206.546,206.509,199.967,190.933,208.098,221.967,198.926,197.335,191.335,188.766,219.209,191.658,187.83,206.047,207.662,225.279,203.15,195.424,NA,NA,NA,NA,NA,NA,NA,NA,NA,NA,NA,NA,NA,NA,NA,NA,NA,NA,NA,NA,154.792,147.112,125.618,149.625,152.34,130.321,155.322,182.09,150.784,174.013,159.06,157.422,140.438,175.516,140.366,153.791,164.295,172.208,167.297,170.183,NA,NA,NA,NA,NA,NA,NA,NA,NA,NA,NA,NA,NA,NA,NA,NA,NA,NA,NA,NA,NA,NA,NA,NA,NA,NA,NA,NA,NA,NA,NA,NA,NA,NA,NA,NA,NA,NA,NA,NA,NA,NA,NA,NA,NA,NA,NA,NA,NA,NA,206.076,204.961,198.703,205.418,191.474,182.842,NA,NA,NA,NA
"771",38.5,NA,NA,NA,NA,NA,NA,NA,NA,NA,NA,207.539,213.83,204.327,206.724,200.861,190.913,208.038,223.408,198.483,197.238,191.417,189.076,220.141,191.6,188.361,206.007,207.318,225.149,204.175,195.506,NA,NA,NA,NA,NA,NA,NA,NA,NA,NA,NA,NA,NA,NA,NA,NA,NA,NA,NA,NA,154.774,148.635,125.275,149.484,150.461,130.329,155.497,181.323,150.802,173.982,159.089,157.576,140.84,175.734,139.586,153.751,164.44,172.158,167.837,170.211,NA,NA,NA,NA,NA,NA,NA,NA,NA,NA,NA,NA,NA,NA,NA,NA,NA,NA,NA,NA,NA,NA,NA,NA,NA,NA,NA,NA,NA,NA,NA,NA,NA,NA,NA,NA,NA,NA,NA,NA,NA,NA,NA,NA,NA,NA,NA,NA,NA,NA,206.135,NA,NA,NA,NA,NA,NA,NA,NA,NA
"772",38.55,NA,NA,NA,NA,NA,NA,NA,NA,NA,NA,207.588,213.668,203.922,207.526,199.019,190.975,207.947,222.74,198.94,197.18,191.293,190.391,219.579,191.298,186.324,206.122,207.385,223.832,203.548,195.376,NA,NA,NA,NA,NA,NA,NA,NA,NA,NA,NA,NA,NA,NA,NA,NA,NA,NA,NA,NA,154.83,147.508,126.25,149.67,151.578,130.317,155.288,183.036,150.531,173.985,159.049,157.094,140.943,174.678,139.055,153.655,164.409,172.392,167.843,170.132,NA,NA,NA,NA,NA,NA,NA,NA,NA,NA,NA,NA,NA,NA,NA,NA,NA,NA,NA,NA,NA,NA,NA,NA,NA,NA,NA,NA,NA,NA,NA,NA,NA,NA,NA,NA,NA,NA,NA,NA,NA,NA,NA,NA,NA,NA,NA,NA,NA,NA,206.025,NA,NA,NA,NA,NA,NA,NA,NA,NA
"773",38.6,NA,NA,NA,NA,NA,NA,NA,NA,NA,NA,207.53,213.155,203.747,207.743,200.399,191.058,208.23,222.69,198.155,197.276,191.313,189.584,218.255,190.388,189.51,206.136,207.485,223.817,203.113,195.361,NA,NA,NA,NA,NA,NA,NA,NA,NA,NA,NA,NA,NA,NA,NA,NA,NA,NA,NA,NA,154.887,148.252,126.106,149.019,151.464,130.289,155.459,182.185,150.636,174.021,158.994,157.298,140.634,175.957,140.287,153.675,164.47,171.996,166.563,170.215,NA,NA,NA,NA,NA,NA,NA,NA,NA,NA,NA,NA,NA,NA,NA,NA,NA,NA,NA,NA,NA,NA,NA,NA,NA,NA,NA,NA,NA,NA,NA,NA,NA,NA,NA,NA,NA,NA,NA,NA,NA,NA,NA,NA,NA,NA,NA,NA,NA,NA,NA,NA,NA,NA,NA,NA,NA,NA,NA,NA
"774",38.65,NA,NA,NA,NA,NA,NA,NA,NA,NA,NA,207.635,213.818,204.172,207.152,200.756,191.179,208.111,223.155,197.941,197.164,191.295,189.715,219.8,191.575,187.975,206.077,207.52,225.984,202.789,195.401,NA,NA,NA,NA,NA,NA,NA,NA,NA,NA,NA,NA,NA,NA,NA,NA,NA,NA,NA,NA,154.707,147.313,125.532,148.893,151.511,130.181,155.344,181.88,151.18,173.991,159.078,157.668,140.311,175.227,139.9005,153.829,164.426,171.825,167.074,170.018,NA,NA,NA,NA,NA,NA,NA,NA,NA,NA,NA,NA,NA,NA,NA,NA,NA,NA,NA,NA,NA,NA,NA,NA,NA,NA,NA,NA,NA,NA,NA,NA,NA,NA,NA,NA,NA,NA,NA,NA,NA,NA,NA,NA,NA,NA,NA,NA,NA,NA,NA,NA,NA,NA,NA,NA,NA,NA,NA,NA
"775",38.7,NA,NA,NA,NA,NA,NA,NA,NA,NA,NA,207.735,211.05,206.243,207.268,200.136,191.048,207.98,223.087,198.137,197.252,191.349,189.031,219.744,190.792,188.416,206.204,207.519,224.96,203.217,195.516,NA,NA,NA,NA,NA,NA,NA,NA,NA,NA,NA,NA,NA,NA,NA,NA,NA,NA,NA,NA,154.808,147.197,125.403,148.834,151.554,130.144,155.337,182.538,150.792,173.913,159.053,156.527,140.18,175.474,139.514,153.814,164.474,171.607,166.609,170.111,NA,NA,NA,NA,NA,NA,NA,NA,NA,NA,NA,NA,NA,NA,NA,NA,NA,NA,NA,NA,NA,NA,NA,NA,NA,NA,NA,NA,NA,NA,NA,NA,NA,NA,NA,NA,NA,NA,NA,NA,NA,NA,NA,NA,NA,NA,NA,NA,NA,NA,NA,NA,NA,NA,NA,NA,NA,NA,NA,NA
"776",38.75,NA,NA,NA,NA,NA,NA,NA,NA,NA,NA,207.64,211.993,204,206.919,199.483,191.054,208.205,222.899,198.024,197.346,191.437,188.91,221.043,190.659,187.454,206.069,207.36,226.314,202.865,195.395,NA,NA,NA,NA,NA,NA,NA,NA,NA,NA,NA,NA,NA,NA,NA,NA,NA,NA,NA,NA,154.8,147.922,125.71,149.038,151.364,130.126,155.442,181.778,150.964,174.026,159.097,158.57,141.217,175.032,138.415,153.693,164.457,172.563,167.052,170.038,NA,NA,NA,NA,NA,NA,NA,NA,NA,NA,NA,NA,NA,NA,NA,NA,NA,NA,NA,NA,NA,NA,NA,NA,NA,NA,NA,NA,NA,NA,NA,NA,NA,NA,NA,NA,NA,NA,NA,NA,NA,NA,NA,NA,NA,NA,NA,NA,NA,NA,NA,NA,NA,NA,NA,NA,NA,NA,NA,NA
"777",38.8,NA,NA,NA,NA,NA,NA,NA,NA,NA,NA,207.745,214.648,204.346,206.662,198.794,191.309,207.889,224.279,198.712,197.209,191.329,189.901,217.424,190.711,188.179,205.994,207.295,225.318,204.268,195.47,NA,NA,NA,NA,NA,NA,NA,NA,NA,NA,NA,NA,NA,NA,NA,NA,NA,NA,NA,NA,154.668,147.562,126.449,149.904,153.668,130.211,155.489,181.711,150.963,173.933,159.061,157.853,140.864,176.223,139.427,153.845,164.523,172.365,166.748,170.058,NA,NA,NA,NA,NA,NA,NA,NA,NA,NA,NA,NA,NA,NA,NA,NA,NA,NA,NA,NA,NA,NA,NA,NA,NA,NA,NA,NA,NA,NA,NA,NA,NA,NA,NA,NA,NA,NA,NA,NA,NA,NA,NA,NA,NA,NA,NA,NA,NA,NA,NA,NA,NA,NA,NA,NA,NA,NA,NA,NA
"778",38.85,NA,NA,NA,NA,NA,NA,NA,NA,NA,NA,207.845,214.83,204.761,207.295,197.755,191.149,207.994,224.826,198.892,197.227,191.476,190.985,220.116,191.582,187.808,206.007,207.559,225.012,203.615,195.452,NA,NA,NA,NA,NA,NA,NA,NA,NA,NA,NA,NA,NA,NA,NA,NA,NA,NA,NA,NA,154.775,147.22,126.037,149.583,152.133,130.135,155.44,182.354,151.344,173.837,159.057,157.953,140.144,175.547,137.521,153.793,164.584,173.513,166.811,170.118,NA,NA,NA,NA,NA,NA,NA,NA,NA,NA,NA,NA,NA,NA,NA,NA,NA,NA,NA,NA,NA,NA,NA,NA,NA,NA,NA,NA,NA,NA,NA,NA,NA,NA,NA,NA,NA,NA,NA,NA,NA,NA,NA,NA,NA,NA,NA,NA,NA,NA,NA,NA,NA,NA,NA,NA,NA,NA,NA,NA
"779",38.9,NA,NA,NA,NA,NA,NA,NA,NA,NA,NA,207.743,215.094,205.421,208.77,200.762,191.304,208.117,224.89,197.846,197.275,191.439,190.115,219.355,191.216,187.954,206.149,207.553,224.165,203.21,195.396,NA,NA,NA,NA,NA,NA,NA,NA,NA,NA,NA,NA,NA,NA,NA,NA,NA,NA,NA,NA,154.734,147.607,125.989,149.6,150.839,130.2,155.46,182.118,150.899,173.76,158.997,157.507,140.144,175.684,139.245,153.745,164.542,171.982,167.044,169.989,NA,NA,NA,NA,NA,NA,NA,NA,NA,NA,NA,NA,NA,NA,NA,NA,NA,NA,NA,NA,NA,NA,NA,NA,NA,NA,NA,NA,NA,NA,NA,NA,NA,NA,NA,NA,NA,NA,NA,NA,NA,NA,NA,NA,NA,NA,NA,NA,NA,NA,NA,NA,NA,NA,NA,NA,NA,NA,NA,NA
"780",38.95,NA,NA,NA,NA,NA,NA,NA,NA,NA,NA,207.759,214.737,205.272,206.046,201.003,191.445,208.23,223.228,198.553,197.13,191.543,188.794,219.022,191.642,189.168,206.207,207.45,224.385,203.071,195.424,NA,NA,NA,NA,NA,NA,NA,NA,NA,NA,NA,NA,NA,NA,NA,NA,NA,NA,NA,NA,154.754,148.538,125.601,149.337,152.6,130.175,155.538,181.975,151.157,173.994,158.969,159.15,140.43,174.352,139.996,153.614,164.529,171.941,166.944,170.026,NA,NA,NA,NA,NA,NA,NA,NA,NA,NA,NA,NA,NA,NA,NA,NA,NA,NA,NA,NA,NA,NA,NA,NA,NA,NA,NA,NA,NA,NA,NA,NA,NA,NA,NA,NA,NA,NA,NA,NA,NA,NA,NA,NA,NA,NA,NA,NA,NA,NA,NA,NA,NA,NA,NA,NA,NA,NA,NA,NA
"781",39,NA,NA,NA,NA,NA,NA,NA,NA,NA,NA,207.964,214.017,205.281,206.476,200.641,191.265,208.18,222.926,197.76,197.2,191.553,189.771,220.091,191.817,189.092,206.169,207.401,225.067,203.44,195.499,NA,NA,NA,NA,NA,NA,NA,NA,NA,NA,NA,NA,NA,NA,NA,NA,NA,NA,NA,NA,154.703,147.32,125.384,149.001,152.354,130.137,155.482,181.174,150.687,173.887,159.025,NA,NA,175.71,NA,NA,NA,172.335,NA,NA,NA,NA,NA,NA,NA,NA,NA,NA,NA,NA,NA,NA,NA,NA,NA,NA,NA,NA,NA,NA,NA,NA,NA,NA,NA,NA,NA,NA,NA,NA,NA,NA,NA,NA,NA,NA,NA,NA,NA,NA,NA,NA,NA,NA,NA,NA,NA,NA,NA,NA,NA,NA,NA,NA,NA,NA,NA,NA,NA,NA
"782",39.05,NA,NA,NA,NA,NA,NA,NA,NA,NA,NA,207.959,212.453,206.578,206.299,202.093,191.18,208.092,223.352,197.748,197.106,191.644,189.101,221.609,190.798,188.49,206.026,207.498,225.624,204.037,195.368,NA,NA,NA,NA,NA,NA,NA,NA,NA,NA,NA,NA,NA,NA,NA,NA,NA,NA,NA,NA,154.581,147.9,125.372,149.556,152.488,130.07,155.465,182.395,151.136,173.969,158.995,NA,NA,NA,NA,NA,NA,NA,NA,NA,NA,NA,NA,NA,NA,NA,NA,NA,NA,NA,NA,NA,NA,NA,NA,NA,NA,NA,NA,NA,NA,NA,NA,NA,NA,NA,NA,NA,NA,NA,NA,NA,NA,NA,NA,NA,NA,NA,NA,NA,NA,NA,NA,NA,NA,NA,NA,NA,NA,NA,NA,NA,NA,NA,NA,NA,NA,NA,NA,NA
"783",39.1,NA,NA,NA,NA,NA,NA,NA,NA,NA,NA,207.895,212.247,205.004,207.451,200.875,191.448,208.508,223.94,198.196,197.285,191.656,189.521,218.919,190.343,187.202,206.152,207.361,224.731,203.503,195.382,NA,NA,NA,NA,NA,NA,NA,NA,NA,NA,NA,NA,NA,NA,NA,NA,NA,NA,NA,NA,154.607,148.106,125.67,149.837,152.248,130.121,155.35,183.206,151.124,173.981,NA,NA,NA,NA,NA,NA,NA,NA,NA,NA,NA,NA,NA,NA,NA,NA,NA,NA,NA,NA,NA,NA,NA,NA,NA,NA,NA,NA,NA,NA,NA,NA,NA,NA,NA,NA,NA,NA,NA,NA,NA,NA,NA,NA,NA,NA,NA,NA,NA,NA,NA,NA,NA,NA,NA,NA,NA,NA,NA,NA,NA,NA,NA,NA,NA,NA,NA,NA,NA,NA
"784",39.15,NA,NA,NA,NA,NA,NA,NA,NA,NA,NA,207.84,213.91,204.773,207.31,NA,191.365,208.23,NA,NA,197.273,191.594,189.544,220.628,190.905,188.972,206.15,207.541,225.264,202.934,195.606,NA,NA,NA,NA,NA,NA,NA,NA,NA,NA,NA,NA,NA,NA,NA,NA,NA,NA,NA,NA,154.538,147.733,126.038,149.671,151.949,130.113,155.269,182.513,151.156,173.759,NA,NA,NA,NA,NA,NA,NA,NA,NA,NA,NA,NA,NA,NA,NA,NA,NA,NA,NA,NA,NA,NA,NA,NA,NA,NA,NA,NA,NA,NA,NA,NA,NA,NA,NA,NA,NA,NA,NA,NA,NA,NA,NA,NA,NA,NA,NA,NA,NA,NA,NA,NA,NA,NA,NA,NA,NA,NA,NA,NA,NA,NA,NA,NA,NA,NA,NA,NA,NA,NA
"785",39.2,NA,NA,NA,NA,NA,NA,NA,NA,NA,NA,207.924,NA,204.52,NA,NA,191.273,NA,NA,NA,NA,191.628,189.682,217.53,191.088,187.514,206.242,207.384,224.69,203.422,195.381,NA,NA,NA,NA,NA,NA,NA,NA,NA,NA,NA,NA,NA,NA,NA,NA,NA,NA,NA,NA,154.653,148.359,125.405,149.266,152.816,130.076,155.334,183.408,151.272,173.807,NA,NA,NA,NA,NA,NA,NA,NA,NA,NA,NA,NA,NA,NA,NA,NA,NA,NA,NA,NA,NA,NA,NA,NA,NA,NA,NA,NA,NA,NA,NA,NA,NA,NA,NA,NA,NA,NA,NA,NA,NA,NA,NA,NA,NA,NA,NA,NA,NA,NA,NA,NA,NA,NA,NA,NA,NA,NA,NA,NA,NA,NA,NA,NA,NA,NA,NA,NA,NA,NA
"786",39.25,NA,NA,NA,NA,NA,NA,NA,NA,NA,NA,NA,NA,NA,NA,NA,NA,NA,NA,NA,NA,191.644,190.01,218.739,191.957,189.83,206.088,207.657,226.292,203.194,195.349,NA,NA,NA,NA,NA,NA,NA,NA,NA,NA,NA,NA,NA,NA,NA,NA,NA,NA,NA,NA,154.64,147.685,125.139,149.027,151.921,130.089,155.569,182.054,151.076,173.861,NA,NA,NA,NA,NA,NA,NA,NA,NA,NA,NA,NA,NA,NA,NA,NA,NA,NA,NA,NA,NA,NA,NA,NA,NA,NA,NA,NA,NA,NA,NA,NA,NA,NA,NA,NA,NA,NA,NA,NA,NA,NA,NA,NA,NA,NA,NA,NA,NA,NA,NA,NA,NA,NA,NA,NA,NA,NA,NA,NA,NA,NA,NA,NA,NA,NA,NA,NA,NA,NA
"787",39.3,NA,NA,NA,NA,NA,NA,NA,NA,NA,NA,NA,NA,NA,NA,NA,NA,NA,NA,NA,NA,191.635,189.621,221.878,191.231,186.116,206.216,207.443,225.184,202.729,195.464,NA,NA,NA,NA,NA,NA,NA,NA,NA,NA,NA,NA,NA,NA,NA,NA,NA,NA,NA,NA,154.473,147.311,125.444,149.089,153.045,130.005,155.454,182.905,151.363,173.918,NA,NA,NA,NA,NA,NA,NA,NA,NA,NA,NA,NA,NA,NA,NA,NA,NA,NA,NA,NA,NA,NA,NA,NA,NA,NA,NA,NA,NA,NA,NA,NA,NA,NA,NA,NA,NA,NA,NA,NA,NA,NA,NA,NA,NA,NA,NA,NA,NA,NA,NA,NA,NA,NA,NA,NA,NA,NA,NA,NA,NA,NA,NA,NA,NA,NA,NA,NA,NA,NA
"788",39.35,NA,NA,NA,NA,NA,NA,NA,NA,NA,NA,NA,NA,NA,NA,NA,NA,NA,NA,NA,NA,191.706,190.953,218.326,191.309,189.631,206.076,207.414,223.968,203.377,195.46,NA,NA,NA,NA,NA,NA,NA,NA,NA,NA,NA,NA,NA,NA,NA,NA,NA,NA,NA,NA,154.531,147.417,124.809,149.34,152.187,129.981,155.267,182.534,150.566,173.88,NA,NA,NA,NA,NA,NA,NA,NA,NA,NA,NA,NA,NA,NA,NA,NA,NA,NA,NA,NA,NA,NA,NA,NA,NA,NA,NA,NA,NA,NA,NA,NA,NA,NA,NA,NA,NA,NA,NA,NA,NA,NA,NA,NA,NA,NA,NA,NA,NA,NA,NA,NA,NA,NA,NA,NA,NA,NA,NA,NA,NA,NA,NA,NA,NA,NA,NA,NA,NA,NA
"789",39.4,NA,NA,NA,NA,NA,NA,NA,NA,NA,NA,NA,NA,NA,NA,NA,NA,NA,NA,NA,NA,191.698,190.139,218.825,191.916,188.075,206.062,207.527,224.835,203.636,195.372,NA,NA,NA,NA,NA,NA,NA,NA,NA,NA,NA,NA,NA,NA,NA,NA,NA,NA,NA,NA,154.552,147.608,125.005,149.936,152.221,129.954,155.299,182.495,151.455,173.902,NA,NA,NA,NA,NA,NA,NA,NA,NA,NA,NA,NA,NA,NA,NA,NA,NA,NA,NA,NA,NA,NA,NA,NA,NA,NA,NA,NA,NA,NA,NA,NA,NA,NA,NA,NA,NA,NA,NA,NA,NA,NA,NA,NA,NA,NA,NA,NA,NA,NA,NA,NA,NA,NA,NA,NA,NA,NA,NA,NA,NA,NA,NA,NA,NA,NA,NA,NA,NA,NA
"790",39.45,NA,NA,NA,NA,NA,NA,NA,NA,NA,NA,NA,NA,NA,NA,NA,NA,NA,NA,NA,NA,191.753,191.547,220.626,191.575,189.397,206.082,207.437,225.602,203.31,195.327,NA,NA,NA,NA,NA,NA,NA,NA,NA,NA,NA,NA,NA,NA,NA,NA,NA,NA,NA,NA,154.471,148.737,125.393,148.527,150.898,129.929,155.394,182.313,150.501,173.842,NA,NA,NA,NA,NA,NA,NA,NA,NA,NA,NA,NA,NA,NA,NA,NA,NA,NA,NA,NA,NA,NA,NA,NA,NA,NA,NA,NA,NA,NA,NA,NA,NA,NA,NA,NA,NA,NA,NA,NA,NA,NA,NA,NA,NA,NA,NA,NA,NA,NA,NA,NA,NA,NA,NA,NA,NA,NA,NA,NA,NA,NA,NA,NA,NA,NA,NA,NA,NA,NA
"791",39.5,NA,NA,NA,NA,NA,NA,NA,NA,NA,NA,NA,NA,NA,NA,NA,NA,NA,NA,NA,NA,191.683,190.282,219.758,191.214,188.501,206.129,207.428,225.978,203.061,195.36,NA,NA,NA,NA,NA,NA,NA,NA,NA,NA,NA,NA,NA,NA,NA,NA,NA,NA,NA,NA,154.436,147.671,125.004,149.126,151.023,130.007,155.328,182.378,151.435,173.872,NA,NA,NA,NA,NA,NA,NA,NA,NA,NA,NA,NA,NA,NA,NA,NA,NA,NA,NA,NA,NA,NA,NA,NA,NA,NA,NA,NA,NA,NA,NA,NA,NA,NA,NA,NA,NA,NA,NA,NA,NA,NA,NA,NA,NA,NA,NA,NA,NA,NA,NA,NA,NA,NA,NA,NA,NA,NA,NA,NA,NA,NA,NA,NA,NA,NA,NA,NA,NA,NA
"792",39.55,NA,NA,NA,NA,NA,NA,NA,NA,NA,NA,NA,NA,NA,NA,NA,NA,NA,NA,NA,NA,191.724,191.043,221.044,190.652,186.963,206.047,207.47,225.098,203.995,195.252,NA,NA,NA,NA,NA,NA,NA,NA,NA,NA,NA,NA,NA,NA,NA,NA,NA,NA,NA,NA,154.419,148.518,125.543,149.276,152.229,129.975,155.426,182.133,150.525,173.841,NA,NA,NA,NA,NA,NA,NA,NA,NA,NA,NA,NA,NA,NA,NA,NA,NA,NA,NA,NA,NA,NA,NA,NA,NA,NA,NA,NA,NA,NA,NA,NA,NA,NA,NA,NA,NA,NA,NA,NA,NA,NA,NA,NA,NA,NA,NA,NA,NA,NA,NA,NA,NA,NA,NA,NA,NA,NA,NA,NA,NA,NA,NA,NA,NA,NA,NA,NA,NA,NA
"793",39.6,NA,NA,NA,NA,NA,NA,NA,NA,NA,NA,NA,NA,NA,NA,NA,NA,NA,NA,NA,NA,191.737,189.884,219.59,190.489,186.842,206.052,207.568,225.461,203.105,195.311,NA,NA,NA,NA,NA,NA,NA,NA,NA,NA,NA,NA,NA,NA,NA,NA,NA,NA,NA,NA,154.411,147.403,125.111,149.184,151.339,129.889,155.162,181.879,150.764,173.747,NA,NA,NA,NA,NA,NA,NA,NA,NA,NA,NA,NA,NA,NA,NA,NA,NA,NA,NA,NA,NA,NA,NA,NA,NA,NA,NA,NA,NA,NA,NA,NA,NA,NA,NA,NA,NA,NA,NA,NA,NA,NA,NA,NA,NA,NA,NA,NA,NA,NA,NA,NA,NA,NA,NA,NA,NA,NA,NA,NA,NA,NA,NA,NA,NA,NA,NA,NA,NA,NA
"794",39.65,NA,NA,NA,NA,NA,NA,NA,NA,NA,NA,NA,NA,NA,NA,NA,NA,NA,NA,NA,NA,191.872,190.169,219.482,190.381,188.02,206.17,207.481,223.729,202.659,195.473,NA,NA,NA,NA,NA,NA,NA,NA,NA,NA,NA,NA,NA,NA,NA,NA,NA,NA,NA,NA,154.42,147.731,124.753,150.232,153.054,129.871,155.28,181.807,151.263,173.826,NA,NA,NA,NA,NA,NA,NA,NA,NA,NA,NA,NA,NA,NA,NA,NA,NA,NA,NA,NA,NA,NA,NA,NA,NA,NA,NA,NA,NA,NA,NA,NA,NA,NA,NA,NA,NA,NA,NA,NA,NA,NA,NA,NA,NA,NA,NA,NA,NA,NA,NA,NA,NA,NA,NA,NA,NA,NA,NA,NA,NA,NA,NA,NA,NA,NA,NA,NA,NA,NA
"795",39.7,NA,NA,NA,NA,NA,NA,NA,NA,NA,NA,NA,NA,NA,NA,NA,NA,NA,NA,NA,NA,191.894,189.7,221.339,191.245,187.066,206.011,207.484,225.023,202.846,195.411,NA,NA,NA,NA,NA,NA,NA,NA,NA,NA,NA,NA,NA,NA,NA,NA,NA,NA,NA,NA,154.369,148.006,124.521,150.009,151.3,129.918,155.49,183,150.578,173.88,NA,NA,NA,NA,NA,NA,NA,NA,NA,NA,NA,NA,NA,NA,NA,NA,NA,NA,NA,NA,NA,NA,NA,NA,NA,NA,NA,NA,NA,NA,NA,NA,NA,NA,NA,NA,NA,NA,NA,NA,NA,NA,NA,NA,NA,NA,NA,NA,NA,NA,NA,NA,NA,NA,NA,NA,NA,NA,NA,NA,NA,NA,NA,NA,NA,NA,NA,NA,NA,NA
"796",39.75,NA,NA,NA,NA,NA,NA,NA,NA,NA,NA,NA,NA,NA,NA,NA,NA,NA,NA,NA,NA,191.837,189.926,219.157,191.732,188.695,206.052,207.231,225.706,202.771,195.343,NA,NA,NA,NA,NA,NA,NA,NA,NA,NA,NA,NA,NA,NA,NA,NA,NA,NA,NA,NA,154.402,147.883,124.846,149.191,152.302,129.836,155.357,181.836,150.899,173.845,NA,NA,NA,NA,NA,NA,NA,NA,NA,NA,NA,NA,NA,NA,NA,NA,NA,NA,NA,NA,NA,NA,NA,NA,NA,NA,NA,NA,NA,NA,NA,NA,NA,NA,NA,NA,NA,NA,NA,NA,NA,NA,NA,NA,NA,NA,NA,NA,NA,NA,NA,NA,NA,NA,NA,NA,NA,NA,NA,NA,NA,NA,NA,NA,NA,NA,NA,NA,NA,NA
"797",39.8,NA,NA,NA,NA,NA,NA,NA,NA,NA,NA,NA,NA,NA,NA,NA,NA,NA,NA,NA,NA,191.899,191.009,219.611,191.639,188.321,206.028,207.265,224.516,203.798,195.361,NA,NA,NA,NA,NA,NA,NA,NA,NA,NA,NA,NA,NA,NA,NA,NA,NA,NA,NA,NA,154.425,148.901,125.266,148.871,150.902,129.891,155.366,182.363,151.029,173.811,NA,NA,NA,NA,NA,NA,NA,NA,NA,NA,NA,NA,NA,NA,NA,NA,NA,NA,NA,NA,NA,NA,NA,NA,NA,NA,NA,NA,NA,NA,NA,NA,NA,NA,NA,NA,NA,NA,NA,NA,NA,NA,NA,NA,NA,NA,NA,NA,NA,NA,NA,NA,NA,NA,NA,NA,NA,NA,NA,NA,NA,NA,NA,NA,NA,NA,NA,NA,NA,NA
"798",39.85,NA,NA,NA,NA,NA,NA,NA,NA,NA,NA,NA,NA,NA,NA,NA,NA,NA,NA,NA,NA,192.021,190.419,219.998,192.03,188.857,206.085,207.539,225.435,202.724,195.289,NA,NA,NA,NA,NA,NA,NA,NA,NA,NA,NA,NA,NA,NA,NA,NA,NA,NA,NA,NA,154.38,148.22,125.001,148.779,150.265,129.93,155.376,181.943,150.15,173.836,NA,NA,NA,NA,NA,NA,NA,NA,NA,NA,NA,NA,NA,NA,NA,NA,NA,NA,NA,NA,NA,NA,NA,NA,NA,NA,NA,NA,NA,NA,NA,NA,NA,NA,NA,NA,NA,NA,NA,NA,NA,NA,NA,NA,NA,NA,NA,NA,NA,NA,NA,NA,NA,NA,NA,NA,NA,NA,NA,NA,NA,NA,NA,NA,NA,NA,NA,NA,NA,NA
"799",39.9,NA,NA,NA,NA,NA,NA,NA,NA,NA,NA,NA,NA,NA,NA,NA,NA,NA,NA,NA,NA,192.11,191.175,219.422,191.12,186.647,206.171,207.354,223.548,202.821,195.309,NA,NA,NA,NA,NA,NA,NA,NA,NA,NA,NA,NA,NA,NA,NA,NA,NA,NA,NA,NA,154.453,148.372,125.052,149.135,152.597,129.736,155.414,181.811,150.864,173.906,NA,NA,NA,NA,NA,NA,NA,NA,NA,NA,NA,NA,NA,NA,NA,NA,NA,NA,NA,NA,NA,NA,NA,NA,NA,NA,NA,NA,NA,NA,NA,NA,NA,NA,NA,NA,NA,NA,NA,NA,NA,NA,NA,NA,NA,NA,NA,NA,NA,NA,NA,NA,NA,NA,NA,NA,NA,NA,NA,NA,NA,NA,NA,NA,NA,NA,NA,NA,NA,NA
"800",39.95,NA,NA,NA,NA,NA,NA,NA,NA,NA,NA,NA,NA,NA,NA,NA,NA,NA,NA,NA,NA,192.076,190.965,222.228,191.629,186.73,206.242,207.46,225.246,202.572,195.189,NA,NA,NA,NA,NA,NA,NA,NA,NA,NA,NA,NA,NA,NA,NA,NA,NA,NA,NA,NA,154.337,148.341,124.901,149.1,151.561,129.737,155.373,182.575,150.815,173.838,NA,NA,NA,NA,NA,NA,NA,NA,NA,NA,NA,NA,NA,NA,NA,NA,NA,NA,NA,NA,NA,NA,NA,NA,NA,NA,NA,NA,NA,NA,NA,NA,NA,NA,NA,NA,NA,NA,NA,NA,NA,NA,NA,NA,NA,NA,NA,NA,NA,NA,NA,NA,NA,NA,NA,NA,NA,NA,NA,NA,NA,NA,NA,NA,NA,NA,NA,NA,NA,NA
"801",40,NA,NA,NA,NA,NA,NA,NA,NA,NA,NA,NA,NA,NA,NA,NA,NA,NA,NA,NA,NA,192.11,190.971,221.59,191.248,189.718,206.07,207.516,225.236,203.231,195.443,NA,NA,NA,NA,NA,NA,NA,NA,NA,NA,NA,NA,NA,NA,NA,NA,NA,NA,NA,NA,154.232,147.232,124.798,149.304,151.634,129.784,155.441,183.414,151.384,173.752,NA,NA,NA,NA,NA,NA,NA,NA,NA,NA,NA,NA,NA,NA,NA,NA,NA,NA,NA,NA,NA,NA,NA,NA,NA,NA,NA,NA,NA,NA,NA,NA,NA,NA,NA,NA,NA,NA,NA,NA,NA,NA,NA,NA,NA,NA,NA,NA,NA,NA,NA,NA,NA,NA,NA,NA,NA,NA,NA,NA,NA,NA,NA,NA,NA,NA,NA,NA,NA,NA
"802",40.05,NA,NA,NA,NA,NA,NA,NA,NA,NA,NA,NA,NA,NA,NA,NA,NA,NA,NA,NA,NA,192.061,189.337,218.839,191.674,187.313,206.011,207.381,225.943,202.642,195.304,NA,NA,NA,NA,NA,NA,NA,NA,NA,NA,NA,NA,NA,NA,NA,NA,NA,NA,NA,NA,154.301,148.977,125.438,149.684,150.796,129.793,155.465,182.976,151.428,173.781,NA,NA,NA,NA,NA,NA,NA,NA,NA,NA,NA,NA,NA,NA,NA,NA,NA,NA,NA,NA,NA,NA,NA,NA,NA,NA,NA,NA,NA,NA,NA,NA,NA,NA,NA,NA,NA,NA,NA,NA,NA,NA,NA,NA,NA,NA,NA,NA,NA,NA,NA,NA,NA,NA,NA,NA,NA,NA,NA,NA,NA,NA,NA,NA,NA,NA,NA,NA,NA,NA
"803",40.1,NA,NA,NA,NA,NA,NA,NA,NA,NA,NA,NA,NA,NA,NA,NA,NA,NA,NA,NA,NA,192.115,191.165,220.614,190.676,188.151,206.059,207.341,226.109,203.408,195.378,NA,NA,NA,NA,NA,NA,NA,NA,NA,NA,NA,NA,NA,NA,NA,NA,NA,NA,NA,NA,154.322,148.006,124.523,149.4,150.745,129.724,155.394,183.124,151.031,173.761,NA,NA,NA,NA,NA,NA,NA,NA,NA,NA,NA,NA,NA,NA,NA,NA,NA,NA,NA,NA,NA,NA,NA,NA,NA,NA,NA,NA,NA,NA,NA,NA,NA,NA,NA,NA,NA,NA,NA,NA,NA,NA,NA,NA,NA,NA,NA,NA,NA,NA,NA,NA,NA,NA,NA,NA,NA,NA,NA,NA,NA,NA,NA,NA,NA,NA,NA,NA,NA,NA
"804",40.15,NA,NA,NA,NA,NA,NA,NA,NA,NA,NA,NA,NA,NA,NA,NA,NA,NA,NA,NA,NA,192.231,190.454,219.994,190.774,189.613,206.064,207.612,224.927,203.057,195.348,NA,NA,NA,NA,NA,NA,NA,NA,NA,NA,NA,NA,NA,NA,NA,NA,NA,NA,NA,NA,154.264,148.799,124.652,149.329,152.029,129.76,155.411,182.524,151.371,173.84,NA,NA,NA,NA,NA,NA,NA,NA,NA,NA,NA,NA,NA,NA,NA,NA,NA,NA,NA,NA,NA,NA,NA,NA,NA,NA,NA,NA,NA,NA,NA,NA,NA,NA,NA,NA,NA,NA,NA,NA,NA,NA,NA,NA,NA,NA,NA,NA,NA,NA,NA,NA,NA,NA,NA,NA,NA,NA,NA,NA,NA,NA,NA,NA,NA,NA,NA,NA,NA,NA
"805",40.2,NA,NA,NA,NA,NA,NA,NA,NA,NA,NA,NA,NA,NA,NA,NA,NA,NA,NA,NA,NA,192.183,192.061,218.685,190.894,189.574,206.106,207.609,226.17,203.506,195.306,NA,NA,NA,NA,NA,NA,NA,NA,NA,NA,NA,NA,NA,NA,NA,NA,NA,NA,NA,NA,154.299,147.597,124.785,148.399,150.245,129.763,155.373,182.248,151.254,173.785,NA,NA,NA,NA,NA,NA,NA,NA,NA,NA,NA,NA,NA,NA,NA,NA,NA,NA,NA,NA,NA,NA,NA,NA,NA,NA,NA,NA,NA,NA,NA,NA,NA,NA,NA,NA,NA,NA,NA,NA,NA,NA,NA,NA,NA,NA,NA,NA,NA,NA,NA,NA,NA,NA,NA,NA,NA,NA,NA,NA,NA,NA,NA,NA,NA,NA,NA,NA,NA,NA
"806",40.25,NA,NA,NA,NA,NA,NA,NA,NA,NA,NA,NA,NA,NA,NA,NA,NA,NA,NA,NA,NA,192.175,191.176,220.679,192.247,186.478,206.309,207.476,224.684,202.56,195.55,NA,NA,NA,NA,NA,NA,NA,NA,NA,NA,NA,NA,NA,NA,NA,NA,NA,NA,NA,NA,154.179,148.197,124.725,149.658,151.222,129.629,155.41,181.906,150.931,173.79,NA,NA,NA,NA,NA,NA,NA,NA,NA,NA,NA,NA,NA,NA,NA,NA,NA,NA,NA,NA,NA,NA,NA,NA,NA,NA,NA,NA,NA,NA,NA,NA,NA,NA,NA,NA,NA,NA,NA,NA,NA,NA,NA,NA,NA,NA,NA,NA,NA,NA,NA,NA,NA,NA,NA,NA,NA,NA,NA,NA,NA,NA,NA,NA,NA,NA,NA,NA,NA,NA
"807",40.3,NA,NA,NA,NA,NA,NA,NA,NA,NA,NA,NA,NA,NA,NA,NA,NA,NA,NA,NA,NA,192.201,191.394,220.895,191.446,188.167,206.049,207.448,225.375,203.352,195.57,NA,NA,NA,NA,NA,NA,NA,NA,NA,NA,NA,NA,NA,NA,NA,NA,NA,NA,NA,NA,154.112,148.206,124.408,149.666,151.804,129.661,155.446,182.261,151.335,173.781,NA,NA,NA,NA,NA,NA,NA,NA,NA,NA,NA,NA,NA,NA,NA,NA,NA,NA,NA,NA,NA,NA,NA,NA,NA,NA,NA,NA,NA,NA,NA,NA,NA,NA,NA,NA,NA,NA,NA,NA,NA,NA,NA,NA,NA,NA,NA,NA,NA,NA,NA,NA,NA,NA,NA,NA,NA,NA,NA,NA,NA,NA,NA,NA,NA,NA,NA,NA,NA,NA
"808",40.35,NA,NA,NA,NA,NA,NA,NA,NA,NA,NA,NA,NA,NA,NA,NA,NA,NA,NA,NA,NA,192.36,190.712,220.939,191.142,189.063,205.982,207.472,224.856,203.302,195.268,NA,NA,NA,NA,NA,NA,NA,NA,NA,NA,NA,NA,NA,NA,NA,NA,NA,NA,NA,NA,154.249,148.351,124.546,149.777,152.419,129.691,155.326,183.391,150.745,173.88,NA,NA,NA,NA,NA,NA,NA,NA,NA,NA,NA,NA,NA,NA,NA,NA,NA,NA,NA,NA,NA,NA,NA,NA,NA,NA,NA,NA,NA,NA,NA,NA,NA,NA,NA,NA,NA,NA,NA,NA,NA,NA,NA,NA,NA,NA,NA,NA,NA,NA,NA,NA,NA,NA,NA,NA,NA,NA,NA,NA,NA,NA,NA,NA,NA,NA,NA,NA,NA,NA
"809",40.4,NA,NA,NA,NA,NA,NA,NA,NA,NA,NA,NA,NA,NA,NA,NA,NA,NA,NA,NA,NA,192.11,192.028,220.995,190.24,189.372,205.972,207.423,225.742,204.346,195.338,NA,NA,NA,NA,NA,NA,NA,NA,NA,NA,NA,NA,NA,NA,NA,NA,NA,NA,NA,NA,154.184,148.698,125.479,149.385,151.54,129.588,155.434,182.655,150.892,173.704,NA,NA,NA,NA,NA,NA,NA,NA,NA,NA,NA,NA,NA,NA,NA,NA,NA,NA,NA,NA,NA,NA,NA,NA,NA,NA,NA,NA,NA,NA,NA,NA,NA,NA,NA,NA,NA,NA,NA,NA,NA,NA,NA,NA,NA,NA,NA,NA,NA,NA,NA,NA,NA,NA,NA,NA,NA,NA,NA,NA,NA,NA,NA,NA,NA,NA,NA,NA,NA,NA
"810",40.45,NA,NA,NA,NA,NA,NA,NA,NA,NA,NA,NA,NA,NA,NA,NA,NA,NA,NA,NA,NA,192.204,190.086,219.204,191.717,188.536,206.026,207.399,224.327,202.527,195.339,NA,NA,NA,NA,NA,NA,NA,NA,NA,NA,NA,NA,NA,NA,NA,NA,NA,NA,NA,NA,154.185,148.374,124.6,149.386,152.354,129.671,155.413,182.777,151.004,173.742,NA,NA,NA,NA,NA,NA,NA,NA,NA,NA,NA,NA,NA,NA,NA,NA,NA,NA,NA,NA,NA,NA,NA,NA,NA,NA,NA,NA,NA,NA,NA,NA,NA,NA,NA,NA,NA,NA,NA,NA,NA,NA,NA,NA,NA,NA,NA,NA,NA,NA,NA,NA,NA,NA,NA,NA,NA,NA,NA,NA,NA,NA,NA,NA,NA,NA,NA,NA,NA,NA
"811",40.5,NA,NA,NA,NA,NA,NA,NA,NA,NA,NA,NA,NA,NA,NA,NA,NA,NA,NA,NA,NA,192.234,190.235,219.119,190.171,187.827,205.952,207.347,223.68,202.858,195.394,NA,NA,NA,NA,NA,NA,NA,NA,NA,NA,NA,NA,NA,NA,NA,NA,NA,NA,NA,NA,154.264,147.423,125.27,149.3,150.444,129.601,155.4,182.364,151.286,173.713,NA,NA,NA,NA,NA,NA,NA,NA,NA,NA,NA,NA,NA,NA,NA,NA,NA,NA,NA,NA,NA,NA,NA,NA,NA,NA,NA,NA,NA,NA,NA,NA,NA,NA,NA,NA,NA,NA,NA,NA,NA,NA,NA,NA,NA,NA,NA,NA,NA,NA,NA,NA,NA,NA,NA,NA,NA,NA,NA,NA,NA,NA,NA,NA,NA,NA,NA,NA,NA,NA
"812",40.55,NA,NA,NA,NA,NA,NA,NA,NA,NA,NA,NA,NA,NA,NA,NA,NA,NA,NA,NA,NA,192.285,191.123,219.858,191.63,188.017,206.052,207.375,226.31,204.036,195.375,NA,NA,NA,NA,NA,NA,NA,NA,NA,NA,NA,NA,NA,NA,NA,NA,NA,NA,NA,NA,154.093,148.886,124.87,149.647,152.111,129.633,155.374,181.706,150.672,173.835,NA,NA,NA,NA,NA,NA,NA,NA,NA,NA,NA,NA,NA,NA,NA,NA,NA,NA,NA,NA,NA,NA,NA,NA,NA,NA,NA,NA,NA,NA,NA,NA,NA,NA,NA,NA,NA,NA,NA,NA,NA,NA,NA,NA,NA,NA,NA,NA,NA,NA,NA,NA,NA,NA,NA,NA,NA,NA,NA,NA,NA,NA,NA,NA,NA,NA,NA,NA,NA,NA
"813",40.6,NA,NA,NA,NA,NA,NA,NA,NA,NA,NA,NA,NA,NA,NA,NA,NA,NA,NA,NA,NA,192.351,191.614,219.612,191.593,188.178,205.956,207.421,225.295,202.66,195.39,NA,NA,NA,NA,NA,NA,NA,NA,NA,NA,NA,NA,NA,NA,NA,NA,NA,NA,NA,NA,154.157,149.213,124.642,149.81,151.737,129.522,155.361,181.317,151.246,173.866,NA,NA,NA,NA,NA,NA,NA,NA,NA,NA,NA,NA,NA,NA,NA,NA,NA,NA,NA,NA,NA,NA,NA,NA,NA,NA,NA,NA,NA,NA,NA,NA,NA,NA,NA,NA,NA,NA,NA,NA,NA,NA,NA,NA,NA,NA,NA,NA,NA,NA,NA,NA,NA,NA,NA,NA,NA,NA,NA,NA,NA,NA,NA,NA,NA,NA,NA,NA,NA,NA
"814",40.65,NA,NA,NA,NA,NA,NA,NA,NA,NA,NA,NA,NA,NA,NA,NA,NA,NA,NA,NA,NA,192.35,192.983,220.476,191.735,189.16,206.114,207.648,225.106,202.887,195.213,NA,NA,NA,NA,NA,NA,NA,NA,NA,NA,NA,NA,NA,NA,NA,NA,NA,NA,NA,NA,154.137,147.96,125.229,149.473,151.906,129.585,155.439,182.18,151.613,173.64,NA,NA,NA,NA,NA,NA,NA,NA,NA,NA,NA,NA,NA,NA,NA,NA,NA,NA,NA,NA,NA,NA,NA,NA,NA,NA,NA,NA,NA,NA,NA,NA,NA,NA,NA,NA,NA,NA,NA,NA,NA,NA,NA,NA,NA,NA,NA,NA,NA,NA,NA,NA,NA,NA,NA,NA,NA,NA,NA,NA,NA,NA,NA,NA,NA,NA,NA,NA,NA,NA
"815",40.7,NA,NA,NA,NA,NA,NA,NA,NA,NA,NA,NA,NA,NA,NA,NA,NA,NA,NA,NA,NA,192.33,191.253,221.093,191.052,187.155,206.097,207.334,224.051,202.772,195.357,NA,NA,NA,NA,NA,NA,NA,NA,NA,NA,NA,NA,NA,NA,NA,NA,NA,NA,NA,NA,154.109,148.109,124.647,149.992,151.487,129.563,155.403,182.787,150.981,173.919,NA,NA,NA,NA,NA,NA,NA,NA,NA,NA,NA,NA,NA,NA,NA,NA,NA,NA,NA,NA,NA,NA,NA,NA,NA,NA,NA,NA,NA,NA,NA,NA,NA,NA,NA,NA,NA,NA,NA,NA,NA,NA,NA,NA,NA,NA,NA,NA,NA,NA,NA,NA,NA,NA,NA,NA,NA,NA,NA,NA,NA,NA,NA,NA,NA,NA,NA,NA,NA,NA
"816",40.75,NA,NA,NA,NA,NA,NA,NA,NA,NA,NA,NA,NA,NA,NA,NA,NA,NA,NA,NA,NA,192.309,191.62,220.045,191.793,189.336,205.983,207.569,225.224,202.66,195.373,NA,NA,NA,NA,NA,NA,NA,NA,NA,NA,NA,NA,NA,NA,NA,NA,NA,NA,NA,NA,154.113,148.51,124.273,148.991,152.551,NA,NA,NA,NA,NA,NA,NA,NA,NA,NA,NA,NA,NA,NA,NA,NA,NA,NA,NA,NA,NA,NA,NA,NA,NA,NA,NA,NA,NA,NA,NA,NA,NA,NA,NA,NA,NA,NA,NA,NA,NA,NA,NA,NA,NA,NA,NA,NA,NA,NA,NA,NA,NA,NA,NA,NA,NA,NA,NA,NA,NA,NA,NA,NA,NA,NA,NA,NA,NA,NA,NA,NA,NA,NA,NA
"817",40.8,NA,NA,NA,NA,NA,NA,NA,NA,NA,NA,NA,NA,NA,NA,NA,NA,NA,NA,NA,NA,192.394,192.005,221.537,191.576,187.506,206.234,207.393,224.839,202.27,195.391,NA,NA,NA,NA,NA,NA,NA,NA,NA,NA,NA,NA,NA,NA,NA,NA,NA,NA,NA,NA,154.112,NA,NA,NA,NA,NA,NA,NA,NA,NA,NA,NA,NA,NA,NA,NA,NA,NA,NA,NA,NA,NA,NA,NA,NA,NA,NA,NA,NA,NA,NA,NA,NA,NA,NA,NA,NA,NA,NA,NA,NA,NA,NA,NA,NA,NA,NA,NA,NA,NA,NA,NA,NA,NA,NA,NA,NA,NA,NA,NA,NA,NA,NA,NA,NA,NA,NA,NA,NA,NA,NA,NA,NA,NA,NA,NA,NA,NA,NA,NA
"818",40.85,NA,NA,NA,NA,NA,NA,NA,NA,NA,NA,NA,NA,NA,NA,NA,NA,NA,NA,NA,NA,192.532,192.313,219.579,191.441,188.768,206.036,207.648,222.53,203.373,195.358,NA,NA,NA,NA,NA,NA,NA,NA,NA,NA,NA,NA,NA,NA,NA,NA,NA,NA,NA,NA,NA,NA,NA,NA,NA,NA,NA,NA,NA,NA,NA,NA,NA,NA,NA,NA,NA,NA,NA,NA,NA,NA,NA,NA,NA,NA,NA,NA,NA,NA,NA,NA,NA,NA,NA,NA,NA,NA,NA,NA,NA,NA,NA,NA,NA,NA,NA,NA,NA,NA,NA,NA,NA,NA,NA,NA,NA,NA,NA,NA,NA,NA,NA,NA,NA,NA,NA,NA,NA,NA,NA,NA,NA,NA,NA,NA,NA,NA,NA,NA
"819",40.9,NA,NA,NA,NA,NA,NA,NA,NA,NA,NA,NA,NA,NA,NA,NA,NA,NA,NA,NA,NA,192.583,191.457,219.797,191.194,186.156,206.129,207.338,223.407,203.078,195.34,NA,NA,NA,NA,NA,NA,NA,NA,NA,NA,NA,NA,NA,NA,NA,NA,NA,NA,NA,NA,NA,NA,NA,NA,NA,NA,NA,NA,NA,NA,NA,NA,NA,NA,NA,NA,NA,NA,NA,NA,NA,NA,NA,NA,NA,NA,NA,NA,NA,NA,NA,NA,NA,NA,NA,NA,NA,NA,NA,NA,NA,NA,NA,NA,NA,NA,NA,NA,NA,NA,NA,NA,NA,NA,NA,NA,NA,NA,NA,NA,NA,NA,NA,NA,NA,NA,NA,NA,NA,NA,NA,NA,NA,NA,NA,NA,NA,NA,NA,NA
"820",40.95,NA,NA,NA,NA,NA,NA,NA,NA,NA,NA,NA,NA,NA,NA,NA,NA,NA,NA,NA,NA,192.546,190.118,220.326,192.33,185.89,206.113,207.377,225.493,203.04,195.451,NA,NA,NA,NA,NA,NA,NA,NA,NA,NA,NA,NA,NA,NA,NA,NA,NA,NA,NA,NA,NA,NA,NA,NA,NA,NA,NA,NA,NA,NA,NA,NA,NA,NA,NA,NA,NA,NA,NA,NA,NA,NA,NA,NA,NA,NA,NA,NA,NA,NA,NA,NA,NA,NA,NA,NA,NA,NA,NA,NA,NA,NA,NA,NA,NA,NA,NA,NA,NA,NA,NA,NA,NA,NA,NA,NA,NA,NA,NA,NA,NA,NA,NA,NA,NA,NA,NA,NA,NA,NA,NA,NA,NA,NA,NA,NA,NA,NA,NA,NA
"821",41,NA,NA,NA,NA,NA,NA,NA,NA,NA,NA,NA,NA,NA,NA,NA,NA,NA,NA,NA,NA,192.529,191.472,219.477,190.508,188.092,206.008,207.382,223.728,203.776,195.453,NA,NA,NA,NA,NA,NA,NA,NA,NA,NA,NA,NA,NA,NA,NA,NA,NA,NA,NA,NA,NA,NA,NA,NA,NA,NA,NA,NA,NA,NA,NA,NA,NA,NA,NA,NA,NA,NA,NA,NA,NA,NA,NA,NA,NA,NA,NA,NA,NA,NA,NA,NA,NA,NA,NA,NA,NA,NA,NA,NA,NA,NA,NA,NA,NA,NA,NA,NA,NA,NA,NA,NA,NA,NA,NA,NA,NA,NA,NA,NA,NA,NA,NA,NA,NA,NA,NA,NA,NA,NA,NA,NA,NA,NA,NA,NA,NA,NA,NA,NA
"822",41.05,NA,NA,NA,NA,NA,NA,NA,NA,NA,NA,NA,NA,NA,NA,NA,NA,NA,NA,NA,NA,192.575,192.744,218.301,190.9,187.012,205.969,207.563,225.309,202.237,195.222,NA,NA,NA,NA,NA,NA,NA,NA,NA,NA,NA,NA,NA,NA,NA,NA,NA,NA,NA,NA,NA,NA,NA,NA,NA,NA,NA,NA,NA,NA,NA,NA,NA,NA,NA,NA,NA,NA,NA,NA,NA,NA,NA,NA,NA,NA,NA,NA,NA,NA,NA,NA,NA,NA,NA,NA,NA,NA,NA,NA,NA,NA,NA,NA,NA,NA,NA,NA,NA,NA,NA,NA,NA,NA,NA,NA,NA,NA,NA,NA,NA,NA,NA,NA,NA,NA,NA,NA,NA,NA,NA,NA,NA,NA,NA,NA,NA,NA,NA,NA
"823",41.1,NA,NA,NA,NA,NA,NA,NA,NA,NA,NA,NA,NA,NA,NA,NA,NA,NA,NA,NA,NA,192.613,191.335,220.064,191.431,187.201,205.899,207.289,224.81,202.608,195.372,NA,NA,NA,NA,NA,NA,NA,NA,NA,NA,NA,NA,NA,NA,NA,NA,NA,NA,NA,NA,NA,NA,NA,NA,NA,NA,NA,NA,NA,NA,NA,NA,NA,NA,NA,NA,NA,NA,NA,NA,NA,NA,NA,NA,NA,NA,NA,NA,NA,NA,NA,NA,NA,NA,NA,NA,NA,NA,NA,NA,NA,NA,NA,NA,NA,NA,NA,NA,NA,NA,NA,NA,NA,NA,NA,NA,NA,NA,NA,NA,NA,NA,NA,NA,NA,NA,NA,NA,NA,NA,NA,NA,NA,NA,NA,NA,NA,NA,NA,NA
"824",41.15,NA,NA,NA,NA,NA,NA,NA,NA,NA,NA,NA,NA,NA,NA,NA,NA,NA,NA,NA,NA,192.565,191.411,220.585,191.273,188.073,206.068,207.433,224.118,203.237,195.345,NA,NA,NA,NA,NA,NA,NA,NA,NA,NA,NA,NA,NA,NA,NA,NA,NA,NA,NA,NA,NA,NA,NA,NA,NA,NA,NA,NA,NA,NA,NA,NA,NA,NA,NA,NA,NA,NA,NA,NA,NA,NA,NA,NA,NA,NA,NA,NA,NA,NA,NA,NA,NA,NA,NA,NA,NA,NA,NA,NA,NA,NA,NA,NA,NA,NA,NA,NA,NA,NA,NA,NA,NA,NA,NA,NA,NA,NA,NA,NA,NA,NA,NA,NA,NA,NA,NA,NA,NA,NA,NA,NA,NA,NA,NA,NA,NA,NA,NA,NA
"825",41.2,NA,NA,NA,NA,NA,NA,NA,NA,NA,NA,NA,NA,NA,NA,NA,NA,NA,NA,NA,NA,192.497,191.106,219.85,190.625,186.555,206.162,207.524,223.66,204.181,195.363,NA,NA,NA,NA,NA,NA,NA,NA,NA,NA,NA,NA,NA,NA,NA,NA,NA,NA,NA,NA,NA,NA,NA,NA,NA,NA,NA,NA,NA,NA,NA,NA,NA,NA,NA,NA,NA,NA,NA,NA,NA,NA,NA,NA,NA,NA,NA,NA,NA,NA,NA,NA,NA,NA,NA,NA,NA,NA,NA,NA,NA,NA,NA,NA,NA,NA,NA,NA,NA,NA,NA,NA,NA,NA,NA,NA,NA,NA,NA,NA,NA,NA,NA,NA,NA,NA,NA,NA,NA,NA,NA,NA,NA,NA,NA,NA,NA,NA,NA,NA
"826",41.25,NA,NA,NA,NA,NA,NA,NA,NA,NA,NA,NA,NA,NA,NA,NA,NA,NA,NA,NA,NA,192.626,191.261,220.057,191.616,185.212,205.833,207.512,226.326,203,195.399,NA,NA,NA,NA,NA,NA,NA,NA,NA,NA,NA,NA,NA,NA,NA,NA,NA,NA,NA,NA,NA,NA,NA,NA,NA,NA,NA,NA,NA,NA,NA,NA,NA,NA,NA,NA,NA,NA,NA,NA,NA,NA,NA,NA,NA,NA,NA,NA,NA,NA,NA,NA,NA,NA,NA,NA,NA,NA,NA,NA,NA,NA,NA,NA,NA,NA,NA,NA,NA,NA,NA,NA,NA,NA,NA,NA,NA,NA,NA,NA,NA,NA,NA,NA,NA,NA,NA,NA,NA,NA,NA,NA,NA,NA,NA,NA,NA,NA,NA,NA
"827",41.3,NA,NA,NA,NA,NA,NA,NA,NA,NA,NA,NA,NA,NA,NA,NA,NA,NA,NA,NA,NA,192.697,191.795,219.097,192.298,187.34,205.94,207.461,223.631,202.183,195.25,NA,NA,NA,NA,NA,NA,NA,NA,NA,NA,NA,NA,NA,NA,NA,NA,NA,NA,NA,NA,NA,NA,NA,NA,NA,NA,NA,NA,NA,NA,NA,NA,NA,NA,NA,NA,NA,NA,NA,NA,NA,NA,NA,NA,NA,NA,NA,NA,NA,NA,NA,NA,NA,NA,NA,NA,NA,NA,NA,NA,NA,NA,NA,NA,NA,NA,NA,NA,NA,NA,NA,NA,NA,NA,NA,NA,NA,NA,NA,NA,NA,NA,NA,NA,NA,NA,NA,NA,NA,NA,NA,NA,NA,NA,NA,NA,NA,NA,NA,NA
"828",41.35,NA,NA,NA,NA,NA,NA,NA,NA,NA,NA,NA,NA,NA,NA,NA,NA,NA,NA,NA,NA,192.67,192.121,219.732,191.378,187.801,205.95,207.389,225.915,203.906,195.244,NA,NA,NA,NA,NA,NA,NA,NA,NA,NA,NA,NA,NA,NA,NA,NA,NA,NA,NA,NA,NA,NA,NA,NA,NA,NA,NA,NA,NA,NA,NA,NA,NA,NA,NA,NA,NA,NA,NA,NA,NA,NA,NA,NA,NA,NA,NA,NA,NA,NA,NA,NA,NA,NA,NA,NA,NA,NA,NA,NA,NA,NA,NA,NA,NA,NA,NA,NA,NA,NA,NA,NA,NA,NA,NA,NA,NA,NA,NA,NA,NA,NA,NA,NA,NA,NA,NA,NA,NA,NA,NA,NA,NA,NA,NA,NA,NA,NA,NA,NA
"829",41.4,NA,NA,NA,NA,NA,NA,NA,NA,NA,NA,NA,NA,NA,NA,NA,NA,NA,NA,NA,NA,192.807,191.317,219.643,190.728,186.935,206.046,207.519,225.931,202.899,195.35,NA,NA,NA,NA,NA,NA,NA,NA,NA,NA,NA,NA,NA,NA,NA,NA,NA,NA,NA,NA,NA,NA,NA,NA,NA,NA,NA,NA,NA,NA,NA,NA,NA,NA,NA,NA,NA,NA,NA,NA,NA,NA,NA,NA,NA,NA,NA,NA,NA,NA,NA,NA,NA,NA,NA,NA,NA,NA,NA,NA,NA,NA,NA,NA,NA,NA,NA,NA,NA,NA,NA,NA,NA,NA,NA,NA,NA,NA,NA,NA,NA,NA,NA,NA,NA,NA,NA,NA,NA,NA,NA,NA,NA,NA,NA,NA,NA,NA,NA,NA
"830",41.45,NA,NA,NA,NA,NA,NA,NA,NA,NA,NA,NA,NA,NA,NA,NA,NA,NA,NA,NA,NA,192.806,192.184,217.151,191.542,186.466,206.076,207.448,226.387,202.849,195.328,NA,NA,NA,NA,NA,NA,NA,NA,NA,NA,NA,NA,NA,NA,NA,NA,NA,NA,NA,NA,NA,NA,NA,NA,NA,NA,NA,NA,NA,NA,NA,NA,NA,NA,NA,NA,NA,NA,NA,NA,NA,NA,NA,NA,NA,NA,NA,NA,NA,NA,NA,NA,NA,NA,NA,NA,NA,NA,NA,NA,NA,NA,NA,NA,NA,NA,NA,NA,NA,NA,NA,NA,NA,NA,NA,NA,NA,NA,NA,NA,NA,NA,NA,NA,NA,NA,NA,NA,NA,NA,NA,NA,NA,NA,NA,NA,NA,NA,NA,NA
"831",41.5,NA,NA,NA,NA,NA,NA,NA,NA,NA,NA,NA,NA,NA,NA,NA,NA,NA,NA,NA,NA,192.737,192.773,218.878,191.085,188.208,206.011,207.627,223.876,202.811,195.353,NA,NA,NA,NA,NA,NA,NA,NA,NA,NA,NA,NA,NA,NA,NA,NA,NA,NA,NA,NA,NA,NA,NA,NA,NA,NA,NA,NA,NA,NA,NA,NA,NA,NA,NA,NA,NA,NA,NA,NA,NA,NA,NA,NA,NA,NA,NA,NA,NA,NA,NA,NA,NA,NA,NA,NA,NA,NA,NA,NA,NA,NA,NA,NA,NA,NA,NA,NA,NA,NA,NA,NA,NA,NA,NA,NA,NA,NA,NA,NA,NA,NA,NA,NA,NA,NA,NA,NA,NA,NA,NA,NA,NA,NA,NA,NA,NA,NA,NA,NA
"832",41.55,NA,NA,NA,NA,NA,NA,NA,NA,NA,NA,NA,NA,NA,NA,NA,NA,NA,NA,NA,NA,192.928,192.329,217.762,191.54,187.61,206.097,207.436,224.604,202.667,195.254,NA,NA,NA,NA,NA,NA,NA,NA,NA,NA,NA,NA,NA,NA,NA,NA,NA,NA,NA,NA,NA,NA,NA,NA,NA,NA,NA,NA,NA,NA,NA,NA,NA,NA,NA,NA,NA,NA,NA,NA,NA,NA,NA,NA,NA,NA,NA,NA,NA,NA,NA,NA,NA,NA,NA,NA,NA,NA,NA,NA,NA,NA,NA,NA,NA,NA,NA,NA,NA,NA,NA,NA,NA,NA,NA,NA,NA,NA,NA,NA,NA,NA,NA,NA,NA,NA,NA,NA,NA,NA,NA,NA,NA,NA,NA,NA,NA,NA,NA,NA
"833",41.6,NA,NA,NA,NA,NA,NA,NA,NA,NA,NA,NA,NA,NA,NA,NA,NA,NA,NA,NA,NA,192.832,192.185,218.838,190.699,187.544,206.06,207.314,225.003,202.69,195.437,NA,NA,NA,NA,NA,NA,NA,NA,NA,NA,NA,NA,NA,NA,NA,NA,NA,NA,NA,NA,NA,NA,NA,NA,NA,NA,NA,NA,NA,NA,NA,NA,NA,NA,NA,NA,NA,NA,NA,NA,NA,NA,NA,NA,NA,NA,NA,NA,NA,NA,NA,NA,NA,NA,NA,NA,NA,NA,NA,NA,NA,NA,NA,NA,NA,NA,NA,NA,NA,NA,NA,NA,NA,NA,NA,NA,NA,NA,NA,NA,NA,NA,NA,NA,NA,NA,NA,NA,NA,NA,NA,NA,NA,NA,NA,NA,NA,NA,NA,NA
"834",41.65,NA,NA,NA,NA,NA,NA,NA,NA,NA,NA,NA,NA,NA,NA,NA,NA,NA,NA,NA,NA,192.815,192.56,218.168,191.725,187.654,206.016,207.433,225.201,203.154,195.4,NA,NA,NA,NA,NA,NA,NA,NA,NA,NA,NA,NA,NA,NA,NA,NA,NA,NA,NA,NA,NA,NA,NA,NA,NA,NA,NA,NA,NA,NA,NA,NA,NA,NA,NA,NA,NA,NA,NA,NA,NA,NA,NA,NA,NA,NA,NA,NA,NA,NA,NA,NA,NA,NA,NA,NA,NA,NA,NA,NA,NA,NA,NA,NA,NA,NA,NA,NA,NA,NA,NA,NA,NA,NA,NA,NA,NA,NA,NA,NA,NA,NA,NA,NA,NA,NA,NA,NA,NA,NA,NA,NA,NA,NA,NA,NA,NA,NA,NA,NA
"835",41.7,NA,NA,NA,NA,NA,NA,NA,NA,NA,NA,NA,NA,NA,NA,NA,NA,NA,NA,NA,NA,192.769,192.084,219.252,191.562,187.505,206.085,207.453,224.518,202.715,195.237,NA,NA,NA,NA,NA,NA,NA,NA,NA,NA,NA,NA,NA,NA,NA,NA,NA,NA,NA,NA,NA,NA,NA,NA,NA,NA,NA,NA,NA,NA,NA,NA,NA,NA,NA,NA,NA,NA,NA,NA,NA,NA,NA,NA,NA,NA,NA,NA,NA,NA,NA,NA,NA,NA,NA,NA,NA,NA,NA,NA,NA,NA,NA,NA,NA,NA,NA,NA,NA,NA,NA,NA,NA,NA,NA,NA,NA,NA,NA,NA,NA,NA,NA,NA,NA,NA,NA,NA,NA,NA,NA,NA,NA,NA,NA,NA,NA,NA,NA,NA
"836",41.75,NA,NA,NA,NA,NA,NA,NA,NA,NA,NA,NA,NA,NA,NA,NA,NA,NA,NA,NA,NA,192.92,192.464,218.65,190.583,188.135,206.001,207.006,223.976,202.092,195.231,NA,NA,NA,NA,NA,NA,NA,NA,NA,NA,NA,NA,NA,NA,NA,NA,NA,NA,NA,NA,NA,NA,NA,NA,NA,NA,NA,NA,NA,NA,NA,NA,NA,NA,NA,NA,NA,NA,NA,NA,NA,NA,NA,NA,NA,NA,NA,NA,NA,NA,NA,NA,NA,NA,NA,NA,NA,NA,NA,NA,NA,NA,NA,NA,NA,NA,NA,NA,NA,NA,NA,NA,NA,NA,NA,NA,NA,NA,NA,NA,NA,NA,NA,NA,NA,NA,NA,NA,NA,NA,NA,NA,NA,NA,NA,NA,NA,NA,NA,NA
"837",41.8,NA,NA,NA,NA,NA,NA,NA,NA,NA,NA,NA,NA,NA,NA,NA,NA,NA,NA,NA,NA,193.045,193.646,219.038,189.526,188.614,206.021,207.539,224.125,203.334,195.374,NA,NA,NA,NA,NA,NA,NA,NA,NA,NA,NA,NA,NA,NA,NA,NA,NA,NA,NA,NA,NA,NA,NA,NA,NA,NA,NA,NA,NA,NA,NA,NA,NA,NA,NA,NA,NA,NA,NA,NA,NA,NA,NA,NA,NA,NA,NA,NA,NA,NA,NA,NA,NA,NA,NA,NA,NA,NA,NA,NA,NA,NA,NA,NA,NA,NA,NA,NA,NA,NA,NA,NA,NA,NA,NA,NA,NA,NA,NA,NA,NA,NA,NA,NA,NA,NA,NA,NA,NA,NA,NA,NA,NA,NA,NA,NA,NA,NA,NA,NA
"838",41.85,NA,NA,NA,NA,NA,NA,NA,NA,NA,NA,NA,NA,NA,NA,NA,NA,NA,NA,NA,NA,192.938,192.336,219.285,190.807,188.047,206.037,207.276,224.715,203.424,195.267,NA,NA,NA,NA,NA,NA,NA,NA,NA,NA,NA,NA,NA,NA,NA,NA,NA,NA,NA,NA,NA,NA,NA,NA,NA,NA,NA,NA,NA,NA,NA,NA,NA,NA,NA,NA,NA,NA,NA,NA,NA,NA,NA,NA,NA,NA,NA,NA,NA,NA,NA,NA,NA,NA,NA,NA,NA,NA,NA,NA,NA,NA,NA,NA,NA,NA,NA,NA,NA,NA,NA,NA,NA,NA,NA,NA,NA,NA,NA,NA,NA,NA,NA,NA,NA,NA,NA,NA,NA,NA,NA,NA,NA,NA,NA,NA,NA,NA,NA,NA
"839",41.9,NA,NA,NA,NA,NA,NA,NA,NA,NA,NA,NA,NA,NA,NA,NA,NA,NA,NA,NA,NA,192.925,192.08,221.323,191.728,188.952,205.983,207.366,224.69,203.85,195.437,NA,NA,NA,NA,NA,NA,NA,NA,NA,NA,NA,NA,NA,NA,NA,NA,NA,NA,NA,NA,NA,NA,NA,NA,NA,NA,NA,NA,NA,NA,NA,NA,NA,NA,NA,NA,NA,NA,NA,NA,NA,NA,NA,NA,NA,NA,NA,NA,NA,NA,NA,NA,NA,NA,NA,NA,NA,NA,NA,NA,NA,NA,NA,NA,NA,NA,NA,NA,NA,NA,NA,NA,NA,NA,NA,NA,NA,NA,NA,NA,NA,NA,NA,NA,NA,NA,NA,NA,NA,NA,NA,NA,NA,NA,NA,NA,NA,NA,NA,NA
"840",41.95,NA,NA,NA,NA,NA,NA,NA,NA,NA,NA,NA,NA,NA,NA,NA,NA,NA,NA,NA,NA,193.013,192.053,219.082,190.871,185.987,206.06,207.675,224.441,202.785,195.305,NA,NA,NA,NA,NA,NA,NA,NA,NA,NA,NA,NA,NA,NA,NA,NA,NA,NA,NA,NA,NA,NA,NA,NA,NA,NA,NA,NA,NA,NA,NA,NA,NA,NA,NA,NA,NA,NA,NA,NA,NA,NA,NA,NA,NA,NA,NA,NA,NA,NA,NA,NA,NA,NA,NA,NA,NA,NA,NA,NA,NA,NA,NA,NA,NA,NA,NA,NA,NA,NA,NA,NA,NA,NA,NA,NA,NA,NA,NA,NA,NA,NA,NA,NA,NA,NA,NA,NA,NA,NA,NA,NA,NA,NA,NA,NA,NA,NA,NA,NA
"841",42,NA,NA,NA,NA,NA,NA,NA,NA,NA,NA,NA,NA,NA,NA,NA,NA,NA,NA,NA,NA,193.024,193.655,218.567,191.116,187.588,206.238,207.581,223.33,203.095,195.336,NA,NA,NA,NA,NA,NA,NA,NA,NA,NA,NA,NA,NA,NA,NA,NA,NA,NA,NA,NA,NA,NA,NA,NA,NA,NA,NA,NA,NA,NA,NA,NA,NA,NA,NA,NA,NA,NA,NA,NA,NA,NA,NA,NA,NA,NA,NA,NA,NA,NA,NA,NA,NA,NA,NA,NA,NA,NA,NA,NA,NA,NA,NA,NA,NA,NA,NA,NA,NA,NA,NA,NA,NA,NA,NA,NA,NA,NA,NA,NA,NA,NA,NA,NA,NA,NA,NA,NA,NA,NA,NA,NA,NA,NA,NA,NA,NA,NA,NA,NA
"842",42.05,NA,NA,NA,NA,NA,NA,NA,NA,NA,NA,NA,NA,NA,NA,NA,NA,NA,NA,NA,NA,193.005,192.835,220.953,191.032,186.418,205.965,207.513,223.205,203.22,195.319,NA,NA,NA,NA,NA,NA,NA,NA,NA,NA,NA,NA,NA,NA,NA,NA,NA,NA,NA,NA,NA,NA,NA,NA,NA,NA,NA,NA,NA,NA,NA,NA,NA,NA,NA,NA,NA,NA,NA,NA,NA,NA,NA,NA,NA,NA,NA,NA,NA,NA,NA,NA,NA,NA,NA,NA,NA,NA,NA,NA,NA,NA,NA,NA,NA,NA,NA,NA,NA,NA,NA,NA,NA,NA,NA,NA,NA,NA,NA,NA,NA,NA,NA,NA,NA,NA,NA,NA,NA,NA,NA,NA,NA,NA,NA,NA,NA,NA,NA,NA
"843",42.1,NA,NA,NA,NA,NA,NA,NA,NA,NA,NA,NA,NA,NA,NA,NA,NA,NA,NA,NA,NA,192.976,192.091,218.053,191.769,188.579,206.03,207.485,224.055,202.572,195.169,NA,NA,NA,NA,NA,NA,NA,NA,NA,NA,NA,NA,NA,NA,NA,NA,NA,NA,NA,NA,NA,NA,NA,NA,NA,NA,NA,NA,NA,NA,NA,NA,NA,NA,NA,NA,NA,NA,NA,NA,NA,NA,NA,NA,NA,NA,NA,NA,NA,NA,NA,NA,NA,NA,NA,NA,NA,NA,NA,NA,NA,NA,NA,NA,NA,NA,NA,NA,NA,NA,NA,NA,NA,NA,NA,NA,NA,NA,NA,NA,NA,NA,NA,NA,NA,NA,NA,NA,NA,NA,NA,NA,NA,NA,NA,NA,NA,NA,NA,NA
"844",42.15,NA,NA,NA,NA,NA,NA,NA,NA,NA,NA,NA,NA,NA,NA,NA,NA,NA,NA,NA,NA,193.119,192.743,219.204,190.75,187.096,205.904,207.364,223.635,202.31,195.294,NA,NA,NA,NA,NA,NA,NA,NA,NA,NA,NA,NA,NA,NA,NA,NA,NA,NA,NA,NA,NA,NA,NA,NA,NA,NA,NA,NA,NA,NA,NA,NA,NA,NA,NA,NA,NA,NA,NA,NA,NA,NA,NA,NA,NA,NA,NA,NA,NA,NA,NA,NA,NA,NA,NA,NA,NA,NA,NA,NA,NA,NA,NA,NA,NA,NA,NA,NA,NA,NA,NA,NA,NA,NA,NA,NA,NA,NA,NA,NA,NA,NA,NA,NA,NA,NA,NA,NA,NA,NA,NA,NA,NA,NA,NA,NA,NA,NA,NA,NA
"845",42.2,NA,NA,NA,NA,NA,NA,NA,NA,NA,NA,NA,NA,NA,NA,NA,NA,NA,NA,NA,NA,193.234,194.127,218.371,192.146,188.892,205.979,207.569,224.899,203.671,195.298,NA,NA,NA,NA,NA,NA,NA,NA,NA,NA,NA,NA,NA,NA,NA,NA,NA,NA,NA,NA,NA,NA,NA,NA,NA,NA,NA,NA,NA,NA,NA,NA,NA,NA,NA,NA,NA,NA,NA,NA,NA,NA,NA,NA,NA,NA,NA,NA,NA,NA,NA,NA,NA,NA,NA,NA,NA,NA,NA,NA,NA,NA,NA,NA,NA,NA,NA,NA,NA,NA,NA,NA,NA,NA,NA,NA,NA,NA,NA,NA,NA,NA,NA,NA,NA,NA,NA,NA,NA,NA,NA,NA,NA,NA,NA,NA,NA,NA,NA,NA
"846",42.25,NA,NA,NA,NA,NA,NA,NA,NA,NA,NA,NA,NA,NA,NA,NA,NA,NA,NA,NA,NA,193.211,192.071,218.198,190.489,187.59,206.002,207.509,224.738,203.374,195.241,NA,NA,NA,NA,NA,NA,NA,NA,NA,NA,NA,NA,NA,NA,NA,NA,NA,NA,NA,NA,NA,NA,NA,NA,NA,NA,NA,NA,NA,NA,NA,NA,NA,NA,NA,NA,NA,NA,NA,NA,NA,NA,NA,NA,NA,NA,NA,NA,NA,NA,NA,NA,NA,NA,NA,NA,NA,NA,NA,NA,NA,NA,NA,NA,NA,NA,NA,NA,NA,NA,NA,NA,NA,NA,NA,NA,NA,NA,NA,NA,NA,NA,NA,NA,NA,NA,NA,NA,NA,NA,NA,NA,NA,NA,NA,NA,NA,NA,NA,NA
"847",42.3,NA,NA,NA,NA,NA,NA,NA,NA,NA,NA,NA,NA,NA,NA,NA,NA,NA,NA,NA,NA,193.082,194.501,220.548,191.856,189.007,206.092,207.413,224.535,202.212,195.179,NA,NA,NA,NA,NA,NA,NA,NA,NA,NA,NA,NA,NA,NA,NA,NA,NA,NA,NA,NA,NA,NA,NA,NA,NA,NA,NA,NA,NA,NA,NA,NA,NA,NA,NA,NA,NA,NA,NA,NA,NA,NA,NA,NA,NA,NA,NA,NA,NA,NA,NA,NA,NA,NA,NA,NA,NA,NA,NA,NA,NA,NA,NA,NA,NA,NA,NA,NA,NA,NA,NA,NA,NA,NA,NA,NA,NA,NA,NA,NA,NA,NA,NA,NA,NA,NA,NA,NA,NA,NA,NA,NA,NA,NA,NA,NA,NA,NA,NA,NA
"848",42.35,NA,NA,NA,NA,NA,NA,NA,NA,NA,NA,NA,NA,NA,NA,NA,NA,NA,NA,NA,NA,193.189,193.889,219.747,191.437,187.814,205.932,207.188,225.974,202.881,195.274,NA,NA,NA,NA,NA,NA,NA,NA,NA,NA,NA,NA,NA,NA,NA,NA,NA,NA,NA,NA,NA,NA,NA,NA,NA,NA,NA,NA,NA,NA,NA,NA,NA,NA,NA,NA,NA,NA,NA,NA,NA,NA,NA,NA,NA,NA,NA,NA,NA,NA,NA,NA,NA,NA,NA,NA,NA,NA,NA,NA,NA,NA,NA,NA,NA,NA,NA,NA,NA,NA,NA,NA,NA,NA,NA,NA,NA,NA,NA,NA,NA,NA,NA,NA,NA,NA,NA,NA,NA,NA,NA,NA,NA,NA,NA,NA,NA,NA,NA,NA
"849",42.4,NA,NA,NA,NA,NA,NA,NA,NA,NA,NA,NA,NA,NA,NA,NA,NA,NA,NA,NA,NA,193.268,191.697,221.246,191.446,190.84,206.086,207.328,224.505,203.999,195.402,NA,NA,NA,NA,NA,NA,NA,NA,NA,NA,NA,NA,NA,NA,NA,NA,NA,NA,NA,NA,NA,NA,NA,NA,NA,NA,NA,NA,NA,NA,NA,NA,NA,NA,NA,NA,NA,NA,NA,NA,NA,NA,NA,NA,NA,NA,NA,NA,NA,NA,NA,NA,NA,NA,NA,NA,NA,NA,NA,NA,NA,NA,NA,NA,NA,NA,NA,NA,NA,NA,NA,NA,NA,NA,NA,NA,NA,NA,NA,NA,NA,NA,NA,NA,NA,NA,NA,NA,NA,NA,NA,NA,NA,NA,NA,NA,NA,NA,NA,NA
"850",42.45,NA,NA,NA,NA,NA,NA,NA,NA,NA,NA,NA,NA,NA,NA,NA,NA,NA,NA,NA,NA,193.251,191.901,219.586,191.409,188.13,206.146,207.549,224.183,203.998,195.415,NA,NA,NA,NA,NA,NA,NA,NA,NA,NA,NA,NA,NA,NA,NA,NA,NA,NA,NA,NA,NA,NA,NA,NA,NA,NA,NA,NA,NA,NA,NA,NA,NA,NA,NA,NA,NA,NA,NA,NA,NA,NA,NA,NA,NA,NA,NA,NA,NA,NA,NA,NA,NA,NA,NA,NA,NA,NA,NA,NA,NA,NA,NA,NA,NA,NA,NA,NA,NA,NA,NA,NA,NA,NA,NA,NA,NA,NA,NA,NA,NA,NA,NA,NA,NA,NA,NA,NA,NA,NA,NA,NA,NA,NA,NA,NA,NA,NA,NA,NA
"851",42.5,NA,NA,NA,NA,NA,NA,NA,NA,NA,NA,NA,NA,NA,NA,NA,NA,NA,NA,NA,NA,193.202,193.088,218.303,190.78,188.209,206.115,207.504,224.066,203.996,195.341,NA,NA,NA,NA,NA,NA,NA,NA,NA,NA,NA,NA,NA,NA,NA,NA,NA,NA,NA,NA,NA,NA,NA,NA,NA,NA,NA,NA,NA,NA,NA,NA,NA,NA,NA,NA,NA,NA,NA,NA,NA,NA,NA,NA,NA,NA,NA,NA,NA,NA,NA,NA,NA,NA,NA,NA,NA,NA,NA,NA,NA,NA,NA,NA,NA,NA,NA,NA,NA,NA,NA,NA,NA,NA,NA,NA,NA,NA,NA,NA,NA,NA,NA,NA,NA,NA,NA,NA,NA,NA,NA,NA,NA,NA,NA,NA,NA,NA,NA,NA
"852",42.55,NA,NA,NA,NA,NA,NA,NA,NA,NA,NA,NA,NA,NA,NA,NA,NA,NA,NA,NA,NA,193.249,193.521,220.074,191.258,187.576,206.033,207.528,225.281,203.908,195.171,NA,NA,NA,NA,NA,NA,NA,NA,NA,NA,NA,NA,NA,NA,NA,NA,NA,NA,NA,NA,NA,NA,NA,NA,NA,NA,NA,NA,NA,NA,NA,NA,NA,NA,NA,NA,NA,NA,NA,NA,NA,NA,NA,NA,NA,NA,NA,NA,NA,NA,NA,NA,NA,NA,NA,NA,NA,NA,NA,NA,NA,NA,NA,NA,NA,NA,NA,NA,NA,NA,NA,NA,NA,NA,NA,NA,NA,NA,NA,NA,NA,NA,NA,NA,NA,NA,NA,NA,NA,NA,NA,NA,NA,NA,NA,NA,NA,NA,NA,NA
"853",42.6,NA,NA,NA,NA,NA,NA,NA,NA,NA,NA,NA,NA,NA,NA,NA,NA,NA,NA,NA,NA,193.359,193.549,219.574,191.737,186.431,205.947,207.256,223.979,202.8,195.286,NA,NA,NA,NA,NA,NA,NA,NA,NA,NA,NA,NA,NA,NA,NA,NA,NA,NA,NA,NA,NA,NA,NA,NA,NA,NA,NA,NA,NA,NA,NA,NA,NA,NA,NA,NA,NA,NA,NA,NA,NA,NA,NA,NA,NA,NA,NA,NA,NA,NA,NA,NA,NA,NA,NA,NA,NA,NA,NA,NA,NA,NA,NA,NA,NA,NA,NA,NA,NA,NA,NA,NA,NA,NA,NA,NA,NA,NA,NA,NA,NA,NA,NA,NA,NA,NA,NA,NA,NA,NA,NA,NA,NA,NA,NA,NA,NA,NA,NA,NA
"854",42.65,NA,NA,NA,NA,NA,NA,NA,NA,NA,NA,NA,NA,NA,NA,NA,NA,NA,NA,NA,NA,193.327,193.398,217.982,191.673,185.919,206.05,207.591,225.634,202.702,195.188,NA,NA,NA,NA,NA,NA,NA,NA,NA,NA,NA,NA,NA,NA,NA,NA,NA,NA,NA,NA,NA,NA,NA,NA,NA,NA,NA,NA,NA,NA,NA,NA,NA,NA,NA,NA,NA,NA,NA,NA,NA,NA,NA,NA,NA,NA,NA,NA,NA,NA,NA,NA,NA,NA,NA,NA,NA,NA,NA,NA,NA,NA,NA,NA,NA,NA,NA,NA,NA,NA,NA,NA,NA,NA,NA,NA,NA,NA,NA,NA,NA,NA,NA,NA,NA,NA,NA,NA,NA,NA,NA,NA,NA,NA,NA,NA,NA,NA,NA,NA
"855",42.7,NA,NA,NA,NA,NA,NA,NA,NA,NA,NA,NA,NA,NA,NA,NA,NA,NA,NA,NA,NA,193.29,193.077,220.983,191.916,187.978,205.946,207.462,224.418,203.102,195.235,NA,NA,NA,NA,NA,NA,NA,NA,NA,NA,NA,NA,NA,NA,NA,NA,NA,NA,NA,NA,NA,NA,NA,NA,NA,NA,NA,NA,NA,NA,NA,NA,NA,NA,NA,NA,NA,NA,NA,NA,NA,NA,NA,NA,NA,NA,NA,NA,NA,NA,NA,NA,NA,NA,NA,NA,NA,NA,NA,NA,NA,NA,NA,NA,NA,NA,NA,NA,NA,NA,NA,NA,NA,NA,NA,NA,NA,NA,NA,NA,NA,NA,NA,NA,NA,NA,NA,NA,NA,NA,NA,NA,NA,NA,NA,NA,NA,NA,NA,NA
"856",42.75,NA,NA,NA,NA,NA,NA,NA,NA,NA,NA,NA,NA,NA,NA,NA,NA,NA,NA,NA,NA,193.317,193.384,219.898,190.955,189.009,206.095,207.416,222.933,203.895,195.361,NA,NA,NA,NA,NA,NA,NA,NA,NA,NA,NA,NA,NA,NA,NA,NA,NA,NA,NA,NA,NA,NA,NA,NA,NA,NA,NA,NA,NA,NA,NA,NA,NA,NA,NA,NA,NA,NA,NA,NA,NA,NA,NA,NA,NA,NA,NA,NA,NA,NA,NA,NA,NA,NA,NA,NA,NA,NA,NA,NA,NA,NA,NA,NA,NA,NA,NA,NA,NA,NA,NA,NA,NA,NA,NA,NA,NA,NA,NA,NA,NA,NA,NA,NA,NA,NA,NA,NA,NA,NA,NA,NA,NA,NA,NA,NA,NA,NA,NA,NA
"857",42.8,NA,NA,NA,NA,NA,NA,NA,NA,NA,NA,NA,NA,NA,NA,NA,NA,NA,NA,NA,NA,193.45,193.662,220.055,190.63,187.572,206.061,207.687,225.855,203.899,195.255,NA,NA,NA,NA,NA,NA,NA,NA,NA,NA,NA,NA,NA,NA,NA,NA,NA,NA,NA,NA,NA,NA,NA,NA,NA,NA,NA,NA,NA,NA,NA,NA,NA,NA,NA,NA,NA,NA,NA,NA,NA,NA,NA,NA,NA,NA,NA,NA,NA,NA,NA,NA,NA,NA,NA,NA,NA,NA,NA,NA,NA,NA,NA,NA,NA,NA,NA,NA,NA,NA,NA,NA,NA,NA,NA,NA,NA,NA,NA,NA,NA,NA,NA,NA,NA,NA,NA,NA,NA,NA,NA,NA,NA,NA,NA,NA,NA,NA,NA,NA
"858",42.85,NA,NA,NA,NA,NA,NA,NA,NA,NA,NA,NA,NA,NA,NA,NA,NA,NA,NA,NA,NA,193.451,195.385,218.493,191.217,189.074,205.915,207.532,223.97,202.879,195.303,NA,NA,NA,NA,NA,NA,NA,NA,NA,NA,NA,NA,NA,NA,NA,NA,NA,NA,NA,NA,NA,NA,NA,NA,NA,NA,NA,NA,NA,NA,NA,NA,NA,NA,NA,NA,NA,NA,NA,NA,NA,NA,NA,NA,NA,NA,NA,NA,NA,NA,NA,NA,NA,NA,NA,NA,NA,NA,NA,NA,NA,NA,NA,NA,NA,NA,NA,NA,NA,NA,NA,NA,NA,NA,NA,NA,NA,NA,NA,NA,NA,NA,NA,NA,NA,NA,NA,NA,NA,NA,NA,NA,NA,NA,NA,NA,NA,NA,NA,NA
"859",42.9,NA,NA,NA,NA,NA,NA,NA,NA,NA,NA,NA,NA,NA,NA,NA,NA,NA,NA,NA,NA,193.624,192.842,217.594,190.488,188.078,206.104,207.593,225.37,202.757,195.184,NA,NA,NA,NA,NA,NA,NA,NA,NA,NA,NA,NA,NA,NA,NA,NA,NA,NA,NA,NA,NA,NA,NA,NA,NA,NA,NA,NA,NA,NA,NA,NA,NA,NA,NA,NA,NA,NA,NA,NA,NA,NA,NA,NA,NA,NA,NA,NA,NA,NA,NA,NA,NA,NA,NA,NA,NA,NA,NA,NA,NA,NA,NA,NA,NA,NA,NA,NA,NA,NA,NA,NA,NA,NA,NA,NA,NA,NA,NA,NA,NA,NA,NA,NA,NA,NA,NA,NA,NA,NA,NA,NA,NA,NA,NA,NA,NA,NA,NA,NA
"860",42.95,NA,NA,NA,NA,NA,NA,NA,NA,NA,NA,NA,NA,NA,NA,NA,NA,NA,NA,NA,NA,193.505,192.991,219.591,191.097,189.365,205.965,207.358,224.954,202.566,195.223,NA,NA,NA,NA,NA,NA,NA,NA,NA,NA,NA,NA,NA,NA,NA,NA,NA,NA,NA,NA,NA,NA,NA,NA,NA,NA,NA,NA,NA,NA,NA,NA,NA,NA,NA,NA,NA,NA,NA,NA,NA,NA,NA,NA,NA,NA,NA,NA,NA,NA,NA,NA,NA,NA,NA,NA,NA,NA,NA,NA,NA,NA,NA,NA,NA,NA,NA,NA,NA,NA,NA,NA,NA,NA,NA,NA,NA,NA,NA,NA,NA,NA,NA,NA,NA,NA,NA,NA,NA,NA,NA,NA,NA,NA,NA,NA,NA,NA,NA,NA
"861",43,NA,NA,NA,NA,NA,NA,NA,NA,NA,NA,NA,NA,NA,NA,NA,NA,NA,NA,NA,NA,193.557,195.014,218.457,190.578,186.226,206.009,207.326,225.39,203.332,195.25,NA,NA,NA,NA,NA,NA,NA,NA,NA,NA,NA,NA,NA,NA,NA,NA,NA,NA,NA,NA,NA,NA,NA,NA,NA,NA,NA,NA,NA,NA,NA,NA,NA,NA,NA,NA,NA,NA,NA,NA,NA,NA,NA,NA,NA,NA,NA,NA,NA,NA,NA,NA,NA,NA,NA,NA,NA,NA,NA,NA,NA,NA,NA,NA,NA,NA,NA,NA,NA,NA,NA,NA,NA,NA,NA,NA,NA,NA,NA,NA,NA,NA,NA,NA,NA,NA,NA,NA,NA,NA,NA,NA,NA,NA,NA,NA,NA,NA,NA,NA
"862",43.05,NA,NA,NA,NA,NA,NA,NA,NA,NA,NA,NA,NA,NA,NA,NA,NA,NA,NA,NA,NA,193.529,194.668,218.091,191.542,188.284,205.983,207.325,225.607,203.265,195.192,NA,NA,NA,NA,NA,NA,NA,NA,NA,NA,NA,NA,NA,NA,NA,NA,NA,NA,NA,NA,NA,NA,NA,NA,NA,NA,NA,NA,NA,NA,NA,NA,NA,NA,NA,NA,NA,NA,NA,NA,NA,NA,NA,NA,NA,NA,NA,NA,NA,NA,NA,NA,NA,NA,NA,NA,NA,NA,NA,NA,NA,NA,NA,NA,NA,NA,NA,NA,NA,NA,NA,NA,NA,NA,NA,NA,NA,NA,NA,NA,NA,NA,NA,NA,NA,NA,NA,NA,NA,NA,NA,NA,NA,NA,NA,NA,NA,NA,NA,NA
"863",43.1,NA,NA,NA,NA,NA,NA,NA,NA,NA,NA,NA,NA,NA,NA,NA,NA,NA,NA,NA,NA,193.46,194.727,220.172,192.176,187.344,205.886,207.483,223.951,202.296,195.301,NA,NA,NA,NA,NA,NA,NA,NA,NA,NA,NA,NA,NA,NA,NA,NA,NA,NA,NA,NA,NA,NA,NA,NA,NA,NA,NA,NA,NA,NA,NA,NA,NA,NA,NA,NA,NA,NA,NA,NA,NA,NA,NA,NA,NA,NA,NA,NA,NA,NA,NA,NA,NA,NA,NA,NA,NA,NA,NA,NA,NA,NA,NA,NA,NA,NA,NA,NA,NA,NA,NA,NA,NA,NA,NA,NA,NA,NA,NA,NA,NA,NA,NA,NA,NA,NA,NA,NA,NA,NA,NA,NA,NA,NA,NA,NA,NA,NA,NA,NA
"864",43.15,NA,NA,NA,NA,NA,NA,NA,NA,NA,NA,NA,NA,NA,NA,NA,NA,NA,NA,NA,NA,193.684,192.637,217.909,191.581,187.442,205.992,207.54,223.556,202.888,195.376,NA,NA,NA,NA,NA,NA,NA,NA,NA,NA,NA,NA,NA,NA,NA,NA,NA,NA,NA,NA,NA,NA,NA,NA,NA,NA,NA,NA,NA,NA,NA,NA,NA,NA,NA,NA,NA,NA,NA,NA,NA,NA,NA,NA,NA,NA,NA,NA,NA,NA,NA,NA,NA,NA,NA,NA,NA,NA,NA,NA,NA,NA,NA,NA,NA,NA,NA,NA,NA,NA,NA,NA,NA,NA,NA,NA,NA,NA,NA,NA,NA,NA,NA,NA,NA,NA,NA,NA,NA,NA,NA,NA,NA,NA,NA,NA,NA,NA,NA,NA
"865",43.2,NA,NA,NA,NA,NA,NA,NA,NA,NA,NA,NA,NA,NA,NA,NA,NA,NA,NA,NA,NA,193.637,193.761,218.469,190.105,188.804,205.946,207.531,224.015,202.277,195.228,NA,NA,NA,NA,NA,NA,NA,NA,NA,NA,NA,NA,NA,NA,NA,NA,NA,NA,NA,NA,NA,NA,NA,NA,NA,NA,NA,NA,NA,NA,NA,NA,NA,NA,NA,NA,NA,NA,NA,NA,NA,NA,NA,NA,NA,NA,NA,NA,NA,NA,NA,NA,NA,NA,NA,NA,NA,NA,NA,NA,NA,NA,NA,NA,NA,NA,NA,NA,NA,NA,NA,NA,NA,NA,NA,NA,NA,NA,NA,NA,NA,NA,NA,NA,NA,NA,NA,NA,NA,NA,NA,NA,NA,NA,NA,NA,NA,NA,NA,NA
"866",43.25,NA,NA,NA,NA,NA,NA,NA,NA,NA,NA,NA,NA,NA,NA,NA,NA,NA,NA,NA,NA,193.606,193.261,219.738,191.509,188.676,205.917,207.241,225.076,203.584,195.154,NA,NA,NA,NA,NA,NA,NA,NA,NA,NA,NA,NA,NA,NA,NA,NA,NA,NA,NA,NA,NA,NA,NA,NA,NA,NA,NA,NA,NA,NA,NA,NA,NA,NA,NA,NA,NA,NA,NA,NA,NA,NA,NA,NA,NA,NA,NA,NA,NA,NA,NA,NA,NA,NA,NA,NA,NA,NA,NA,NA,NA,NA,NA,NA,NA,NA,NA,NA,NA,NA,NA,NA,NA,NA,NA,NA,NA,NA,NA,NA,NA,NA,NA,NA,NA,NA,NA,NA,NA,NA,NA,NA,NA,NA,NA,NA,NA,NA,NA,NA
"867",43.3,NA,NA,NA,NA,NA,NA,NA,NA,NA,NA,NA,NA,NA,NA,NA,NA,NA,NA,NA,NA,193.582,194.125,219.584,190.93,187.393,205.926,207.358,223.89,202.281,195.294,NA,NA,NA,NA,NA,NA,NA,NA,NA,NA,NA,NA,NA,NA,NA,NA,NA,NA,NA,NA,NA,NA,NA,NA,NA,NA,NA,NA,NA,NA,NA,NA,NA,NA,NA,NA,NA,NA,NA,NA,NA,NA,NA,NA,NA,NA,NA,NA,NA,NA,NA,NA,NA,NA,NA,NA,NA,NA,NA,NA,NA,NA,NA,NA,NA,NA,NA,NA,NA,NA,NA,NA,NA,NA,NA,NA,NA,NA,NA,NA,NA,NA,NA,NA,NA,NA,NA,NA,NA,NA,NA,NA,NA,NA,NA,NA,NA,NA,NA,NA
"868",43.35,NA,NA,NA,NA,NA,NA,NA,NA,NA,NA,NA,NA,NA,NA,NA,NA,NA,NA,NA,NA,193.546,194.108,217.878,191.121,188.078,206.131,207.702,225.142,203.501,195.308,NA,NA,NA,NA,NA,NA,NA,NA,NA,NA,NA,NA,NA,NA,NA,NA,NA,NA,NA,NA,NA,NA,NA,NA,NA,NA,NA,NA,NA,NA,NA,NA,NA,NA,NA,NA,NA,NA,NA,NA,NA,NA,NA,NA,NA,NA,NA,NA,NA,NA,NA,NA,NA,NA,NA,NA,NA,NA,NA,NA,NA,NA,NA,NA,NA,NA,NA,NA,NA,NA,NA,NA,NA,NA,NA,NA,NA,NA,NA,NA,NA,NA,NA,NA,NA,NA,NA,NA,NA,NA,NA,NA,NA,NA,NA,NA,NA,NA,NA,NA
"869",43.4,NA,NA,NA,NA,NA,NA,NA,NA,NA,NA,NA,NA,NA,NA,NA,NA,NA,NA,NA,NA,193.802,195.662,221.61,191,188.213,205.98,207.182,225.008,203.41,195.305,NA,NA,NA,NA,NA,NA,NA,NA,NA,NA,NA,NA,NA,NA,NA,NA,NA,NA,NA,NA,NA,NA,NA,NA,NA,NA,NA,NA,NA,NA,NA,NA,NA,NA,NA,NA,NA,NA,NA,NA,NA,NA,NA,NA,NA,NA,NA,NA,NA,NA,NA,NA,NA,NA,NA,NA,NA,NA,NA,NA,NA,NA,NA,NA,NA,NA,NA,NA,NA,NA,NA,NA,NA,NA,NA,NA,NA,NA,NA,NA,NA,NA,NA,NA,NA,NA,NA,NA,NA,NA,NA,NA,NA,NA,NA,NA,NA,NA,NA,NA
"870",43.45,NA,NA,NA,NA,NA,NA,NA,NA,NA,NA,NA,NA,NA,NA,NA,NA,NA,NA,NA,NA,193.75,193.562,218.842,190.371,187.994,206.081,207.366,223.546,203.148,195.391,NA,NA,NA,NA,NA,NA,NA,NA,NA,NA,NA,NA,NA,NA,NA,NA,NA,NA,NA,NA,NA,NA,NA,NA,NA,NA,NA,NA,NA,NA,NA,NA,NA,NA,NA,NA,NA,NA,NA,NA,NA,NA,NA,NA,NA,NA,NA,NA,NA,NA,NA,NA,NA,NA,NA,NA,NA,NA,NA,NA,NA,NA,NA,NA,NA,NA,NA,NA,NA,NA,NA,NA,NA,NA,NA,NA,NA,NA,NA,NA,NA,NA,NA,NA,NA,NA,NA,NA,NA,NA,NA,NA,NA,NA,NA,NA,NA,NA,NA,NA
"871",43.5,NA,NA,NA,NA,NA,NA,NA,NA,NA,NA,NA,NA,NA,NA,NA,NA,NA,NA,NA,NA,193.864,194.804,218.764,191.788,188.485,206.07,207.53,225.12,202.63,195.281,NA,NA,NA,NA,NA,NA,NA,NA,NA,NA,NA,NA,NA,NA,NA,NA,NA,NA,NA,NA,NA,NA,NA,NA,NA,NA,NA,NA,NA,NA,NA,NA,NA,NA,NA,NA,NA,NA,NA,NA,NA,NA,NA,NA,NA,NA,NA,NA,NA,NA,NA,NA,NA,NA,NA,NA,NA,NA,NA,NA,NA,NA,NA,NA,NA,NA,NA,NA,NA,NA,NA,NA,NA,NA,NA,NA,NA,NA,NA,NA,NA,NA,NA,NA,NA,NA,NA,NA,NA,NA,NA,NA,NA,NA,NA,NA,NA,NA,NA,NA
"872",43.55,NA,NA,NA,NA,NA,NA,NA,NA,NA,NA,NA,NA,NA,NA,NA,NA,NA,NA,NA,NA,193.8,195.979,219.2,192.085,188.725,205.923,207.381,223.537,202.827,195.326,NA,NA,NA,NA,NA,NA,NA,NA,NA,NA,NA,NA,NA,NA,NA,NA,NA,NA,NA,NA,NA,NA,NA,NA,NA,NA,NA,NA,NA,NA,NA,NA,NA,NA,NA,NA,NA,NA,NA,NA,NA,NA,NA,NA,NA,NA,NA,NA,NA,NA,NA,NA,NA,NA,NA,NA,NA,NA,NA,NA,NA,NA,NA,NA,NA,NA,NA,NA,NA,NA,NA,NA,NA,NA,NA,NA,NA,NA,NA,NA,NA,NA,NA,NA,NA,NA,NA,NA,NA,NA,NA,NA,NA,NA,NA,NA,NA,NA,NA,NA
"873",43.6,NA,NA,NA,NA,NA,NA,NA,NA,NA,NA,NA,NA,NA,NA,NA,NA,NA,NA,NA,NA,193.823,193.802,218.477,191.791,188.491,205.958,207.446,226.233,202.917,195.118,NA,NA,NA,NA,NA,NA,NA,NA,NA,NA,NA,NA,NA,NA,NA,NA,NA,NA,NA,NA,NA,NA,NA,NA,NA,NA,NA,NA,NA,NA,NA,NA,NA,NA,NA,NA,NA,NA,NA,NA,NA,NA,NA,NA,NA,NA,NA,NA,NA,NA,NA,NA,NA,NA,NA,NA,NA,NA,NA,NA,NA,NA,NA,NA,NA,NA,NA,NA,NA,NA,NA,NA,NA,NA,NA,NA,NA,NA,NA,NA,NA,NA,NA,NA,NA,NA,NA,NA,NA,NA,NA,NA,NA,NA,NA,NA,NA,NA,NA,NA
"874",43.65,NA,NA,NA,NA,NA,NA,NA,NA,NA,NA,NA,NA,NA,NA,NA,NA,NA,NA,NA,NA,193.735,193.356,218.788,190.975,188.908,205.975,207.286,223.754,202.96,195.208,NA,NA,NA,NA,NA,NA,NA,NA,NA,NA,NA,NA,NA,NA,NA,NA,NA,NA,NA,NA,NA,NA,NA,NA,NA,NA,NA,NA,NA,NA,NA,NA,NA,NA,NA,NA,NA,NA,NA,NA,NA,NA,NA,NA,NA,NA,NA,NA,NA,NA,NA,NA,NA,NA,NA,NA,NA,NA,NA,NA,NA,NA,NA,NA,NA,NA,NA,NA,NA,NA,NA,NA,NA,NA,NA,NA,NA,NA,NA,NA,NA,NA,NA,NA,NA,NA,NA,NA,NA,NA,NA,NA,NA,NA,NA,NA,NA,NA,NA,NA
"875",43.7,NA,NA,NA,NA,NA,NA,NA,NA,NA,NA,NA,NA,NA,NA,NA,NA,NA,NA,NA,NA,193.868,194.913,219.262,190.623,187.182,206.024,207.457,223.72,202.561,195.16,NA,NA,NA,NA,NA,NA,NA,NA,NA,NA,NA,NA,NA,NA,NA,NA,NA,NA,NA,NA,NA,NA,NA,NA,NA,NA,NA,NA,NA,NA,NA,NA,NA,NA,NA,NA,NA,NA,NA,NA,NA,NA,NA,NA,NA,NA,NA,NA,NA,NA,NA,NA,NA,NA,NA,NA,NA,NA,NA,NA,NA,NA,NA,NA,NA,NA,NA,NA,NA,NA,NA,NA,NA,NA,NA,NA,NA,NA,NA,NA,NA,NA,NA,NA,NA,NA,NA,NA,NA,NA,NA,NA,NA,NA,NA,NA,NA,NA,NA,NA
"876",43.75,NA,NA,NA,NA,NA,NA,NA,NA,NA,NA,NA,NA,NA,NA,NA,NA,NA,NA,NA,NA,193.853,193.896,218.225,192.417,188.94,206.026,207.396,225.584,202.801,195.3,NA,NA,NA,NA,NA,NA,NA,NA,NA,NA,NA,NA,NA,NA,NA,NA,NA,NA,NA,NA,NA,NA,NA,NA,NA,NA,NA,NA,NA,NA,NA,NA,NA,NA,NA,NA,NA,NA,NA,NA,NA,NA,NA,NA,NA,NA,NA,NA,NA,NA,NA,NA,NA,NA,NA,NA,NA,NA,NA,NA,NA,NA,NA,NA,NA,NA,NA,NA,NA,NA,NA,NA,NA,NA,NA,NA,NA,NA,NA,NA,NA,NA,NA,NA,NA,NA,NA,NA,NA,NA,NA,NA,NA,NA,NA,NA,NA,NA,NA,NA
"877",43.8,NA,NA,NA,NA,NA,NA,NA,NA,NA,NA,NA,NA,NA,NA,NA,NA,NA,NA,NA,NA,193.772,193.421,219.689,190.708,188.781,205.761,207.378,223.263,203.513,195.31,NA,NA,NA,NA,NA,NA,NA,NA,NA,NA,NA,NA,NA,NA,NA,NA,NA,NA,NA,NA,NA,NA,NA,NA,NA,NA,NA,NA,NA,NA,NA,NA,NA,NA,NA,NA,NA,NA,NA,NA,NA,NA,NA,NA,NA,NA,NA,NA,NA,NA,NA,NA,NA,NA,NA,NA,NA,NA,NA,NA,NA,NA,NA,NA,NA,NA,NA,NA,NA,NA,NA,NA,NA,NA,NA,NA,NA,NA,NA,NA,NA,NA,NA,NA,NA,NA,NA,NA,NA,NA,NA,NA,NA,NA,NA,NA,NA,NA,NA,NA
"878",43.85,NA,NA,NA,NA,NA,NA,NA,NA,NA,NA,NA,NA,NA,NA,NA,NA,NA,NA,NA,NA,193.991,195.218,216.357,191.889,188.027,205.876,207.5,224.577,201.833,195.038,NA,NA,NA,NA,NA,NA,NA,NA,NA,NA,NA,NA,NA,NA,NA,NA,NA,NA,NA,NA,NA,NA,NA,NA,NA,NA,NA,NA,NA,NA,NA,NA,NA,NA,NA,NA,NA,NA,NA,NA,NA,NA,NA,NA,NA,NA,NA,NA,NA,NA,NA,NA,NA,NA,NA,NA,NA,NA,NA,NA,NA,NA,NA,NA,NA,NA,NA,NA,NA,NA,NA,NA,NA,NA,NA,NA,NA,NA,NA,NA,NA,NA,NA,NA,NA,NA,NA,NA,NA,NA,NA,NA,NA,NA,NA,NA,NA,NA,NA,NA
"879",43.9,NA,NA,NA,NA,NA,NA,NA,NA,NA,NA,NA,NA,NA,NA,NA,NA,NA,NA,NA,NA,193.972,194.889,216.582,190.874,188.213,206.027,207.188,223.914,202.38,195.151,NA,NA,NA,NA,NA,NA,NA,NA,NA,NA,NA,NA,NA,NA,NA,NA,NA,NA,NA,NA,NA,NA,NA,NA,NA,NA,NA,NA,NA,NA,NA,NA,NA,NA,NA,NA,NA,NA,NA,NA,NA,NA,NA,NA,NA,NA,NA,NA,NA,NA,NA,NA,NA,NA,NA,NA,NA,NA,NA,NA,NA,NA,NA,NA,NA,NA,NA,NA,NA,NA,NA,NA,NA,NA,NA,NA,NA,NA,NA,NA,NA,NA,NA,NA,NA,NA,NA,NA,NA,NA,NA,NA,NA,NA,NA,NA,NA,NA,NA,NA
"880",43.95,NA,NA,NA,NA,NA,NA,NA,NA,NA,NA,NA,NA,NA,NA,NA,NA,NA,NA,NA,NA,193.984,194.72,218.632,190.204,186.625,205.844,207.302,225.123,203.758,195.245,NA,NA,NA,NA,NA,NA,NA,NA,NA,NA,NA,NA,NA,NA,NA,NA,NA,NA,NA,NA,NA,NA,NA,NA,NA,NA,NA,NA,NA,NA,NA,NA,NA,NA,NA,NA,NA,NA,NA,NA,NA,NA,NA,NA,NA,NA,NA,NA,NA,NA,NA,NA,NA,NA,NA,NA,NA,NA,NA,NA,NA,NA,NA,NA,NA,NA,NA,NA,NA,NA,NA,NA,NA,NA,NA,NA,NA,NA,NA,NA,NA,NA,NA,NA,NA,NA,NA,NA,NA,NA,NA,NA,NA,NA,NA,NA,NA,NA,NA,NA
"881",44,NA,NA,NA,NA,NA,NA,NA,NA,NA,NA,NA,NA,NA,NA,NA,NA,NA,NA,NA,NA,194.016,194.93,217.659,190.199,188.435,205.979,207.353,224.786,202.45,195.195,NA,NA,NA,NA,NA,NA,NA,NA,NA,NA,NA,NA,NA,NA,NA,NA,NA,NA,NA,NA,NA,NA,NA,NA,NA,NA,NA,NA,NA,NA,NA,NA,NA,NA,NA,NA,NA,NA,NA,NA,NA,NA,NA,NA,NA,NA,NA,NA,NA,NA,NA,NA,NA,NA,NA,NA,NA,NA,NA,NA,NA,NA,NA,NA,NA,NA,NA,NA,NA,NA,NA,NA,NA,NA,NA,NA,NA,NA,NA,NA,NA,NA,NA,NA,NA,NA,NA,NA,NA,NA,NA,NA,NA,NA,NA,NA,NA,NA,NA,NA
"882",44.05,NA,NA,NA,NA,NA,NA,NA,NA,NA,NA,NA,NA,NA,NA,NA,NA,NA,NA,NA,NA,193.959,194.861,217.816,191.147,188.658,206.043,207.386,223.589,203.396,195.147,NA,NA,NA,NA,NA,NA,NA,NA,NA,NA,NA,NA,NA,NA,NA,NA,NA,NA,NA,NA,NA,NA,NA,NA,NA,NA,NA,NA,NA,NA,NA,NA,NA,NA,NA,NA,NA,NA,NA,NA,NA,NA,NA,NA,NA,NA,NA,NA,NA,NA,NA,NA,NA,NA,NA,NA,NA,NA,NA,NA,NA,NA,NA,NA,NA,NA,NA,NA,NA,NA,NA,NA,NA,NA,NA,NA,NA,NA,NA,NA,NA,NA,NA,NA,NA,NA,NA,NA,NA,NA,NA,NA,NA,NA,NA,NA,NA,NA,NA,NA
"883",44.1,NA,NA,NA,NA,NA,NA,NA,NA,NA,NA,NA,NA,NA,NA,NA,NA,NA,NA,NA,NA,194.078,193.973,217.762,189.792,188.404,205.982,207.7,226.595,202.675,195.235,NA,NA,NA,NA,NA,NA,NA,NA,NA,NA,NA,NA,NA,NA,NA,NA,NA,NA,NA,NA,NA,NA,NA,NA,NA,NA,NA,NA,NA,NA,NA,NA,NA,NA,NA,NA,NA,NA,NA,NA,NA,NA,NA,NA,NA,NA,NA,NA,NA,NA,NA,NA,NA,NA,NA,NA,NA,NA,NA,NA,NA,NA,NA,NA,NA,NA,NA,NA,NA,NA,NA,NA,NA,NA,NA,NA,NA,NA,NA,NA,NA,NA,NA,NA,NA,NA,NA,NA,NA,NA,NA,NA,NA,NA,NA,NA,NA,NA,NA,NA
"884",44.15,NA,NA,NA,NA,NA,NA,NA,NA,NA,NA,NA,NA,NA,NA,NA,NA,NA,NA,NA,NA,194.212,195.737,219.13,190.695,188.543,205.855,207.358,223.979,202.907,195.098,NA,NA,NA,NA,NA,NA,NA,NA,NA,NA,NA,NA,NA,NA,NA,NA,NA,NA,NA,NA,NA,NA,NA,NA,NA,NA,NA,NA,NA,NA,NA,NA,NA,NA,NA,NA,NA,NA,NA,NA,NA,NA,NA,NA,NA,NA,NA,NA,NA,NA,NA,NA,NA,NA,NA,NA,NA,NA,NA,NA,NA,NA,NA,NA,NA,NA,NA,NA,NA,NA,NA,NA,NA,NA,NA,NA,NA,NA,NA,NA,NA,NA,NA,NA,NA,NA,NA,NA,NA,NA,NA,NA,NA,NA,NA,NA,NA,NA,NA,NA
"885",44.2,NA,NA,NA,NA,NA,NA,NA,NA,NA,NA,NA,NA,NA,NA,NA,NA,NA,NA,NA,NA,194.016,194.204,220.62,190.927,189.179,206.017,207.389,223.975,202.466,195.163,NA,NA,NA,NA,NA,NA,NA,NA,NA,NA,NA,NA,NA,NA,NA,NA,NA,NA,NA,NA,NA,NA,NA,NA,NA,NA,NA,NA,NA,NA,NA,NA,NA,NA,NA,NA,NA,NA,NA,NA,NA,NA,NA,NA,NA,NA,NA,NA,NA,NA,NA,NA,NA,NA,NA,NA,NA,NA,NA,NA,NA,NA,NA,NA,NA,NA,NA,NA,NA,NA,NA,NA,NA,NA,NA,NA,NA,NA,NA,NA,NA,NA,NA,NA,NA,NA,NA,NA,NA,NA,NA,NA,NA,NA,NA,NA,NA,NA,NA,NA
"886",44.25,NA,NA,NA,NA,NA,NA,NA,NA,NA,NA,NA,NA,NA,NA,NA,NA,NA,NA,NA,NA,194.077,196.052,218.505,191.347,185.917,205.935,207.346,224.777,202.589,195.065,NA,NA,NA,NA,NA,NA,NA,NA,NA,NA,NA,NA,NA,NA,NA,NA,NA,NA,NA,NA,NA,NA,NA,NA,NA,NA,NA,NA,NA,NA,NA,NA,NA,NA,NA,NA,NA,NA,NA,NA,NA,NA,NA,NA,NA,NA,NA,NA,NA,NA,NA,NA,NA,NA,NA,NA,NA,NA,NA,NA,NA,NA,NA,NA,NA,NA,NA,NA,NA,NA,NA,NA,NA,NA,NA,NA,NA,NA,NA,NA,NA,NA,NA,NA,NA,NA,NA,NA,NA,NA,NA,NA,NA,NA,NA,NA,NA,NA,NA,NA
"887",44.3,NA,NA,NA,NA,NA,NA,NA,NA,NA,NA,NA,NA,NA,NA,NA,NA,NA,NA,NA,NA,194.101,194.478,217.336,190.851,186.913,206.089,207.542,225.141,203.348,195.089,NA,NA,NA,NA,NA,NA,NA,NA,NA,NA,NA,NA,NA,NA,NA,NA,NA,NA,NA,NA,NA,NA,NA,NA,NA,NA,NA,NA,NA,NA,NA,NA,NA,NA,NA,NA,NA,NA,NA,NA,NA,NA,NA,NA,NA,NA,NA,NA,NA,NA,NA,NA,NA,NA,NA,NA,NA,NA,NA,NA,NA,NA,NA,NA,NA,NA,NA,NA,NA,NA,NA,NA,NA,NA,NA,NA,NA,NA,NA,NA,NA,NA,NA,NA,NA,NA,NA,NA,NA,NA,NA,NA,NA,NA,NA,NA,NA,NA,NA,NA
"888",44.35,NA,NA,NA,NA,NA,NA,NA,NA,NA,NA,NA,NA,NA,NA,NA,NA,NA,NA,NA,NA,194.096,194.661,219.784,191.404,187.205,205.907,207.63,224.203,203.325,195.221,NA,NA,NA,NA,NA,NA,NA,NA,NA,NA,NA,NA,NA,NA,NA,NA,NA,NA,NA,NA,NA,NA,NA,NA,NA,NA,NA,NA,NA,NA,NA,NA,NA,NA,NA,NA,NA,NA,NA,NA,NA,NA,NA,NA,NA,NA,NA,NA,NA,NA,NA,NA,NA,NA,NA,NA,NA,NA,NA,NA,NA,NA,NA,NA,NA,NA,NA,NA,NA,NA,NA,NA,NA,NA,NA,NA,NA,NA,NA,NA,NA,NA,NA,NA,NA,NA,NA,NA,NA,NA,NA,NA,NA,NA,NA,NA,NA,NA,NA,NA
"889",44.4,NA,NA,NA,NA,NA,NA,NA,NA,NA,NA,NA,NA,NA,NA,NA,NA,NA,NA,NA,NA,194.177,196.205,219.043,190.228,188.178,206.077,207.572,225.399,203.246,195.255,NA,NA,NA,NA,NA,NA,NA,NA,NA,NA,NA,NA,NA,NA,NA,NA,NA,NA,NA,NA,NA,NA,NA,NA,NA,NA,NA,NA,NA,NA,NA,NA,NA,NA,NA,NA,NA,NA,NA,NA,NA,NA,NA,NA,NA,NA,NA,NA,NA,NA,NA,NA,NA,NA,NA,NA,NA,NA,NA,NA,NA,NA,NA,NA,NA,NA,NA,NA,NA,NA,NA,NA,NA,NA,NA,NA,NA,NA,NA,NA,NA,NA,NA,NA,NA,NA,NA,NA,NA,NA,NA,NA,NA,NA,NA,NA,NA,NA,NA,NA
"890",44.45,NA,NA,NA,NA,NA,NA,NA,NA,NA,NA,NA,NA,NA,NA,NA,NA,NA,NA,NA,NA,194.313,193.674,220.153,191.761,187.549,205.838,207.614,226.123,202.654,195.357,NA,NA,NA,NA,NA,NA,NA,NA,NA,NA,NA,NA,NA,NA,NA,NA,NA,NA,NA,NA,NA,NA,NA,NA,NA,NA,NA,NA,NA,NA,NA,NA,NA,NA,NA,NA,NA,NA,NA,NA,NA,NA,NA,NA,NA,NA,NA,NA,NA,NA,NA,NA,NA,NA,NA,NA,NA,NA,NA,NA,NA,NA,NA,NA,NA,NA,NA,NA,NA,NA,NA,NA,NA,NA,NA,NA,NA,NA,NA,NA,NA,NA,NA,NA,NA,NA,NA,NA,NA,NA,NA,NA,NA,NA,NA,NA,NA,NA,NA,NA
"891",44.5,NA,NA,NA,NA,NA,NA,NA,NA,NA,NA,NA,NA,NA,NA,NA,NA,NA,NA,NA,NA,194.336,195.396,219.106,190.899,188.627,205.979,207.278,224.12,203.093,195.101,NA,NA,NA,NA,NA,NA,NA,NA,NA,NA,NA,NA,NA,NA,NA,NA,NA,NA,NA,NA,NA,NA,NA,NA,NA,NA,NA,NA,NA,NA,NA,NA,NA,NA,NA,NA,NA,NA,NA,NA,NA,NA,NA,NA,NA,NA,NA,NA,NA,NA,NA,NA,NA,NA,NA,NA,NA,NA,NA,NA,NA,NA,NA,NA,NA,NA,NA,NA,NA,NA,NA,NA,NA,NA,NA,NA,NA,NA,NA,NA,NA,NA,NA,NA,NA,NA,NA,NA,NA,NA,NA,NA,NA,NA,NA,NA,NA,NA,NA,NA
"892",44.55,NA,NA,NA,NA,NA,NA,NA,NA,NA,NA,NA,NA,NA,NA,NA,NA,NA,NA,NA,NA,194.227,195.099,219.43,190.4,186.563,206.08,207.697,224.692,202.707,195.245,NA,NA,NA,NA,NA,NA,NA,NA,NA,NA,NA,NA,NA,NA,NA,NA,NA,NA,NA,NA,NA,NA,NA,NA,NA,NA,NA,NA,NA,NA,NA,NA,NA,NA,NA,NA,NA,NA,NA,NA,NA,NA,NA,NA,NA,NA,NA,NA,NA,NA,NA,NA,NA,NA,NA,NA,NA,NA,NA,NA,NA,NA,NA,NA,NA,NA,NA,NA,NA,NA,NA,NA,NA,NA,NA,NA,NA,NA,NA,NA,NA,NA,NA,NA,NA,NA,NA,NA,NA,NA,NA,NA,NA,NA,NA,NA,NA,NA,NA,NA
"893",44.6,NA,NA,NA,NA,NA,NA,NA,NA,NA,NA,NA,NA,NA,NA,NA,NA,NA,NA,NA,NA,194.273,195.061,219.703,190.922,187.158,205.959,207.317,224.784,203.259,195.223,NA,NA,NA,NA,NA,NA,NA,NA,NA,NA,NA,NA,NA,NA,NA,NA,NA,NA,NA,NA,NA,NA,NA,NA,NA,NA,NA,NA,NA,NA,NA,NA,NA,NA,NA,NA,NA,NA,NA,NA,NA,NA,NA,NA,NA,NA,NA,NA,NA,NA,NA,NA,NA,NA,NA,NA,NA,NA,NA,NA,NA,NA,NA,NA,NA,NA,NA,NA,NA,NA,NA,NA,NA,NA,NA,NA,NA,NA,NA,NA,NA,NA,NA,NA,NA,NA,NA,NA,NA,NA,NA,NA,NA,NA,NA,NA,NA,NA,NA,NA
"894",44.65,NA,NA,NA,NA,NA,NA,NA,NA,NA,NA,NA,NA,NA,NA,NA,NA,NA,NA,NA,NA,194.402,196.644,219.391,190.828,187.535,205.931,207.285,224.577,203.376,195.129,NA,NA,NA,NA,NA,NA,NA,NA,NA,NA,NA,NA,NA,NA,NA,NA,NA,NA,NA,NA,NA,NA,NA,NA,NA,NA,NA,NA,NA,NA,NA,NA,NA,NA,NA,NA,NA,NA,NA,NA,NA,NA,NA,NA,NA,NA,NA,NA,NA,NA,NA,NA,NA,NA,NA,NA,NA,NA,NA,NA,NA,NA,NA,NA,NA,NA,NA,NA,NA,NA,NA,NA,NA,NA,NA,NA,NA,NA,NA,NA,NA,NA,NA,NA,NA,NA,NA,NA,NA,NA,NA,NA,NA,NA,NA,NA,NA,NA,NA,NA
"895",44.7,NA,NA,NA,NA,NA,NA,NA,NA,NA,NA,NA,NA,NA,NA,NA,NA,NA,NA,NA,NA,194.381,194.911,219.613,191.276,188.13,206.045,207.286,225.24,202.873,195.262,NA,NA,NA,NA,NA,NA,NA,NA,NA,NA,NA,NA,NA,NA,NA,NA,NA,NA,NA,NA,NA,NA,NA,NA,NA,NA,NA,NA,NA,NA,NA,NA,NA,NA,NA,NA,NA,NA,NA,NA,NA,NA,NA,NA,NA,NA,NA,NA,NA,NA,NA,NA,NA,NA,NA,NA,NA,NA,NA,NA,NA,NA,NA,NA,NA,NA,NA,NA,NA,NA,NA,NA,NA,NA,NA,NA,NA,NA,NA,NA,NA,NA,NA,NA,NA,NA,NA,NA,NA,NA,NA,NA,NA,NA,NA,NA,NA,NA,NA,NA
"896",44.75,NA,NA,NA,NA,NA,NA,NA,NA,NA,NA,NA,NA,NA,NA,NA,NA,NA,NA,NA,NA,194.245,195.61,221.544,191.334,188.907,205.961,207.58,224.258,202.996,195.213,NA,NA,NA,NA,NA,NA,NA,NA,NA,NA,NA,NA,NA,NA,NA,NA,NA,NA,NA,NA,NA,NA,NA,NA,NA,NA,NA,NA,NA,NA,NA,NA,NA,NA,NA,NA,NA,NA,NA,NA,NA,NA,NA,NA,NA,NA,NA,NA,NA,NA,NA,NA,NA,NA,NA,NA,NA,NA,NA,NA,NA,NA,NA,NA,NA,NA,NA,NA,NA,NA,NA,NA,NA,NA,NA,NA,NA,NA,NA,NA,NA,NA,NA,NA,NA,NA,NA,NA,NA,NA,NA,NA,NA,NA,NA,NA,NA,NA,NA,NA
"897",44.8,NA,NA,NA,NA,NA,NA,NA,NA,NA,NA,NA,NA,NA,NA,NA,NA,NA,NA,NA,NA,194.431,196.015,220.436,190.812,186.979,205.977,207.483,225.154,203.323,195.123,NA,NA,NA,NA,NA,NA,NA,NA,NA,NA,NA,NA,NA,NA,NA,NA,NA,NA,NA,NA,NA,NA,NA,NA,NA,NA,NA,NA,NA,NA,NA,NA,NA,NA,NA,NA,NA,NA,NA,NA,NA,NA,NA,NA,NA,NA,NA,NA,NA,NA,NA,NA,NA,NA,NA,NA,NA,NA,NA,NA,NA,NA,NA,NA,NA,NA,NA,NA,NA,NA,NA,NA,NA,NA,NA,NA,NA,NA,NA,NA,NA,NA,NA,NA,NA,NA,NA,NA,NA,NA,NA,NA,NA,NA,NA,NA,NA,NA,NA,NA
"898",44.85,NA,NA,NA,NA,NA,NA,NA,NA,NA,NA,NA,NA,NA,NA,NA,NA,NA,NA,NA,NA,194.249,195.364,216.067,190.966,189.305,205.974,207.104,223.433,202.317,195.1,NA,NA,NA,NA,NA,NA,NA,NA,NA,NA,NA,NA,NA,NA,NA,NA,NA,NA,NA,NA,NA,NA,NA,NA,NA,NA,NA,NA,NA,NA,NA,NA,NA,NA,NA,NA,NA,NA,NA,NA,NA,NA,NA,NA,NA,NA,NA,NA,NA,NA,NA,NA,NA,NA,NA,NA,NA,NA,NA,NA,NA,NA,NA,NA,NA,NA,NA,NA,NA,NA,NA,NA,NA,NA,NA,NA,NA,NA,NA,NA,NA,NA,NA,NA,NA,NA,NA,NA,NA,NA,NA,NA,NA,NA,NA,NA,NA,NA,NA,NA
"899",44.9,NA,NA,NA,NA,NA,NA,NA,NA,NA,NA,NA,NA,NA,NA,NA,NA,NA,NA,NA,NA,194.42,195.157,219.33,191.711,187.709,205.924,207.285,224.611,203.35,195.213,NA,NA,NA,NA,NA,NA,NA,NA,NA,NA,NA,NA,NA,NA,NA,NA,NA,NA,NA,NA,NA,NA,NA,NA,NA,NA,NA,NA,NA,NA,NA,NA,NA,NA,NA,NA,NA,NA,NA,NA,NA,NA,NA,NA,NA,NA,NA,NA,NA,NA,NA,NA,NA,NA,NA,NA,NA,NA,NA,NA,NA,NA,NA,NA,NA,NA,NA,NA,NA,NA,NA,NA,NA,NA,NA,NA,NA,NA,NA,NA,NA,NA,NA,NA,NA,NA,NA,NA,NA,NA,NA,NA,NA,NA,NA,NA,NA,NA,NA,NA
"900",44.95,NA,NA,NA,NA,NA,NA,NA,NA,NA,NA,NA,NA,NA,NA,NA,NA,NA,NA,NA,NA,194.46,195.783,219.979,190.822,187.563,205.994,207.399,224.721,203.447,195.101,NA,NA,NA,NA,NA,NA,NA,NA,NA,NA,NA,NA,NA,NA,NA,NA,NA,NA,NA,NA,NA,NA,NA,NA,NA,NA,NA,NA,NA,NA,NA,NA,NA,NA,NA,NA,NA,NA,NA,NA,NA,NA,NA,NA,NA,NA,NA,NA,NA,NA,NA,NA,NA,NA,NA,NA,NA,NA,NA,NA,NA,NA,NA,NA,NA,NA,NA,NA,NA,NA,NA,NA,NA,NA,NA,NA,NA,NA,NA,NA,NA,NA,NA,NA,NA,NA,NA,NA,NA,NA,NA,NA,NA,NA,NA,NA,NA,NA,NA,NA
"901",45,NA,NA,NA,NA,NA,NA,NA,NA,NA,NA,NA,NA,NA,NA,NA,NA,NA,NA,NA,NA,194.457,196.596,215.932,190.256,189.616,205.992,207.411,224.461,202.963,195.221,NA,NA,NA,NA,NA,NA,NA,NA,NA,NA,NA,NA,NA,NA,NA,NA,NA,NA,NA,NA,NA,NA,NA,NA,NA,NA,NA,NA,NA,NA,NA,NA,NA,NA,NA,NA,NA,NA,NA,NA,NA,NA,NA,NA,NA,NA,NA,NA,NA,NA,NA,NA,NA,NA,NA,NA,NA,NA,NA,NA,NA,NA,NA,NA,NA,NA,NA,NA,NA,NA,NA,NA,NA,NA,NA,NA,NA,NA,NA,NA,NA,NA,NA,NA,NA,NA,NA,NA,NA,NA,NA,NA,NA,NA,NA,NA,NA,NA,NA,NA
"902",45.05,NA,NA,NA,NA,NA,NA,NA,NA,NA,NA,NA,NA,NA,NA,NA,NA,NA,NA,NA,NA,194.498,194.551,219.077,191.368,187.926,205.898,207.494,223.553,202.816,195.378,NA,NA,NA,NA,NA,NA,NA,NA,NA,NA,NA,NA,NA,NA,NA,NA,NA,NA,NA,NA,NA,NA,NA,NA,NA,NA,NA,NA,NA,NA,NA,NA,NA,NA,NA,NA,NA,NA,NA,NA,NA,NA,NA,NA,NA,NA,NA,NA,NA,NA,NA,NA,NA,NA,NA,NA,NA,NA,NA,NA,NA,NA,NA,NA,NA,NA,NA,NA,NA,NA,NA,NA,NA,NA,NA,NA,NA,NA,NA,NA,NA,NA,NA,NA,NA,NA,NA,NA,NA,NA,NA,NA,NA,NA,NA,NA,NA,NA,NA,NA
"903",45.1,NA,NA,NA,NA,NA,NA,NA,NA,NA,NA,NA,NA,NA,NA,NA,NA,NA,NA,NA,NA,194.607,196.228,220.002,191.223,188.912,205.806,207.505,225.362,202.964,195.004,NA,NA,NA,NA,NA,NA,NA,NA,NA,NA,NA,NA,NA,NA,NA,NA,NA,NA,NA,NA,NA,NA,NA,NA,NA,NA,NA,NA,NA,NA,NA,NA,NA,NA,NA,NA,NA,NA,NA,NA,NA,NA,NA,NA,NA,NA,NA,NA,NA,NA,NA,NA,NA,NA,NA,NA,NA,NA,NA,NA,NA,NA,NA,NA,NA,NA,NA,NA,NA,NA,NA,NA,NA,NA,NA,NA,NA,NA,NA,NA,NA,NA,NA,NA,NA,NA,NA,NA,NA,NA,NA,NA,NA,NA,NA,NA,NA,NA,NA,NA
"904",45.15,NA,NA,NA,NA,NA,NA,NA,NA,NA,NA,NA,NA,NA,NA,NA,NA,NA,NA,NA,NA,194.526,196.846,219.783,190.346,186.02,205.867,207.278,223.547,202.572,195.246,NA,NA,NA,NA,NA,NA,NA,NA,NA,NA,NA,NA,NA,NA,NA,NA,NA,NA,NA,NA,NA,NA,NA,NA,NA,NA,NA,NA,NA,NA,NA,NA,NA,NA,NA,NA,NA,NA,NA,NA,NA,NA,NA,NA,NA,NA,NA,NA,NA,NA,NA,NA,NA,NA,NA,NA,NA,NA,NA,NA,NA,NA,NA,NA,NA,NA,NA,NA,NA,NA,NA,NA,NA,NA,NA,NA,NA,NA,NA,NA,NA,NA,NA,NA,NA,NA,NA,NA,NA,NA,NA,NA,NA,NA,NA,NA,NA,NA,NA,NA
"905",45.2,NA,NA,NA,NA,NA,NA,NA,NA,NA,NA,NA,NA,NA,NA,NA,NA,NA,NA,NA,NA,194.567,196.648,218.533,190.249,187.104,206.126,207.343,225.042,203.344,195.076,NA,NA,NA,NA,NA,NA,NA,NA,NA,NA,NA,NA,NA,NA,NA,NA,NA,NA,NA,NA,NA,NA,NA,NA,NA,NA,NA,NA,NA,NA,NA,NA,NA,NA,NA,NA,NA,NA,NA,NA,NA,NA,NA,NA,NA,NA,NA,NA,NA,NA,NA,NA,NA,NA,NA,NA,NA,NA,NA,NA,NA,NA,NA,NA,NA,NA,NA,NA,NA,NA,NA,NA,NA,NA,NA,NA,NA,NA,NA,NA,NA,NA,NA,NA,NA,NA,NA,NA,NA,NA,NA,NA,NA,NA,NA,NA,NA,NA,NA,NA
"906",45.25,NA,NA,NA,NA,NA,NA,NA,NA,NA,NA,NA,NA,NA,NA,NA,NA,NA,NA,NA,NA,194.658,196.941,218.756,190.816,186.897,205.907,207.38,223.604,202.685,195.168,NA,NA,NA,NA,NA,NA,NA,NA,NA,NA,NA,NA,NA,NA,NA,NA,NA,NA,NA,NA,NA,NA,NA,NA,NA,NA,NA,NA,NA,NA,NA,NA,NA,NA,NA,NA,NA,NA,NA,NA,NA,NA,NA,NA,NA,NA,NA,NA,NA,NA,NA,NA,NA,NA,NA,NA,NA,NA,NA,NA,NA,NA,NA,NA,NA,NA,NA,NA,NA,NA,NA,NA,NA,NA,NA,NA,NA,NA,NA,NA,NA,NA,NA,NA,NA,NA,NA,NA,NA,NA,NA,NA,NA,NA,NA,NA,NA,NA,NA,NA
"907",45.3,NA,NA,NA,NA,NA,NA,NA,NA,NA,NA,NA,NA,NA,NA,NA,NA,NA,NA,NA,NA,194.655,195.68,219.953,191.306,190.955,205.954,207.337,224.329,202.851,195.171,NA,NA,NA,NA,NA,NA,NA,NA,NA,NA,NA,NA,NA,NA,NA,NA,NA,NA,NA,NA,NA,NA,NA,NA,NA,NA,NA,NA,NA,NA,NA,NA,NA,NA,NA,NA,NA,NA,NA,NA,NA,NA,NA,NA,NA,NA,NA,NA,NA,NA,NA,NA,NA,NA,NA,NA,NA,NA,NA,NA,NA,NA,NA,NA,NA,NA,NA,NA,NA,NA,NA,NA,NA,NA,NA,NA,NA,NA,NA,NA,NA,NA,NA,NA,NA,NA,NA,NA,NA,NA,NA,NA,NA,NA,NA,NA,NA,NA,NA,NA
"908",45.35,NA,NA,NA,NA,NA,NA,NA,NA,NA,NA,NA,NA,NA,NA,NA,NA,NA,NA,NA,NA,194.694,196.308,219.936,190.434,185.971,206.088,207.448,224.55,202.864,195.111,NA,NA,NA,NA,NA,NA,NA,NA,NA,NA,NA,NA,NA,NA,NA,NA,NA,NA,NA,NA,NA,NA,NA,NA,NA,NA,NA,NA,NA,NA,NA,NA,NA,NA,NA,NA,NA,NA,NA,NA,NA,NA,NA,NA,NA,NA,NA,NA,NA,NA,NA,NA,NA,NA,NA,NA,NA,NA,NA,NA,NA,NA,NA,NA,NA,NA,NA,NA,NA,NA,NA,NA,NA,NA,NA,NA,NA,NA,NA,NA,NA,NA,NA,NA,NA,NA,NA,NA,NA,NA,NA,NA,NA,NA,NA,NA,NA,NA,NA,NA
"909",45.4,NA,NA,NA,NA,NA,NA,NA,NA,NA,NA,NA,NA,NA,NA,NA,NA,NA,NA,NA,NA,194.748,196.736,218.28,192.1,188.55,206.001,207.378,224.941,202.623,195.207,NA,NA,NA,NA,NA,NA,NA,NA,NA,NA,NA,NA,NA,NA,NA,NA,NA,NA,NA,NA,NA,NA,NA,NA,NA,NA,NA,NA,NA,NA,NA,NA,NA,NA,NA,NA,NA,NA,NA,NA,NA,NA,NA,NA,NA,NA,NA,NA,NA,NA,NA,NA,NA,NA,NA,NA,NA,NA,NA,NA,NA,NA,NA,NA,NA,NA,NA,NA,NA,NA,NA,NA,NA,NA,NA,NA,NA,NA,NA,NA,NA,NA,NA,NA,NA,NA,NA,NA,NA,NA,NA,NA,NA,NA,NA,NA,NA,NA,NA,NA
"910",45.45,NA,NA,NA,NA,NA,NA,NA,NA,NA,NA,NA,NA,NA,NA,NA,NA,NA,NA,NA,NA,194.818,196.078,217.719,191.722,187.808,205.91,207.332,224.658,202.548,195.08,NA,NA,NA,NA,NA,NA,NA,NA,NA,NA,NA,NA,NA,NA,NA,NA,NA,NA,NA,NA,NA,NA,NA,NA,NA,NA,NA,NA,NA,NA,NA,NA,NA,NA,NA,NA,NA,NA,NA,NA,NA,NA,NA,NA,NA,NA,NA,NA,NA,NA,NA,NA,NA,NA,NA,NA,NA,NA,NA,NA,NA,NA,NA,NA,NA,NA,NA,NA,NA,NA,NA,NA,NA,NA,NA,NA,NA,NA,NA,NA,NA,NA,NA,NA,NA,NA,NA,NA,NA,NA,NA,NA,NA,NA,NA,NA,NA,NA,NA,NA
"911",45.5,NA,NA,NA,NA,NA,NA,NA,NA,NA,NA,NA,NA,NA,NA,NA,NA,NA,NA,NA,NA,194.636,198.089,219.579,190.968,189.112,205.942,207.529,225.466,204.238,195.233,NA,NA,NA,NA,NA,NA,NA,NA,NA,NA,NA,NA,NA,NA,NA,NA,NA,NA,NA,NA,NA,NA,NA,NA,NA,NA,NA,NA,NA,NA,NA,NA,NA,NA,NA,NA,NA,NA,NA,NA,NA,NA,NA,NA,NA,NA,NA,NA,NA,NA,NA,NA,NA,NA,NA,NA,NA,NA,NA,NA,NA,NA,NA,NA,NA,NA,NA,NA,NA,NA,NA,NA,NA,NA,NA,NA,NA,NA,NA,NA,NA,NA,NA,NA,NA,NA,NA,NA,NA,NA,NA,NA,NA,NA,NA,NA,NA,NA,NA,NA
"912",45.55,NA,NA,NA,NA,NA,NA,NA,NA,NA,NA,NA,NA,NA,NA,NA,NA,NA,NA,NA,NA,194.77,195.093,219.331,190.893,188.517,206.019,207.422,224.91,202.314,195.088,NA,NA,NA,NA,NA,NA,NA,NA,NA,NA,NA,NA,NA,NA,NA,NA,NA,NA,NA,NA,NA,NA,NA,NA,NA,NA,NA,NA,NA,NA,NA,NA,NA,NA,NA,NA,NA,NA,NA,NA,NA,NA,NA,NA,NA,NA,NA,NA,NA,NA,NA,NA,NA,NA,NA,NA,NA,NA,NA,NA,NA,NA,NA,NA,NA,NA,NA,NA,NA,NA,NA,NA,NA,NA,NA,NA,NA,NA,NA,NA,NA,NA,NA,NA,NA,NA,NA,NA,NA,NA,NA,NA,NA,NA,NA,NA,NA,NA,NA,NA
"913",45.6,NA,NA,NA,NA,NA,NA,NA,NA,NA,NA,NA,NA,NA,NA,NA,NA,NA,NA,NA,NA,194.825,196.354,217.078,191.465,188.083,205.998,207.469,224.839,203.526,195.085,NA,NA,NA,NA,NA,NA,NA,NA,NA,NA,NA,NA,NA,NA,NA,NA,NA,NA,NA,NA,NA,NA,NA,NA,NA,NA,NA,NA,NA,NA,NA,NA,NA,NA,NA,NA,NA,NA,NA,NA,NA,NA,NA,NA,NA,NA,NA,NA,NA,NA,NA,NA,NA,NA,NA,NA,NA,NA,NA,NA,NA,NA,NA,NA,NA,NA,NA,NA,NA,NA,NA,NA,NA,NA,NA,NA,NA,NA,NA,NA,NA,NA,NA,NA,NA,NA,NA,NA,NA,NA,NA,NA,NA,NA,NA,NA,NA,NA,NA,NA
"914",45.65,NA,NA,NA,NA,NA,NA,NA,NA,NA,NA,NA,NA,NA,NA,NA,NA,NA,NA,NA,NA,194.852,195.742,218.435,191.618,186.613,206.077,207.647,224.653,202.07,195.106,NA,NA,NA,NA,NA,NA,NA,NA,NA,NA,NA,NA,NA,NA,NA,NA,NA,NA,NA,NA,NA,NA,NA,NA,NA,NA,NA,NA,NA,NA,NA,NA,NA,NA,NA,NA,NA,NA,NA,NA,NA,NA,NA,NA,NA,NA,NA,NA,NA,NA,NA,NA,NA,NA,NA,NA,NA,NA,NA,NA,NA,NA,NA,NA,NA,NA,NA,NA,NA,NA,NA,NA,NA,NA,NA,NA,NA,NA,NA,NA,NA,NA,NA,NA,NA,NA,NA,NA,NA,NA,NA,NA,NA,NA,NA,NA,NA,NA,NA,NA
"915",45.7,NA,NA,NA,NA,NA,NA,NA,NA,NA,NA,NA,NA,NA,NA,NA,NA,NA,NA,NA,NA,194.772,197.749,219.349,191.434,188.593,205.92,207.564,226.224,202.581,195.246,NA,NA,NA,NA,NA,NA,NA,NA,NA,NA,NA,NA,NA,NA,NA,NA,NA,NA,NA,NA,NA,NA,NA,NA,NA,NA,NA,NA,NA,NA,NA,NA,NA,NA,NA,NA,NA,NA,NA,NA,NA,NA,NA,NA,NA,NA,NA,NA,NA,NA,NA,NA,NA,NA,NA,NA,NA,NA,NA,NA,NA,NA,NA,NA,NA,NA,NA,NA,NA,NA,NA,NA,NA,NA,NA,NA,NA,NA,NA,NA,NA,NA,NA,NA,NA,NA,NA,NA,NA,NA,NA,NA,NA,NA,NA,NA,NA,NA,NA,NA
"916",45.75,NA,NA,NA,NA,NA,NA,NA,NA,NA,NA,NA,NA,NA,NA,NA,NA,NA,NA,NA,NA,194.805,197.175,217.589,190.854,188.759,206.12,207.369,224.844,203.028,195.211,NA,NA,NA,NA,NA,NA,NA,NA,NA,NA,NA,NA,NA,NA,NA,NA,NA,NA,NA,NA,NA,NA,NA,NA,NA,NA,NA,NA,NA,NA,NA,NA,NA,NA,NA,NA,NA,NA,NA,NA,NA,NA,NA,NA,NA,NA,NA,NA,NA,NA,NA,NA,NA,NA,NA,NA,NA,NA,NA,NA,NA,NA,NA,NA,NA,NA,NA,NA,NA,NA,NA,NA,NA,NA,NA,NA,NA,NA,NA,NA,NA,NA,NA,NA,NA,NA,NA,NA,NA,NA,NA,NA,NA,NA,NA,NA,NA,NA,NA,NA
"917",45.8,NA,NA,NA,NA,NA,NA,NA,NA,NA,NA,NA,NA,NA,NA,NA,NA,NA,NA,NA,NA,194.828,197.108,220.779,191.075,188.015,205.896,207.56,224.457,203.582,195.15,NA,NA,NA,NA,NA,NA,NA,NA,NA,NA,NA,NA,NA,NA,NA,NA,NA,NA,NA,NA,NA,NA,NA,NA,NA,NA,NA,NA,NA,NA,NA,NA,NA,NA,NA,NA,NA,NA,NA,NA,NA,NA,NA,NA,NA,NA,NA,NA,NA,NA,NA,NA,NA,NA,NA,NA,NA,NA,NA,NA,NA,NA,NA,NA,NA,NA,NA,NA,NA,NA,NA,NA,NA,NA,NA,NA,NA,NA,NA,NA,NA,NA,NA,NA,NA,NA,NA,NA,NA,NA,NA,NA,NA,NA,NA,NA,NA,NA,NA,NA
"918",45.85,NA,NA,NA,NA,NA,NA,NA,NA,NA,NA,NA,NA,NA,NA,NA,NA,NA,NA,NA,NA,194.853,198.58,219.205,191.021,188.604,205.993,207.362,224.857,203.029,195.138,NA,NA,NA,NA,NA,NA,NA,NA,NA,NA,NA,NA,NA,NA,NA,NA,NA,NA,NA,NA,NA,NA,NA,NA,NA,NA,NA,NA,NA,NA,NA,NA,NA,NA,NA,NA,NA,NA,NA,NA,NA,NA,NA,NA,NA,NA,NA,NA,NA,NA,NA,NA,NA,NA,NA,NA,NA,NA,NA,NA,NA,NA,NA,NA,NA,NA,NA,NA,NA,NA,NA,NA,NA,NA,NA,NA,NA,NA,NA,NA,NA,NA,NA,NA,NA,NA,NA,NA,NA,NA,NA,NA,NA,NA,NA,NA,NA,NA,NA,NA
"919",45.9,NA,NA,NA,NA,NA,NA,NA,NA,NA,NA,NA,NA,NA,NA,NA,NA,NA,NA,NA,NA,194.895,196.305,219.148,191.375,188.193,205.913,207.559,224.269,201.949,195.01,NA,NA,NA,NA,NA,NA,NA,NA,NA,NA,NA,NA,NA,NA,NA,NA,NA,NA,NA,NA,NA,NA,NA,NA,NA,NA,NA,NA,NA,NA,NA,NA,NA,NA,NA,NA,NA,NA,NA,NA,NA,NA,NA,NA,NA,NA,NA,NA,NA,NA,NA,NA,NA,NA,NA,NA,NA,NA,NA,NA,NA,NA,NA,NA,NA,NA,NA,NA,NA,NA,NA,NA,NA,NA,NA,NA,NA,NA,NA,NA,NA,NA,NA,NA,NA,NA,NA,NA,NA,NA,NA,NA,NA,NA,NA,NA,NA,NA,NA,NA
"920",45.95,NA,NA,NA,NA,NA,NA,NA,NA,NA,NA,NA,NA,NA,NA,NA,NA,NA,NA,NA,NA,194.943,196.21,219.656,191.826,189.514,206.041,207.474,225.305,203.005,195.254,NA,NA,NA,NA,NA,NA,NA,NA,NA,NA,NA,NA,NA,NA,NA,NA,NA,NA,NA,NA,NA,NA,NA,NA,NA,NA,NA,NA,NA,NA,NA,NA,NA,NA,NA,NA,NA,NA,NA,NA,NA,NA,NA,NA,NA,NA,NA,NA,NA,NA,NA,NA,NA,NA,NA,NA,NA,NA,NA,NA,NA,NA,NA,NA,NA,NA,NA,NA,NA,NA,NA,NA,NA,NA,NA,NA,NA,NA,NA,NA,NA,NA,NA,NA,NA,NA,NA,NA,NA,NA,NA,NA,NA,NA,NA,NA,NA,NA,NA,NA
"921",46,NA,NA,NA,NA,NA,NA,NA,NA,NA,NA,NA,NA,NA,NA,NA,NA,NA,NA,NA,NA,194.956,197.999,218.913,190.854,188.849,205.682,207.324,225.418,202.899,195.245,NA,NA,NA,NA,NA,NA,NA,NA,NA,NA,NA,NA,NA,NA,NA,NA,NA,NA,NA,NA,NA,NA,NA,NA,NA,NA,NA,NA,NA,NA,NA,NA,NA,NA,NA,NA,NA,NA,NA,NA,NA,NA,NA,NA,NA,NA,NA,NA,NA,NA,NA,NA,NA,NA,NA,NA,NA,NA,NA,NA,NA,NA,NA,NA,NA,NA,NA,NA,NA,NA,NA,NA,NA,NA,NA,NA,NA,NA,NA,NA,NA,NA,NA,NA,NA,NA,NA,NA,NA,NA,NA,NA,NA,NA,NA,NA,NA,NA,NA,NA
"922",46.05,NA,NA,NA,NA,NA,NA,NA,NA,NA,NA,NA,NA,NA,NA,NA,NA,NA,NA,NA,NA,194.962,197.44,221.894,191.334,187.699,205.988,207.134,225.263,202.583,195.097,NA,NA,NA,NA,NA,NA,NA,NA,NA,NA,NA,NA,NA,NA,NA,NA,NA,NA,NA,NA,NA,NA,NA,NA,NA,NA,NA,NA,NA,NA,NA,NA,NA,NA,NA,NA,NA,NA,NA,NA,NA,NA,NA,NA,NA,NA,NA,NA,NA,NA,NA,NA,NA,NA,NA,NA,NA,NA,NA,NA,NA,NA,NA,NA,NA,NA,NA,NA,NA,NA,NA,NA,NA,NA,NA,NA,NA,NA,NA,NA,NA,NA,NA,NA,NA,NA,NA,NA,NA,NA,NA,NA,NA,NA,NA,NA,NA,NA,NA,NA
"923",46.1,NA,NA,NA,NA,NA,NA,NA,NA,NA,NA,NA,NA,NA,NA,NA,NA,NA,NA,NA,NA,195.034,197.309,218.155,190.749,188.744,205.966,207.471,223.721,203.568,195.128,NA,NA,NA,NA,NA,NA,NA,NA,NA,NA,NA,NA,NA,NA,NA,NA,NA,NA,NA,NA,NA,NA,NA,NA,NA,NA,NA,NA,NA,NA,NA,NA,NA,NA,NA,NA,NA,NA,NA,NA,NA,NA,NA,NA,NA,NA,NA,NA,NA,NA,NA,NA,NA,NA,NA,NA,NA,NA,NA,NA,NA,NA,NA,NA,NA,NA,NA,NA,NA,NA,NA,NA,NA,NA,NA,NA,NA,NA,NA,NA,NA,NA,NA,NA,NA,NA,NA,NA,NA,NA,NA,NA,NA,NA,NA,NA,NA,NA,NA,NA
"924",46.15,NA,NA,NA,NA,NA,NA,NA,NA,NA,NA,NA,NA,NA,NA,NA,NA,NA,NA,NA,NA,194.968,197.157,219.5,191.816,186.33,205.837,207.357,223.904,203.139,195.25,NA,NA,NA,NA,NA,NA,NA,NA,NA,NA,NA,NA,NA,NA,NA,NA,NA,NA,NA,NA,NA,NA,NA,NA,NA,NA,NA,NA,NA,NA,NA,NA,NA,NA,NA,NA,NA,NA,NA,NA,NA,NA,NA,NA,NA,NA,NA,NA,NA,NA,NA,NA,NA,NA,NA,NA,NA,NA,NA,NA,NA,NA,NA,NA,NA,NA,NA,NA,NA,NA,NA,NA,NA,NA,NA,NA,NA,NA,NA,NA,NA,NA,NA,NA,NA,NA,NA,NA,NA,NA,NA,NA,NA,NA,NA,NA,NA,NA,NA,NA
"925",46.2,NA,NA,NA,NA,NA,NA,NA,NA,NA,NA,NA,NA,NA,NA,NA,NA,NA,NA,NA,NA,194.993,197.692,218.969,191.622,188.058,206.039,207.528,221.487,203.399,194.968,NA,NA,NA,NA,NA,NA,NA,NA,NA,NA,NA,NA,NA,NA,NA,NA,NA,NA,NA,NA,NA,NA,NA,NA,NA,NA,NA,NA,NA,NA,NA,NA,NA,NA,NA,NA,NA,NA,NA,NA,NA,NA,NA,NA,NA,NA,NA,NA,NA,NA,NA,NA,NA,NA,NA,NA,NA,NA,NA,NA,NA,NA,NA,NA,NA,NA,NA,NA,NA,NA,NA,NA,NA,NA,NA,NA,NA,NA,NA,NA,NA,NA,NA,NA,NA,NA,NA,NA,NA,NA,NA,NA,NA,NA,NA,NA,NA,NA,NA,NA
"926",46.25,NA,NA,NA,NA,NA,NA,NA,NA,NA,NA,NA,NA,NA,NA,NA,NA,NA,NA,NA,NA,195.123,197.207,220.094,191.558,187.122,205.914,207.574,224.726,202.287,195.175,NA,NA,NA,NA,NA,NA,NA,NA,NA,NA,NA,NA,NA,NA,NA,NA,NA,NA,NA,NA,NA,NA,NA,NA,NA,NA,NA,NA,NA,NA,NA,NA,NA,NA,NA,NA,NA,NA,NA,NA,NA,NA,NA,NA,NA,NA,NA,NA,NA,NA,NA,NA,NA,NA,NA,NA,NA,NA,NA,NA,NA,NA,NA,NA,NA,NA,NA,NA,NA,NA,NA,NA,NA,NA,NA,NA,NA,NA,NA,NA,NA,NA,NA,NA,NA,NA,NA,NA,NA,NA,NA,NA,NA,NA,NA,NA,NA,NA,NA,NA
"927",46.3,NA,NA,NA,NA,NA,NA,NA,NA,NA,NA,NA,NA,NA,NA,NA,NA,NA,NA,NA,NA,195.107,197.586,218.775,191.304,190.191,205.987,207.413,224.589,203.223,195.172,NA,NA,NA,NA,NA,NA,NA,NA,NA,NA,NA,NA,NA,NA,NA,NA,NA,NA,NA,NA,NA,NA,NA,NA,NA,NA,NA,NA,NA,NA,NA,NA,NA,NA,NA,NA,NA,NA,NA,NA,NA,NA,NA,NA,NA,NA,NA,NA,NA,NA,NA,NA,NA,NA,NA,NA,NA,NA,NA,NA,NA,NA,NA,NA,NA,NA,NA,NA,NA,NA,NA,NA,NA,NA,NA,NA,NA,NA,NA,NA,NA,NA,NA,NA,NA,NA,NA,NA,NA,NA,NA,NA,NA,NA,NA,NA,NA,NA,NA,NA
"928",46.35,NA,NA,NA,NA,NA,NA,NA,NA,NA,NA,NA,NA,NA,NA,NA,NA,NA,NA,NA,NA,195.247,196.431,218.775,191.285,188.291,205.958,207.603,223.729,203.057,195.062,NA,NA,NA,NA,NA,NA,NA,NA,NA,NA,NA,NA,NA,NA,NA,NA,NA,NA,NA,NA,NA,NA,NA,NA,NA,NA,NA,NA,NA,NA,NA,NA,NA,NA,NA,NA,NA,NA,NA,NA,NA,NA,NA,NA,NA,NA,NA,NA,NA,NA,NA,NA,NA,NA,NA,NA,NA,NA,NA,NA,NA,NA,NA,NA,NA,NA,NA,NA,NA,NA,NA,NA,NA,NA,NA,NA,NA,NA,NA,NA,NA,NA,NA,NA,NA,NA,NA,NA,NA,NA,NA,NA,NA,NA,NA,NA,NA,NA,NA,NA
"929",46.4,NA,NA,NA,NA,NA,NA,NA,NA,NA,NA,NA,NA,NA,NA,NA,NA,NA,NA,NA,NA,195.154,198.626,219.5,190.084,188.258,205.793,207.453,226.103,202.169,194.962,NA,NA,NA,NA,NA,NA,NA,NA,NA,NA,NA,NA,NA,NA,NA,NA,NA,NA,NA,NA,NA,NA,NA,NA,NA,NA,NA,NA,NA,NA,NA,NA,NA,NA,NA,NA,NA,NA,NA,NA,NA,NA,NA,NA,NA,NA,NA,NA,NA,NA,NA,NA,NA,NA,NA,NA,NA,NA,NA,NA,NA,NA,NA,NA,NA,NA,NA,NA,NA,NA,NA,NA,NA,NA,NA,NA,NA,NA,NA,NA,NA,NA,NA,NA,NA,NA,NA,NA,NA,NA,NA,NA,NA,NA,NA,NA,NA,NA,NA,NA
"930",46.45,NA,NA,NA,NA,NA,NA,NA,NA,NA,NA,NA,NA,NA,NA,NA,NA,NA,NA,NA,NA,195.102,197.58,220.094,190.793,187.449,205.951,207.483,224.758,203.303,194.994,NA,NA,NA,NA,NA,NA,NA,NA,NA,NA,NA,NA,NA,NA,NA,NA,NA,NA,NA,NA,NA,NA,NA,NA,NA,NA,NA,NA,NA,NA,NA,NA,NA,NA,NA,NA,NA,NA,NA,NA,NA,NA,NA,NA,NA,NA,NA,NA,NA,NA,NA,NA,NA,NA,NA,NA,NA,NA,NA,NA,NA,NA,NA,NA,NA,NA,NA,NA,NA,NA,NA,NA,NA,NA,NA,NA,NA,NA,NA,NA,NA,NA,NA,NA,NA,NA,NA,NA,NA,NA,NA,NA,NA,NA,NA,NA,NA,NA,NA,NA
"931",46.5,NA,NA,NA,NA,NA,NA,NA,NA,NA,NA,NA,NA,NA,NA,NA,NA,NA,NA,NA,NA,195.248,196.681,220.311,191.094,189.53,205.907,207.168,224.396,201.905,195.15,NA,NA,NA,NA,NA,NA,NA,NA,NA,NA,NA,NA,NA,NA,NA,NA,NA,NA,NA,NA,NA,NA,NA,NA,NA,NA,NA,NA,NA,NA,NA,NA,NA,NA,NA,NA,NA,NA,NA,NA,NA,NA,NA,NA,NA,NA,NA,NA,NA,NA,NA,NA,NA,NA,NA,NA,NA,NA,NA,NA,NA,NA,NA,NA,NA,NA,NA,NA,NA,NA,NA,NA,NA,NA,NA,NA,NA,NA,NA,NA,NA,NA,NA,NA,NA,NA,NA,NA,NA,NA,NA,NA,NA,NA,NA,NA,NA,NA,NA,NA
"932",46.55,NA,NA,NA,NA,NA,NA,NA,NA,NA,NA,NA,NA,NA,NA,NA,NA,NA,NA,NA,NA,195.329,198.135,219.309,191.412,188.447,205.879,207.391,223.741,202.564,194.993,NA,NA,NA,NA,NA,NA,NA,NA,NA,NA,NA,NA,NA,NA,NA,NA,NA,NA,NA,NA,NA,NA,NA,NA,NA,NA,NA,NA,NA,NA,NA,NA,NA,NA,NA,NA,NA,NA,NA,NA,NA,NA,NA,NA,NA,NA,NA,NA,NA,NA,NA,NA,NA,NA,NA,NA,NA,NA,NA,NA,NA,NA,NA,NA,NA,NA,NA,NA,NA,NA,NA,NA,NA,NA,NA,NA,NA,NA,NA,NA,NA,NA,NA,NA,NA,NA,NA,NA,NA,NA,NA,NA,NA,NA,NA,NA,NA,NA,NA,NA
"933",46.6,NA,NA,NA,NA,NA,NA,NA,NA,NA,NA,NA,NA,NA,NA,NA,NA,NA,NA,NA,NA,195.213,198.32,219.791,190.317,188.069,205.876,207.392,224.64,202.696,195.17,NA,NA,NA,NA,NA,NA,NA,NA,NA,NA,NA,NA,NA,NA,NA,NA,NA,NA,NA,NA,NA,NA,NA,NA,NA,NA,NA,NA,NA,NA,NA,NA,NA,NA,NA,NA,NA,NA,NA,NA,NA,NA,NA,NA,NA,NA,NA,NA,NA,NA,NA,NA,NA,NA,NA,NA,NA,NA,NA,NA,NA,NA,NA,NA,NA,NA,NA,NA,NA,NA,NA,NA,NA,NA,NA,NA,NA,NA,NA,NA,NA,NA,NA,NA,NA,NA,NA,NA,NA,NA,NA,NA,NA,NA,NA,NA,NA,NA,NA,NA
"934",46.65,NA,NA,NA,NA,NA,NA,NA,NA,NA,NA,NA,NA,NA,NA,NA,NA,NA,NA,NA,NA,195.283,198.457,218.282,191.281,187.908,205.879,207.419,225.093,203.104,195.073,NA,NA,NA,NA,NA,NA,NA,NA,NA,NA,NA,NA,NA,NA,NA,NA,NA,NA,NA,NA,NA,NA,NA,NA,NA,NA,NA,NA,NA,NA,NA,NA,NA,NA,NA,NA,NA,NA,NA,NA,NA,NA,NA,NA,NA,NA,NA,NA,NA,NA,NA,NA,NA,NA,NA,NA,NA,NA,NA,NA,NA,NA,NA,NA,NA,NA,NA,NA,NA,NA,NA,NA,NA,NA,NA,NA,NA,NA,NA,NA,NA,NA,NA,NA,NA,NA,NA,NA,NA,NA,NA,NA,NA,NA,NA,NA,NA,NA,NA,NA
"935",46.7,NA,NA,NA,NA,NA,NA,NA,NA,NA,NA,NA,NA,NA,NA,NA,NA,NA,NA,NA,NA,195.324,198.511,219.272,192.107,187.889,205.965,207.671,224.536,203.081,195.104,NA,NA,NA,NA,NA,NA,NA,NA,NA,NA,NA,NA,NA,NA,NA,NA,NA,NA,NA,NA,NA,NA,NA,NA,NA,NA,NA,NA,NA,NA,NA,NA,NA,NA,NA,NA,NA,NA,NA,NA,NA,NA,NA,NA,NA,NA,NA,NA,NA,NA,NA,NA,NA,NA,NA,NA,NA,NA,NA,NA,NA,NA,NA,NA,NA,NA,NA,NA,NA,NA,NA,NA,NA,NA,NA,NA,NA,NA,NA,NA,NA,NA,NA,NA,NA,NA,NA,NA,NA,NA,NA,NA,NA,NA,NA,NA,NA,NA,NA,NA
"936",46.75,NA,NA,NA,NA,NA,NA,NA,NA,NA,NA,NA,NA,NA,NA,NA,NA,NA,NA,NA,NA,195.109,198.433,218.131,191.922,187.017,205.952,207.443,224.075,202.015,194.968,NA,NA,NA,NA,NA,NA,NA,NA,NA,NA,NA,NA,NA,NA,NA,NA,NA,NA,NA,NA,NA,NA,NA,NA,NA,NA,NA,NA,NA,NA,NA,NA,NA,NA,NA,NA,NA,NA,NA,NA,NA,NA,NA,NA,NA,NA,NA,NA,NA,NA,NA,NA,NA,NA,NA,NA,NA,NA,NA,NA,NA,NA,NA,NA,NA,NA,NA,NA,NA,NA,NA,NA,NA,NA,NA,NA,NA,NA,NA,NA,NA,NA,NA,NA,NA,NA,NA,NA,NA,NA,NA,NA,NA,NA,NA,NA,NA,NA,NA,NA
"937",46.8,NA,NA,NA,NA,NA,NA,NA,NA,NA,NA,NA,NA,NA,NA,NA,NA,NA,NA,NA,NA,195.37,198.662,218.78,190.741,189.11,205.959,207.255,225.88,203.435,195.09,NA,NA,NA,NA,NA,NA,NA,NA,NA,NA,NA,NA,NA,NA,NA,NA,NA,NA,NA,NA,NA,NA,NA,NA,NA,NA,NA,NA,NA,NA,NA,NA,NA,NA,NA,NA,NA,NA,NA,NA,NA,NA,NA,NA,NA,NA,NA,NA,NA,NA,NA,NA,NA,NA,NA,NA,NA,NA,NA,NA,NA,NA,NA,NA,NA,NA,NA,NA,NA,NA,NA,NA,NA,NA,NA,NA,NA,NA,NA,NA,NA,NA,NA,NA,NA,NA,NA,NA,NA,NA,NA,NA,NA,NA,NA,NA,NA,NA,NA,NA
"938",46.85,NA,NA,NA,NA,NA,NA,NA,NA,NA,NA,NA,NA,NA,NA,NA,NA,NA,NA,NA,NA,195.282,197.3,218.988,191.09,186.341,205.975,207.441,223.501,202.769,195.085,NA,NA,NA,NA,NA,NA,NA,NA,NA,NA,NA,NA,NA,NA,NA,NA,NA,NA,NA,NA,NA,NA,NA,NA,NA,NA,NA,NA,NA,NA,NA,NA,NA,NA,NA,NA,NA,NA,NA,NA,NA,NA,NA,NA,NA,NA,NA,NA,NA,NA,NA,NA,NA,NA,NA,NA,NA,NA,NA,NA,NA,NA,NA,NA,NA,NA,NA,NA,NA,NA,NA,NA,NA,NA,NA,NA,NA,NA,NA,NA,NA,NA,NA,NA,NA,NA,NA,NA,NA,NA,NA,NA,NA,NA,NA,NA,NA,NA,NA,NA
"939",46.9,NA,NA,NA,NA,NA,NA,NA,NA,NA,NA,NA,NA,NA,NA,NA,NA,NA,NA,NA,NA,195.373,197.187,217.063,191.682,187.375,205.723,207.407,224.435,202.29,195.095,NA,NA,NA,NA,NA,NA,NA,NA,NA,NA,NA,NA,NA,NA,NA,NA,NA,NA,NA,NA,NA,NA,NA,NA,NA,NA,NA,NA,NA,NA,NA,NA,NA,NA,NA,NA,NA,NA,NA,NA,NA,NA,NA,NA,NA,NA,NA,NA,NA,NA,NA,NA,NA,NA,NA,NA,NA,NA,NA,NA,NA,NA,NA,NA,NA,NA,NA,NA,NA,NA,NA,NA,NA,NA,NA,NA,NA,NA,NA,NA,NA,NA,NA,NA,NA,NA,NA,NA,NA,NA,NA,NA,NA,NA,NA,NA,NA,NA,NA,NA
"940",46.95,NA,NA,NA,NA,NA,NA,NA,NA,NA,NA,NA,NA,NA,NA,NA,NA,NA,NA,NA,NA,195.461,197.035,218.717,191.484,187.248,205.799,207.359,224.575,202.462,195.055,NA,NA,NA,NA,NA,NA,NA,NA,NA,NA,NA,NA,NA,NA,NA,NA,NA,NA,NA,NA,NA,NA,NA,NA,NA,NA,NA,NA,NA,NA,NA,NA,NA,NA,NA,NA,NA,NA,NA,NA,NA,NA,NA,NA,NA,NA,NA,NA,NA,NA,NA,NA,NA,NA,NA,NA,NA,NA,NA,NA,NA,NA,NA,NA,NA,NA,NA,NA,NA,NA,NA,NA,NA,NA,NA,NA,NA,NA,NA,NA,NA,NA,NA,NA,NA,NA,NA,NA,NA,NA,NA,NA,NA,NA,NA,NA,NA,NA,NA,NA
"941",47,NA,NA,NA,NA,NA,NA,NA,NA,NA,NA,NA,NA,NA,NA,NA,NA,NA,NA,NA,NA,195.508,198.459,218.861,191.343,186.157,206.03,207.535,226.365,202.981,195.071,NA,NA,NA,NA,NA,NA,NA,NA,NA,NA,NA,NA,NA,NA,NA,NA,NA,NA,NA,NA,NA,NA,NA,NA,NA,NA,NA,NA,NA,NA,NA,NA,NA,NA,NA,NA,NA,NA,NA,NA,NA,NA,NA,NA,NA,NA,NA,NA,NA,NA,NA,NA,NA,NA,NA,NA,NA,NA,NA,NA,NA,NA,NA,NA,NA,NA,NA,NA,NA,NA,NA,NA,NA,NA,NA,NA,NA,NA,NA,NA,NA,NA,NA,NA,NA,NA,NA,NA,NA,NA,NA,NA,NA,NA,NA,NA,NA,NA,NA,NA
"942",47.05,NA,NA,NA,NA,NA,NA,NA,NA,NA,NA,NA,NA,NA,NA,NA,NA,NA,NA,NA,NA,195.438,197.442,219.059,191.03,187.352,205.74,207.32,223.317,203.063,195.066,NA,NA,NA,NA,NA,NA,NA,NA,NA,NA,NA,NA,NA,NA,NA,NA,NA,NA,NA,NA,NA,NA,NA,NA,NA,NA,NA,NA,NA,NA,NA,NA,NA,NA,NA,NA,NA,NA,NA,NA,NA,NA,NA,NA,NA,NA,NA,NA,NA,NA,NA,NA,NA,NA,NA,NA,NA,NA,NA,NA,NA,NA,NA,NA,NA,NA,NA,NA,NA,NA,NA,NA,NA,NA,NA,NA,NA,NA,NA,NA,NA,NA,NA,NA,NA,NA,NA,NA,NA,NA,NA,NA,NA,NA,NA,NA,NA,NA,NA,NA
"943",47.1,NA,NA,NA,NA,NA,NA,NA,NA,NA,NA,NA,NA,NA,NA,NA,NA,NA,NA,NA,NA,195.487,197.295,219.418,190.109,189.291,206.064,207.485,223.313,202.603,195.19,NA,NA,NA,NA,NA,NA,NA,NA,NA,NA,NA,NA,NA,NA,NA,NA,NA,NA,NA,NA,NA,NA,NA,NA,NA,NA,NA,NA,NA,NA,NA,NA,NA,NA,NA,NA,NA,NA,NA,NA,NA,NA,NA,NA,NA,NA,NA,NA,NA,NA,NA,NA,NA,NA,NA,NA,NA,NA,NA,NA,NA,NA,NA,NA,NA,NA,NA,NA,NA,NA,NA,NA,NA,NA,NA,NA,NA,NA,NA,NA,NA,NA,NA,NA,NA,NA,NA,NA,NA,NA,NA,NA,NA,NA,NA,NA,NA,NA,NA,NA
"944",47.15,NA,NA,NA,NA,NA,NA,NA,NA,NA,NA,NA,NA,NA,NA,NA,NA,NA,NA,NA,NA,195.554,198.593,219.338,190.365,187.562,205.79,207.293,223.879,202.703,195.083,NA,NA,NA,NA,NA,NA,NA,NA,NA,NA,NA,NA,NA,NA,NA,NA,NA,NA,NA,NA,NA,NA,NA,NA,NA,NA,NA,NA,NA,NA,NA,NA,NA,NA,NA,NA,NA,NA,NA,NA,NA,NA,NA,NA,NA,NA,NA,NA,NA,NA,NA,NA,NA,NA,NA,NA,NA,NA,NA,NA,NA,NA,NA,NA,NA,NA,NA,NA,NA,NA,NA,NA,NA,NA,NA,NA,NA,NA,NA,NA,NA,NA,NA,NA,NA,NA,NA,NA,NA,NA,NA,NA,NA,NA,NA,NA,NA,NA,NA,NA
"945",47.2,NA,NA,NA,NA,NA,NA,NA,NA,NA,NA,NA,NA,NA,NA,NA,NA,NA,NA,NA,NA,195.597,198.554,219.642,191.446,187.581,205.882,207.432,225.57,201.498,195.116,NA,NA,NA,NA,NA,NA,NA,NA,NA,NA,NA,NA,NA,NA,NA,NA,NA,NA,NA,NA,NA,NA,NA,NA,NA,NA,NA,NA,NA,NA,NA,NA,NA,NA,NA,NA,NA,NA,NA,NA,NA,NA,NA,NA,NA,NA,NA,NA,NA,NA,NA,NA,NA,NA,NA,NA,NA,NA,NA,NA,NA,NA,NA,NA,NA,NA,NA,NA,NA,NA,NA,NA,NA,NA,NA,NA,NA,NA,NA,NA,NA,NA,NA,NA,NA,NA,NA,NA,NA,NA,NA,NA,NA,NA,NA,NA,NA,NA,NA,NA
"946",47.25,NA,NA,NA,NA,NA,NA,NA,NA,NA,NA,NA,NA,NA,NA,NA,NA,NA,NA,NA,NA,195.603,199.793,217.982,191.798,185.579,205.928,207.312,224.704,202.283,194.935,NA,NA,NA,NA,NA,NA,NA,NA,NA,NA,NA,NA,NA,NA,NA,NA,NA,NA,NA,NA,NA,NA,NA,NA,NA,NA,NA,NA,NA,NA,NA,NA,NA,NA,NA,NA,NA,NA,NA,NA,NA,NA,NA,NA,NA,NA,NA,NA,NA,NA,NA,NA,NA,NA,NA,NA,NA,NA,NA,NA,NA,NA,NA,NA,NA,NA,NA,NA,NA,NA,NA,NA,NA,NA,NA,NA,NA,NA,NA,NA,NA,NA,NA,NA,NA,NA,NA,NA,NA,NA,NA,NA,NA,NA,NA,NA,NA,NA,NA,NA
"947",47.3,NA,NA,NA,NA,NA,NA,NA,NA,NA,NA,NA,NA,NA,NA,NA,NA,NA,NA,NA,NA,195.57,198.982,219.358,190.766,186.736,205.744,207.424,225.24,203.627,195.132,NA,NA,NA,NA,NA,NA,NA,NA,NA,NA,NA,NA,NA,NA,NA,NA,NA,NA,NA,NA,NA,NA,NA,NA,NA,NA,NA,NA,NA,NA,NA,NA,NA,NA,NA,NA,NA,NA,NA,NA,NA,NA,NA,NA,NA,NA,NA,NA,NA,NA,NA,NA,NA,NA,NA,NA,NA,NA,NA,NA,NA,NA,NA,NA,NA,NA,NA,NA,NA,NA,NA,NA,NA,NA,NA,NA,NA,NA,NA,NA,NA,NA,NA,NA,NA,NA,NA,NA,NA,NA,NA,NA,NA,NA,NA,NA,NA,NA,NA,NA
"948",47.35,NA,NA,NA,NA,NA,NA,NA,NA,NA,NA,NA,NA,NA,NA,NA,NA,NA,NA,NA,NA,195.646,197.305,218.173,191.233,184.609,205.843,207.308,224.95,203.028,194.97,NA,NA,NA,NA,NA,NA,NA,NA,NA,NA,NA,NA,NA,NA,NA,NA,NA,NA,NA,NA,NA,NA,NA,NA,NA,NA,NA,NA,NA,NA,NA,NA,NA,NA,NA,NA,NA,NA,NA,NA,NA,NA,NA,NA,NA,NA,NA,NA,NA,NA,NA,NA,NA,NA,NA,NA,NA,NA,NA,NA,NA,NA,NA,NA,NA,NA,NA,NA,NA,NA,NA,NA,NA,NA,NA,NA,NA,NA,NA,NA,NA,NA,NA,NA,NA,NA,NA,NA,NA,NA,NA,NA,NA,NA,NA,NA,NA,NA,NA,NA
"949",47.4,NA,NA,NA,NA,NA,NA,NA,NA,NA,NA,NA,NA,NA,NA,NA,NA,NA,NA,NA,NA,195.659,197.711,217.742,190.745,188.803,206.023,207.38,224.833,202.724,195.122,NA,NA,NA,NA,NA,NA,NA,NA,NA,NA,NA,NA,NA,NA,NA,NA,NA,NA,NA,NA,NA,NA,NA,NA,NA,NA,NA,NA,NA,NA,NA,NA,NA,NA,NA,NA,NA,NA,NA,NA,NA,NA,NA,NA,NA,NA,NA,NA,NA,NA,NA,NA,NA,NA,NA,NA,NA,NA,NA,NA,NA,NA,NA,NA,NA,NA,NA,NA,NA,NA,NA,NA,NA,NA,NA,NA,NA,NA,NA,NA,NA,NA,NA,NA,NA,NA,NA,NA,NA,NA,NA,NA,NA,NA,NA,NA,NA,NA,NA,NA
"950",47.45,NA,NA,NA,NA,NA,NA,NA,NA,NA,NA,NA,NA,NA,NA,NA,NA,NA,NA,NA,NA,195.709,198.695,219.94,190.622,186.172,205.912,207.283,225.157,202.455,195.172,NA,NA,NA,NA,NA,NA,NA,NA,NA,NA,NA,NA,NA,NA,NA,NA,NA,NA,NA,NA,NA,NA,NA,NA,NA,NA,NA,NA,NA,NA,NA,NA,NA,NA,NA,NA,NA,NA,NA,NA,NA,NA,NA,NA,NA,NA,NA,NA,NA,NA,NA,NA,NA,NA,NA,NA,NA,NA,NA,NA,NA,NA,NA,NA,NA,NA,NA,NA,NA,NA,NA,NA,NA,NA,NA,NA,NA,NA,NA,NA,NA,NA,NA,NA,NA,NA,NA,NA,NA,NA,NA,NA,NA,NA,NA,NA,NA,NA,NA,NA
"951",47.5,NA,NA,NA,NA,NA,NA,NA,NA,NA,NA,NA,NA,NA,NA,NA,NA,NA,NA,NA,NA,195.842,198.976,220.405,190.59,188.584,205.929,207.519,225.006,203.612,194.973,NA,NA,NA,NA,NA,NA,NA,NA,NA,NA,NA,NA,NA,NA,NA,NA,NA,NA,NA,NA,NA,NA,NA,NA,NA,NA,NA,NA,NA,NA,NA,NA,NA,NA,NA,NA,NA,NA,NA,NA,NA,NA,NA,NA,NA,NA,NA,NA,NA,NA,NA,NA,NA,NA,NA,NA,NA,NA,NA,NA,NA,NA,NA,NA,NA,NA,NA,NA,NA,NA,NA,NA,NA,NA,NA,NA,NA,NA,NA,NA,NA,NA,NA,NA,NA,NA,NA,NA,NA,NA,NA,NA,NA,NA,NA,NA,NA,NA,NA,NA
"952",47.55,NA,NA,NA,NA,NA,NA,NA,NA,NA,NA,NA,NA,NA,NA,NA,NA,NA,NA,NA,NA,195.649,199.123,219.181,190.403,185.801,205.869,207.338,225.88,202.64,195.15,NA,NA,NA,NA,NA,NA,NA,NA,NA,NA,NA,NA,NA,NA,NA,NA,NA,NA,NA,NA,NA,NA,NA,NA,NA,NA,NA,NA,NA,NA,NA,NA,NA,NA,NA,NA,NA,NA,NA,NA,NA,NA,NA,NA,NA,NA,NA,NA,NA,NA,NA,NA,NA,NA,NA,NA,NA,NA,NA,NA,NA,NA,NA,NA,NA,NA,NA,NA,NA,NA,NA,NA,NA,NA,NA,NA,NA,NA,NA,NA,NA,NA,NA,NA,NA,NA,NA,NA,NA,NA,NA,NA,NA,NA,NA,NA,NA,NA,NA,NA
"953",47.6,NA,NA,NA,NA,NA,NA,NA,NA,NA,NA,NA,NA,NA,NA,NA,NA,NA,NA,NA,NA,195.863,200.133,217.402,190.025,186.1,205.811,207.574,225.295,202.595,195.234,NA,NA,NA,NA,NA,NA,NA,NA,NA,NA,NA,NA,NA,NA,NA,NA,NA,NA,NA,NA,NA,NA,NA,NA,NA,NA,NA,NA,NA,NA,NA,NA,NA,NA,NA,NA,NA,NA,NA,NA,NA,NA,NA,NA,NA,NA,NA,NA,NA,NA,NA,NA,NA,NA,NA,NA,NA,NA,NA,NA,NA,NA,NA,NA,NA,NA,NA,NA,NA,NA,NA,NA,NA,NA,NA,NA,NA,NA,NA,NA,NA,NA,NA,NA,NA,NA,NA,NA,NA,NA,NA,NA,NA,NA,NA,NA,NA,NA,NA,NA
"954",47.65,NA,NA,NA,NA,NA,NA,NA,NA,NA,NA,NA,NA,NA,NA,NA,NA,NA,NA,NA,NA,195.939,199.589,220.017,191.497,188.485,205.958,207.5,225.579,202.749,194.967,NA,NA,NA,NA,NA,NA,NA,NA,NA,NA,NA,NA,NA,NA,NA,NA,NA,NA,NA,NA,NA,NA,NA,NA,NA,NA,NA,NA,NA,NA,NA,NA,NA,NA,NA,NA,NA,NA,NA,NA,NA,NA,NA,NA,NA,NA,NA,NA,NA,NA,NA,NA,NA,NA,NA,NA,NA,NA,NA,NA,NA,NA,NA,NA,NA,NA,NA,NA,NA,NA,NA,NA,NA,NA,NA,NA,NA,NA,NA,NA,NA,NA,NA,NA,NA,NA,NA,NA,NA,NA,NA,NA,NA,NA,NA,NA,NA,NA,NA,NA
"955",47.7,NA,NA,NA,NA,NA,NA,NA,NA,NA,NA,NA,NA,NA,NA,NA,NA,NA,NA,NA,NA,195.756,199.489,218.447,190.949,189.027,206.026,207.294,225.024,202.481,194.987,NA,NA,NA,NA,NA,NA,NA,NA,NA,NA,NA,NA,NA,NA,NA,NA,NA,NA,NA,NA,NA,NA,NA,NA,NA,NA,NA,NA,NA,NA,NA,NA,NA,NA,NA,NA,NA,NA,NA,NA,NA,NA,NA,NA,NA,NA,NA,NA,NA,NA,NA,NA,NA,NA,NA,NA,NA,NA,NA,NA,NA,NA,NA,NA,NA,NA,NA,NA,NA,NA,NA,NA,NA,NA,NA,NA,NA,NA,NA,NA,NA,NA,NA,NA,NA,NA,NA,NA,NA,NA,NA,NA,NA,NA,NA,NA,NA,NA,NA,NA
"956",47.75,NA,NA,NA,NA,NA,NA,NA,NA,NA,NA,NA,NA,NA,NA,NA,NA,NA,NA,NA,NA,195.941,198.982,217.205,191.504,186.824,205.871,207.305,223.754,202.923,194.942,NA,NA,NA,NA,NA,NA,NA,NA,NA,NA,NA,NA,NA,NA,NA,NA,NA,NA,NA,NA,NA,NA,NA,NA,NA,NA,NA,NA,NA,NA,NA,NA,NA,NA,NA,NA,NA,NA,NA,NA,NA,NA,NA,NA,NA,NA,NA,NA,NA,NA,NA,NA,NA,NA,NA,NA,NA,NA,NA,NA,NA,NA,NA,NA,NA,NA,NA,NA,NA,NA,NA,NA,NA,NA,NA,NA,NA,NA,NA,NA,NA,NA,NA,NA,NA,NA,NA,NA,NA,NA,NA,NA,NA,NA,NA,NA,NA,NA,NA,NA
"957",47.8,NA,NA,NA,NA,NA,NA,NA,NA,NA,NA,NA,NA,NA,NA,NA,NA,NA,NA,NA,NA,195.915,198.936,218.977,191.797,188.716,205.896,207.491,224.517,203.503,195.069,NA,NA,NA,NA,NA,NA,NA,NA,NA,NA,NA,NA,NA,NA,NA,NA,NA,NA,NA,NA,NA,NA,NA,NA,NA,NA,NA,NA,NA,NA,NA,NA,NA,NA,NA,NA,NA,NA,NA,NA,NA,NA,NA,NA,NA,NA,NA,NA,NA,NA,NA,NA,NA,NA,NA,NA,NA,NA,NA,NA,NA,NA,NA,NA,NA,NA,NA,NA,NA,NA,NA,NA,NA,NA,NA,NA,NA,NA,NA,NA,NA,NA,NA,NA,NA,NA,NA,NA,NA,NA,NA,NA,NA,NA,NA,NA,NA,NA,NA,NA
"958",47.85,NA,NA,NA,NA,NA,NA,NA,NA,NA,NA,NA,NA,NA,NA,NA,NA,NA,NA,NA,NA,195.988,199.837,219.878,191.839,187.269,205.914,207.446,225.393,202.972,195.104,NA,NA,NA,NA,NA,NA,NA,NA,NA,NA,NA,NA,NA,NA,NA,NA,NA,NA,NA,NA,NA,NA,NA,NA,NA,NA,NA,NA,NA,NA,NA,NA,NA,NA,NA,NA,NA,NA,NA,NA,NA,NA,NA,NA,NA,NA,NA,NA,NA,NA,NA,NA,NA,NA,NA,NA,NA,NA,NA,NA,NA,NA,NA,NA,NA,NA,NA,NA,NA,NA,NA,NA,NA,NA,NA,NA,NA,NA,NA,NA,NA,NA,NA,NA,NA,NA,NA,NA,NA,NA,NA,NA,NA,NA,NA,NA,NA,NA,NA,NA
"959",47.9,NA,NA,NA,NA,NA,NA,NA,NA,NA,NA,NA,NA,NA,NA,NA,NA,NA,NA,NA,NA,195.952,198.086,218.504,191.781,188.238,206.044,207.323,227.032,203.411,195.091,NA,NA,NA,NA,NA,NA,NA,NA,NA,NA,NA,NA,NA,NA,NA,NA,NA,NA,NA,NA,NA,NA,NA,NA,NA,NA,NA,NA,NA,NA,NA,NA,NA,NA,NA,NA,NA,NA,NA,NA,NA,NA,NA,NA,NA,NA,NA,NA,NA,NA,NA,NA,NA,NA,NA,NA,NA,NA,NA,NA,NA,NA,NA,NA,NA,NA,NA,NA,NA,NA,NA,NA,NA,NA,NA,NA,NA,NA,NA,NA,NA,NA,NA,NA,NA,NA,NA,NA,NA,NA,NA,NA,NA,NA,NA,NA,NA,NA,NA,NA
"960",47.95,NA,NA,NA,NA,NA,NA,NA,NA,NA,NA,NA,NA,NA,NA,NA,NA,NA,NA,NA,NA,195.93,198.752,219.819,191.443,188.85,205.857,207.281,225.538,201.724,195.134,NA,NA,NA,NA,NA,NA,NA,NA,NA,NA,NA,NA,NA,NA,NA,NA,NA,NA,NA,NA,NA,NA,NA,NA,NA,NA,NA,NA,NA,NA,NA,NA,NA,NA,NA,NA,NA,NA,NA,NA,NA,NA,NA,NA,NA,NA,NA,NA,NA,NA,NA,NA,NA,NA,NA,NA,NA,NA,NA,NA,NA,NA,NA,NA,NA,NA,NA,NA,NA,NA,NA,NA,NA,NA,NA,NA,NA,NA,NA,NA,NA,NA,NA,NA,NA,NA,NA,NA,NA,NA,NA,NA,NA,NA,NA,NA,NA,NA,NA,NA
"961",48,NA,NA,NA,NA,NA,NA,NA,NA,NA,NA,NA,NA,NA,NA,NA,NA,NA,NA,NA,NA,195.865,200.107,220.187,191.211,185.169,205.805,207.344,225.05,203.57,NA,NA,NA,NA,NA,NA,NA,NA,NA,NA,NA,NA,NA,NA,NA,NA,NA,NA,NA,NA,NA,NA,NA,NA,NA,NA,NA,NA,NA,NA,NA,NA,NA,NA,NA,NA,NA,NA,NA,NA,NA,NA,NA,NA,NA,NA,NA,NA,NA,NA,NA,NA,NA,NA,NA,NA,NA,NA,NA,NA,NA,NA,NA,NA,NA,NA,NA,NA,NA,NA,NA,NA,NA,NA,NA,NA,NA,NA,NA,NA,NA,NA,NA,NA,NA,NA,NA,NA,NA,NA,NA,NA,NA,NA,NA,NA,NA,NA,NA,NA,NA
"962",48.05,NA,NA,NA,NA,NA,NA,NA,NA,NA,NA,NA,NA,NA,NA,NA,NA,NA,NA,NA,NA,195.977,200.059,217.83,190.739,188.404,205.853,207.453,224.281,NA,NA,NA,NA,NA,NA,NA,NA,NA,NA,NA,NA,NA,NA,NA,NA,NA,NA,NA,NA,NA,NA,NA,NA,NA,NA,NA,NA,NA,NA,NA,NA,NA,NA,NA,NA,NA,NA,NA,NA,NA,NA,NA,NA,NA,NA,NA,NA,NA,NA,NA,NA,NA,NA,NA,NA,NA,NA,NA,NA,NA,NA,NA,NA,NA,NA,NA,NA,NA,NA,NA,NA,NA,NA,NA,NA,NA,NA,NA,NA,NA,NA,NA,NA,NA,NA,NA,NA,NA,NA,NA,NA,NA,NA,NA,NA,NA,NA,NA,NA,NA,NA
"963",48.1,NA,NA,NA,NA,NA,NA,NA,NA,NA,NA,NA,NA,NA,NA,NA,NA,NA,NA,NA,NA,195.927,200.519,216.864,191.535,187.556,205.847,207.405,225.496,NA,NA,NA,NA,NA,NA,NA,NA,NA,NA,NA,NA,NA,NA,NA,NA,NA,NA,NA,NA,NA,NA,NA,NA,NA,NA,NA,NA,NA,NA,NA,NA,NA,NA,NA,NA,NA,NA,NA,NA,NA,NA,NA,NA,NA,NA,NA,NA,NA,NA,NA,NA,NA,NA,NA,NA,NA,NA,NA,NA,NA,NA,NA,NA,NA,NA,NA,NA,NA,NA,NA,NA,NA,NA,NA,NA,NA,NA,NA,NA,NA,NA,NA,NA,NA,NA,NA,NA,NA,NA,NA,NA,NA,NA,NA,NA,NA,NA,NA,NA,NA,NA
"964",48.15,NA,NA,NA,NA,NA,NA,NA,NA,NA,NA,NA,NA,NA,NA,NA,NA,NA,NA,NA,NA,196.201,198.829,218.36,191.68,186.3,205.944,207.467,NA,NA,NA,NA,NA,NA,NA,NA,NA,NA,NA,NA,NA,NA,NA,NA,NA,NA,NA,NA,NA,NA,NA,NA,NA,NA,NA,NA,NA,NA,NA,NA,NA,NA,NA,NA,NA,NA,NA,NA,NA,NA,NA,NA,NA,NA,NA,NA,NA,NA,NA,NA,NA,NA,NA,NA,NA,NA,NA,NA,NA,NA,NA,NA,NA,NA,NA,NA,NA,NA,NA,NA,NA,NA,NA,NA,NA,NA,NA,NA,NA,NA,NA,NA,NA,NA,NA,NA,NA,NA,NA,NA,NA,NA,NA,NA,NA,NA,NA,NA,NA,NA,NA
"965",48.2,NA,NA,NA,NA,NA,NA,NA,NA,NA,NA,NA,NA,NA,NA,NA,NA,NA,NA,NA,NA,195.947,200.099,216.621,191.19,188.764,205.906,NA,NA,NA,NA,NA,NA,NA,NA,NA,NA,NA,NA,NA,NA,NA,NA,NA,NA,NA,NA,NA,NA,NA,NA,NA,NA,NA,NA,NA,NA,NA,NA,NA,NA,NA,NA,NA,NA,NA,NA,NA,NA,NA,NA,NA,NA,NA,NA,NA,NA,NA,NA,NA,NA,NA,NA,NA,NA,NA,NA,NA,NA,NA,NA,NA,NA,NA,NA,NA,NA,NA,NA,NA,NA,NA,NA,NA,NA,NA,NA,NA,NA,NA,NA,NA,NA,NA,NA,NA,NA,NA,NA,NA,NA,NA,NA,NA,NA,NA,NA,NA,NA,NA,NA
"966",48.25,NA,NA,NA,NA,NA,NA,NA,NA,NA,NA,NA,NA,NA,NA,NA,NA,NA,NA,NA,NA,196.059,198.515,218.855,190.348,187.094,205.851,NA,NA,NA,NA,NA,NA,NA,NA,NA,NA,NA,NA,NA,NA,NA,NA,NA,NA,NA,NA,NA,NA,NA,NA,NA,NA,NA,NA,NA,NA,NA,NA,NA,NA,NA,NA,NA,NA,NA,NA,NA,NA,NA,NA,NA,NA,NA,NA,NA,NA,NA,NA,NA,NA,NA,NA,NA,NA,NA,NA,NA,NA,NA,NA,NA,NA,NA,NA,NA,NA,NA,NA,NA,NA,NA,NA,NA,NA,NA,NA,NA,NA,NA,NA,NA,NA,NA,NA,NA,NA,NA,NA,NA,NA,NA,NA,NA,NA,NA,NA,NA,NA,NA,NA
"967",48.3,NA,NA,NA,NA,NA,NA,NA,NA,NA,NA,NA,NA,NA,NA,NA,NA,NA,NA,NA,NA,196.139,199.628,219.433,191.528,188.026,NA,NA,NA,NA,NA,NA,NA,NA,NA,NA,NA,NA,NA,NA,NA,NA,NA,NA,NA,NA,NA,NA,NA,NA,NA,NA,NA,NA,NA,NA,NA,NA,NA,NA,NA,NA,NA,NA,NA,NA,NA,NA,NA,NA,NA,NA,NA,NA,NA,NA,NA,NA,NA,NA,NA,NA,NA,NA,NA,NA,NA,NA,NA,NA,NA,NA,NA,NA,NA,NA,NA,NA,NA,NA,NA,NA,NA,NA,NA,NA,NA,NA,NA,NA,NA,NA,NA,NA,NA,NA,NA,NA,NA,NA,NA,NA,NA,NA,NA,NA,NA,NA,NA,NA,NA
"968",48.35,NA,NA,NA,NA,NA,NA,NA,NA,NA,NA,NA,NA,NA,NA,NA,NA,NA,NA,NA,NA,196.157,198.942,217.368,190.807,NA,NA,NA,NA,NA,NA,NA,NA,NA,NA,NA,NA,NA,NA,NA,NA,NA,NA,NA,NA,NA,NA,NA,NA,NA,NA,NA,NA,NA,NA,NA,NA,NA,NA,NA,NA,NA,NA,NA,NA,NA,NA,NA,NA,NA,NA,NA,NA,NA,NA,NA,NA,NA,NA,NA,NA,NA,NA,NA,NA,NA,NA,NA,NA,NA,NA,NA,NA,NA,NA,NA,NA,NA,NA,NA,NA,NA,NA,NA,NA,NA,NA,NA,NA,NA,NA,NA,NA,NA,NA,NA,NA,NA,NA,NA,NA,NA,NA,NA,NA,NA,NA,NA,NA,NA,NA
"969",48.4,NA,NA,NA,NA,NA,NA,NA,NA,NA,NA,NA,NA,NA,NA,NA,NA,NA,NA,NA,NA,196.141,200.096,218.084,NA,NA,NA,NA,NA,NA,NA,NA,NA,NA,NA,NA,NA,NA,NA,NA,NA,NA,NA,NA,NA,NA,NA,NA,NA,NA,NA,NA,NA,NA,NA,NA,NA,NA,NA,NA,NA,NA,NA,NA,NA,NA,NA,NA,NA,NA,NA,NA,NA,NA,NA,NA,NA,NA,NA,NA,NA,NA,NA,NA,NA,NA,NA,NA,NA,NA,NA,NA,NA,NA,NA,NA,NA,NA,NA,NA,NA,NA,NA,NA,NA,NA,NA,NA,NA,NA,NA,NA,NA,NA,NA,NA,NA,NA,NA,NA,NA,NA,NA,NA,NA,NA,NA,NA,NA,NA,NA
"970",48.45,NA,NA,NA,NA,NA,NA,NA,NA,NA,NA,NA,NA,NA,NA,NA,NA,NA,NA,NA,NA,196.283,199.989,218.257,NA,NA,NA,NA,NA,NA,NA,NA,NA,NA,NA,NA,NA,NA,NA,NA,NA,NA,NA,NA,NA,NA,NA,NA,NA,NA,NA,NA,NA,NA,NA,NA,NA,NA,NA,NA,NA,NA,NA,NA,NA,NA,NA,NA,NA,NA,NA,NA,NA,NA,NA,NA,NA,NA,NA,NA,NA,NA,NA,NA,NA,NA,NA,NA,NA,NA,NA,NA,NA,NA,NA,NA,NA,NA,NA,NA,NA,NA,NA,NA,NA,NA,NA,NA,NA,NA,NA,NA,NA,NA,NA,NA,NA,NA,NA,NA,NA,NA,NA,NA,NA,NA,NA,NA,NA,NA,NA
"971",48.5,NA,NA,NA,NA,NA,NA,NA,NA,NA,NA,NA,NA,NA,NA,NA,NA,NA,NA,NA,NA,196.313,200.331,NA,NA,NA,NA,NA,NA,NA,NA,NA,NA,NA,NA,NA,NA,NA,NA,NA,NA,NA,NA,NA,NA,NA,NA,NA,NA,NA,NA,NA,NA,NA,NA,NA,NA,NA,NA,NA,NA,NA,NA,NA,NA,NA,NA,NA,NA,NA,NA,NA,NA,NA,NA,NA,NA,NA,NA,NA,NA,NA,NA,NA,NA,NA,NA,NA,NA,NA,NA,NA,NA,NA,NA,NA,NA,NA,NA,NA,NA,NA,NA,NA,NA,NA,NA,NA,NA,NA,NA,NA,NA,NA,NA,NA,NA,NA,NA,NA,NA,NA,NA,NA,NA,NA,NA,NA,NA,NA,NA
"972",48.55,NA,NA,NA,NA,NA,NA,NA,NA,NA,NA,NA,NA,NA,NA,NA,NA,NA,NA,NA,NA,196.274,NA,NA,NA,NA,NA,NA,NA,NA,NA,NA,NA,NA,NA,NA,NA,NA,NA,NA,NA,NA,NA,NA,NA,NA,NA,NA,NA,NA,NA,NA,NA,NA,NA,NA,NA,NA,NA,NA,NA,NA,NA,NA,NA,NA,NA,NA,NA,NA,NA,NA,NA,NA,NA,NA,NA,NA,NA,NA,NA,NA,NA,NA,NA,NA,NA,NA,NA,NA,NA,NA,NA,NA,NA,NA,NA,NA,NA,NA,NA,NA,NA,NA,NA,NA,NA,NA,NA,NA,NA,NA,NA,NA,NA,NA,NA,NA,NA,NA,NA,NA,NA,NA,NA,NA,NA,NA,NA,NA,NA
"973",48.6,NA,NA,NA,NA,NA,NA,NA,NA,NA,NA,NA,NA,NA,NA,NA,NA,NA,NA,NA,NA,196.373,NA,NA,NA,NA,NA,NA,NA,NA,NA,NA,NA,NA,NA,NA,NA,NA,NA,NA,NA,NA,NA,NA,NA,NA,NA,NA,NA,NA,NA,NA,NA,NA,NA,NA,NA,NA,NA,NA,NA,NA,NA,NA,NA,NA,NA,NA,NA,NA,NA,NA,NA,NA,NA,NA,NA,NA,NA,NA,NA,NA,NA,NA,NA,NA,NA,NA,NA,NA,NA,NA,NA,NA,NA,NA,NA,NA,NA,NA,NA,NA,NA,NA,NA,NA,NA,NA,NA,NA,NA,NA,NA,NA,NA,NA,NA,NA,NA,NA,NA,NA,NA,NA,NA,NA,NA,NA,NA,NA,NA
"974",48.65,NA,NA,NA,NA,NA,NA,NA,NA,NA,NA,NA,NA,NA,NA,NA,NA,NA,NA,NA,NA,196.208,NA,NA,NA,NA,NA,NA,NA,NA,NA,NA,NA,NA,NA,NA,NA,NA,NA,NA,NA,NA,NA,NA,NA,NA,NA,NA,NA,NA,NA,NA,NA,NA,NA,NA,NA,NA,NA,NA,NA,NA,NA,NA,NA,NA,NA,NA,NA,NA,NA,NA,NA,NA,NA,NA,NA,NA,NA,NA,NA,NA,NA,NA,NA,NA,NA,NA,NA,NA,NA,NA,NA,NA,NA,NA,NA,NA,NA,NA,NA,NA,NA,NA,NA,NA,NA,NA,NA,NA,NA,NA,NA,NA,NA,NA,NA,NA,NA,NA,NA,NA,NA,NA,NA,NA,NA,NA,NA,NA,NA
